timestamp,provider,region,latency_ms,throughput_mbps,error_rate
2026-04-01 00:00:00,GCP,sa-east-1,103.37030722657032,860.43,0
2026-04-01 00:01:00,AWS,ap-northeast-1,23.11,358.7,0
2026-04-01 00:02:00,GCP,us-east-1,14.31,533.34,0
2026-04-01 00:03:00,GCP,sa-east-1,110.86372539171956,980.33,0
2026-04-01 00:04:00,AWS,us-east-1,12.93,970.59,0
2026-04-01 00:05:00,AWS,us-east-1,12.81,105.66,0
2026-04-01 00:06:00,GCP,us-east-1,14.43,579.01,0
2026-04-01 00:07:00,Azure,ap-northeast-1,14.72,403.23,0
2026-04-01 00:08:00,GCP,eu-west-1,14.62,362.1,0
2026-04-01 00:09:00,GCP,eu-west-1,6.58,636.63,0
2026-04-01 00:10:00,GCP,ap-northeast-1,18.65,501.67,0
2026-04-01 00:11:00,GCP,ap-northeast-1,42.64,759.56,0
2026-04-01 00:12:00,AWS,sa-east-1,83.95338864325107,124.42,0
2026-04-01 00:13:00,GCP,us-east-1,11.93,934.2,0
2026-04-01 00:14:00,Azure,ap-northeast-1,6.13,610.83,0
2026-04-01 00:15:00,AWS,sa-east-1,89.56153963768224,715.66,0
2026-04-01 00:16:00,Azure,eu-west-1,17.73,644.13,0
2026-04-01 00:17:00,Azure,eu-west-1,5.74,990.22,0
2026-04-01 00:18:00,Azure,eu-west-1,6.32,987.67,0
2026-04-01 00:19:00,Azure,eu-west-1,4.3,648.9,0
2026-04-01 00:20:00,AWS,sa-east-1,104.26099855792526,715.57,0
2026-04-01 00:21:00,AWS,us-east-1,8.01,656.71,0
2026-04-01 00:22:00,Azure,sa-east-1,98.01817045222832,379.61,0
2026-04-01 00:23:00,Azure,us-east-1,10.14,273.35,0
2026-04-01 00:24:00,AWS,eu-west-1,19.97,462.49,0
2026-04-01 00:25:00,AWS,ap-northeast-1,16.95,714.48,0
2026-04-01 00:26:00,AWS,ap-northeast-1,16.5,150.38,0
2026-04-01 00:27:00,GCP,ap-northeast-1,8.12,562.87,0
2026-04-01 00:28:00,GCP,us-east-1,17.13,467.56,0
2026-04-01 00:29:00,GCP,eu-west-1,19.38,574.74,0
2026-04-01 00:30:00,Azure,sa-east-1,110.67851715209147,874.2,0
2026-04-01 00:31:00,GCP,ap-northeast-1,6.39,142.85,0
2026-04-01 00:32:00,Azure,us-east-1,6.92,787.26,0
2026-04-01 00:33:00,Azure,ap-northeast-1,29.04,700.22,0
2026-04-01 00:34:00,GCP,sa-east-1,111.81599537640672,283.46,0
2026-04-01 00:35:00,Azure,eu-west-1,11.76,760.77,0
2026-04-01 00:36:00,GCP,sa-east-1,68.04986177365217,546.73,0
2026-04-01 00:37:00,GCP,eu-west-1,13.18,532.92,0
2026-04-01 00:38:00,AWS,eu-west-1,16.27,534.76,0
2026-04-01 00:39:00,GCP,eu-west-1,5.92,954.31,0
2026-04-01 00:40:00,AWS,ap-northeast-1,13.67,949.93,0
2026-04-01 00:41:00,GCP,sa-east-1,95.88277075358579,922.25,0
2026-04-01 00:42:00,GCP,ap-northeast-1,12.06,898.07,0
2026-04-01 00:43:00,AWS,sa-east-1,76.44394406205727,133.83,0
2026-04-01 00:44:00,AWS,us-east-1,8.81,460.54,0
2026-04-01 00:45:00,GCP,us-east-1,13.34,905.39,0
2026-04-01 00:46:00,Azure,sa-east-1,90.44389310898256,779.61,0
2026-04-01 00:47:00,AWS,sa-east-1,66.95945228927569,510.99,0
2026-04-01 00:48:00,Azure,sa-east-1,83.37046290916857,795.93,0
2026-04-01 00:49:00,Azure,sa-east-1,59.713706394104975,287.37,0
2026-04-01 00:50:00,Azure,eu-west-1,3.84,639.82,0
2026-04-01 00:51:00,AWS,ap-northeast-1,16.19,579.7,0
2026-04-01 00:52:00,Azure,eu-west-1,10.54,616.19,0
2026-04-01 00:53:00,AWS,ap-northeast-1,12.01,749.62,0
2026-04-01 00:54:00,Azure,ap-northeast-1,13.19,954.82,0
2026-04-01 00:55:00,GCP,ap-northeast-1,23.0,337.61,0
2026-04-01 00:56:00,GCP,eu-west-1,30.94,782.25,0
2026-04-01 00:57:00,AWS,sa-east-1,79.55278176323479,680.63,0
2026-04-01 00:58:00,GCP,eu-west-1,6.77,725.63,0
2026-04-01 00:59:00,GCP,eu-west-1,13.1,486.03,0
2026-04-01 01:00:00,Azure,ap-northeast-1,16.36,950.12,0
2026-04-01 01:01:00,AWS,us-east-1,20.12,531.69,0
2026-04-01 01:02:00,Azure,us-east-1,13.05,209.43,0
2026-04-01 01:03:00,Azure,eu-west-1,9.2,712.62,0
2026-04-01 01:04:00,Azure,ap-northeast-1,7.74,215.98,0
2026-04-01 01:05:00,Azure,eu-west-1,11.49,390.41,0
2026-04-01 01:06:00,Azure,eu-west-1,5.75,305.21,0
2026-04-01 01:07:00,Azure,sa-east-1,94.69719197988107,585.04,0
2026-04-01 01:08:00,Azure,ap-northeast-1,13.31,412.75,0
2026-04-01 01:09:00,AWS,us-east-1,13.28,243.87,0
2026-04-01 01:10:00,GCP,us-east-1,17.44,811.73,0
2026-04-01 01:11:00,Azure,us-east-1,25.17,521.64,0
2026-04-01 01:12:00,Azure,eu-west-1,11.76,509.0,0
2026-04-01 01:13:00,Azure,ap-northeast-1,12.66,897.73,0
2026-04-01 01:14:00,Azure,sa-east-1,76.0687698058369,584.94,0
2026-04-01 01:15:00,Azure,us-east-1,16.05,738.91,0
2026-04-01 01:16:00,Azure,ap-northeast-1,12.14,395.26,0
2026-04-01 01:17:00,GCP,us-east-1,21.7,605.16,0
2026-04-01 01:18:00,GCP,sa-east-1,83.52397386414094,753.77,0
2026-04-01 01:19:00,Azure,ap-northeast-1,14.27,366.82,0
2026-04-01 01:20:00,GCP,eu-west-1,11.71,719.68,0
2026-04-01 01:21:00,AWS,eu-west-1,10.63,611.89,0
2026-04-01 01:22:00,Azure,us-east-1,15.49,490.77,0
2026-04-01 01:23:00,AWS,us-east-1,15.51,741.67,0
2026-04-01 01:24:00,AWS,ap-northeast-1,10.62,385.21,0
2026-04-01 01:25:00,Azure,sa-east-1,113.81328155469475,743.05,0
2026-04-01 01:26:00,GCP,us-east-1,8.27,596.0,0
2026-04-01 01:27:00,AWS,ap-northeast-1,15.26,321.04,0
2026-04-01 01:28:00,Azure,sa-east-1,108.57208535480956,701.45,0
2026-04-01 01:29:00,AWS,us-east-1,17.92,896.29,0
2026-04-01 01:30:00,AWS,us-east-1,10.4,379.01,0
2026-04-01 01:31:00,AWS,ap-northeast-1,28.13,831.1,0
2026-04-01 01:32:00,AWS,us-east-1,12.42,402.52,0
2026-04-01 01:33:00,GCP,eu-west-1,13.72,839.01,0
2026-04-01 01:34:00,AWS,sa-east-1,86.29738654047175,146.04,0
2026-04-01 01:35:00,AWS,sa-east-1,90.78955773484824,106.49,0
2026-04-01 01:36:00,AWS,eu-west-1,11.95,201.94,0
2026-04-01 01:37:00,GCP,ap-northeast-1,29.07,886.55,0
2026-04-01 01:38:00,AWS,eu-west-1,12.48,580.35,0
2026-04-01 01:39:00,AWS,eu-west-1,10.95,634.69,0
2026-04-01 01:40:00,GCP,sa-east-1,102.51144311927663,857.98,0
2026-04-01 01:41:00,GCP,ap-northeast-1,16.8,145.58,0
2026-04-01 01:42:00,GCP,us-east-1,15.81,448.4,0
2026-04-01 01:43:00,AWS,eu-west-1,6.25,678.78,0
2026-04-01 01:44:00,GCP,eu-west-1,9.17,464.21,0
2026-04-01 01:45:00,GCP,ap-northeast-1,17.48,128.92,0
2026-04-01 01:46:00,AWS,eu-west-1,8.83,685.85,0
2026-04-01 01:47:00,GCP,ap-northeast-1,8.1,452.26,0
2026-04-01 01:48:00,AWS,us-east-1,13.44,117.29,0
2026-04-01 01:49:00,Azure,ap-northeast-1,12.73,253.47,0
2026-04-01 01:50:00,GCP,us-east-1,9.66,295.82,0
2026-04-01 01:51:00,Azure,ap-northeast-1,29.48,559.55,0
2026-04-01 01:52:00,AWS,eu-west-1,11.31,267.74,0
2026-04-01 01:53:00,GCP,us-east-1,6.47,425.19,0
2026-04-01 01:54:00,AWS,eu-west-1,5.42,775.6,0
2026-04-01 01:55:00,Azure,us-east-1,20.31,826.95,0
2026-04-01 01:56:00,AWS,ap-northeast-1,7.04,815.87,0
2026-04-01 01:57:00,GCP,ap-northeast-1,12.37,725.57,0
2026-04-01 01:58:00,GCP,ap-northeast-1,7.87,587.63,0
2026-04-01 01:59:00,Azure,sa-east-1,98.41950176944609,595.57,0
2026-04-01 02:00:00,AWS,sa-east-1,95.29691379692227,958.05,0
2026-04-01 02:01:00,GCP,us-east-1,6.15,890.08,0
2026-04-01 02:02:00,Azure,sa-east-1,105.11272026424676,684.81,0
2026-04-01 02:03:00,GCP,ap-northeast-1,8.7,521.65,0
2026-04-01 02:04:00,GCP,sa-east-1,79.78561871490527,756.16,0
2026-04-01 02:05:00,AWS,sa-east-1,72.87281580238141,156.44,0
2026-04-01 02:06:00,GCP,eu-west-1,8.92,950.15,0
2026-04-01 02:07:00,AWS,us-east-1,18.85,592.82,0
2026-04-01 02:08:00,GCP,us-east-1,8.52,552.51,0
2026-04-01 02:09:00,Azure,us-east-1,15.26,361.75,0
2026-04-01 02:10:00,GCP,sa-east-1,113.35224945049173,103.05,0
2026-04-01 02:11:00,AWS,ap-northeast-1,5.75,155.12,0
2026-04-01 02:12:00,AWS,eu-west-1,9.46,336.71,0
2026-04-01 02:13:00,Azure,us-east-1,11.53,587.39,0
2026-04-01 02:14:00,GCP,sa-east-1,106.9222184965103,175.22,0
2026-04-01 02:15:00,GCP,ap-northeast-1,10.82,974.85,0
2026-04-01 02:16:00,Azure,eu-west-1,20.51,469.86,0
2026-04-01 02:17:00,GCP,eu-west-1,12.84,384.69,0
2026-04-01 02:18:00,GCP,us-east-1,15.22,572.68,0
2026-04-01 02:19:00,AWS,us-east-1,9.06,158.49,0
2026-04-01 02:20:00,GCP,ap-northeast-1,15.33,865.41,0
2026-04-01 02:21:00,GCP,sa-east-1,127.68325801788376,514.25,0
2026-04-01 02:22:00,Azure,ap-northeast-1,15.85,260.5,0
2026-04-01 02:23:00,Azure,us-east-1,21.15,245.56,0
2026-04-01 02:24:00,AWS,ap-northeast-1,10.53,424.86,0
2026-04-01 02:25:00,GCP,sa-east-1,115.25031179208383,616.03,0
2026-04-01 02:26:00,GCP,eu-west-1,20.2,475.22,0
2026-04-01 02:27:00,GCP,eu-west-1,13.77,637.12,0
2026-04-01 02:28:00,AWS,eu-west-1,11.74,734.93,0
2026-04-01 02:29:00,AWS,eu-west-1,5.77,773.64,0
2026-04-01 02:30:00,Azure,us-east-1,11.99,460.86,0
2026-04-01 02:31:00,AWS,us-east-1,16.16,745.3,0
2026-04-01 02:32:00,GCP,sa-east-1,77.4406465030633,227.35,0
2026-04-01 02:33:00,GCP,sa-east-1,99.50039884657967,561.79,0
2026-04-01 02:34:00,AWS,sa-east-1,107.28397090640328,165.26,0
2026-04-01 02:35:00,GCP,sa-east-1,91.04931474105909,319.7,0
2026-04-01 02:36:00,GCP,ap-northeast-1,6.21,624.87,0
2026-04-01 02:37:00,AWS,sa-east-1,93.6928857844133,766.38,0
2026-04-01 02:38:00,AWS,eu-west-1,14.08,185.78,0
2026-04-01 02:39:00,GCP,eu-west-1,23.59,286.36,0
2026-04-01 02:40:00,GCP,eu-west-1,9.6,992.71,0
2026-04-01 02:41:00,GCP,ap-northeast-1,34.58,403.89,0
2026-04-01 02:42:00,Azure,sa-east-1,91.39481420646588,355.64,0
2026-04-01 02:43:00,Azure,eu-west-1,6.68,176.73,0
2026-04-01 02:44:00,Azure,eu-west-1,10.33,725.36,0
2026-04-01 02:45:00,AWS,eu-west-1,6.98,557.43,0
2026-04-01 02:46:00,Azure,eu-west-1,11.21,241.8,0
2026-04-01 02:47:00,AWS,us-east-1,15.4,669.61,0
2026-04-01 02:48:00,AWS,sa-east-1,64.73137288653324,573.18,0
2026-04-01 02:49:00,Azure,sa-east-1,83.69664275411343,608.45,0
2026-04-01 02:50:00,Azure,ap-northeast-1,6.51,995.37,0
2026-04-01 02:51:00,Azure,us-east-1,15.02,125.75,0
2026-04-01 02:52:00,GCP,ap-northeast-1,16.81,923.47,0
2026-04-01 02:53:00,Azure,eu-west-1,9.54,857.7,0
2026-04-01 02:54:00,GCP,ap-northeast-1,3.43,473.81,0
2026-04-01 02:55:00,AWS,eu-west-1,6.83,892.85,0
2026-04-01 02:56:00,GCP,eu-west-1,19.95,683.71,0
2026-04-01 02:57:00,Azure,sa-east-1,60.311836578177875,900.42,0
2026-04-01 02:58:00,AWS,sa-east-1,82.7936912399713,635.26,1
2026-04-01 02:59:00,AWS,sa-east-1,68.3543035720939,294.53,0
2026-04-01 03:00:00,AWS,sa-east-1,83.21787922045753,618.6,0
2026-04-01 03:01:00,GCP,sa-east-1,89.7374472725264,261.16,0
2026-04-01 03:02:00,Azure,us-east-1,10.11,226.75,0
2026-04-01 03:03:00,AWS,sa-east-1,96.61625657239517,688.66,0
2026-04-01 03:04:00,AWS,ap-northeast-1,22.0,952.73,0
2026-04-01 03:05:00,AWS,eu-west-1,12.48,629.65,0
2026-04-01 03:06:00,GCP,sa-east-1,81.0650551372493,816.21,0
2026-04-01 03:07:00,GCP,us-east-1,15.42,251.53,0
2026-04-01 03:08:00,Azure,ap-northeast-1,10.52,688.79,0
2026-04-01 03:09:00,GCP,ap-northeast-1,6.87,759.68,0
2026-04-01 03:10:00,AWS,eu-west-1,12.78,137.45,0
2026-04-01 03:11:00,Azure,ap-northeast-1,11.26,187.45,0
2026-04-01 03:12:00,AWS,ap-northeast-1,5.24,803.42,0
2026-04-01 03:13:00,AWS,ap-northeast-1,7.17,495.96,0
2026-04-01 03:14:00,GCP,ap-northeast-1,30.96,465.02,0
2026-04-01 03:15:00,Azure,us-east-1,12.69,928.33,0
2026-04-01 03:16:00,GCP,eu-west-1,23.89,992.77,0
2026-04-01 03:17:00,GCP,sa-east-1,89.82474437587591,787.95,0
2026-04-01 03:18:00,Azure,ap-northeast-1,22.61,813.33,0
2026-04-01 03:19:00,AWS,us-east-1,16.08,287.49,0
2026-04-01 03:20:00,AWS,eu-west-1,7.59,273.0,0
2026-04-01 03:21:00,Azure,sa-east-1,111.68429687647165,982.61,0
2026-04-01 03:22:00,AWS,eu-west-1,7.57,725.58,0
2026-04-01 03:23:00,Azure,us-east-1,19.39,718.04,0
2026-04-01 03:24:00,Azure,us-east-1,13.58,357.57,0
2026-04-01 03:25:00,GCP,us-east-1,12.3,897.83,0
2026-04-01 03:26:00,Azure,ap-northeast-1,9.78,140.0,0
2026-04-01 03:27:00,GCP,us-east-1,18.16,347.13,0
2026-04-01 03:28:00,AWS,sa-east-1,85.37492895531562,262.13,0
2026-04-01 03:29:00,AWS,ap-northeast-1,4.69,739.99,0
2026-04-01 03:30:00,AWS,eu-west-1,5.17,743.81,0
2026-04-01 03:31:00,AWS,sa-east-1,64.2785821142915,581.26,0
2026-04-01 03:32:00,GCP,ap-northeast-1,18.03,104.73,0
2026-04-01 03:33:00,AWS,us-east-1,18.73,886.38,0
2026-04-01 03:34:00,Azure,eu-west-1,14.33,960.03,0
2026-04-01 03:35:00,Azure,us-east-1,14.26,282.08,0
2026-04-01 03:36:00,Azure,sa-east-1,80.7388714774321,858.01,0
2026-04-01 03:37:00,GCP,sa-east-1,79.7511062433212,975.96,0
2026-04-01 03:38:00,AWS,ap-northeast-1,16.76,394.28,0
2026-04-01 03:39:00,AWS,sa-east-1,75.38885028446417,266.55,0
2026-04-01 03:40:00,AWS,eu-west-1,9.67,979.79,0
2026-04-01 03:41:00,GCP,ap-northeast-1,10.59,153.77,0
2026-04-01 03:42:00,Azure,eu-west-1,33.97,348.36,0
2026-04-01 03:43:00,Azure,us-east-1,7.08,767.83,0
2026-04-01 03:44:00,AWS,eu-west-1,14.26,655.62,0
2026-04-01 03:45:00,Azure,eu-west-1,5.71,716.06,0
2026-04-01 03:46:00,Azure,sa-east-1,99.90476395118907,737.28,0
2026-04-01 03:47:00,GCP,us-east-1,17.94,717.53,0
2026-04-01 03:48:00,GCP,sa-east-1,92.87419011391214,408.02,0
2026-04-01 03:49:00,GCP,us-east-1,19.15,380.35,0
2026-04-01 03:50:00,GCP,us-east-1,33.91,485.62,0
2026-04-01 03:51:00,AWS,eu-west-1,14.62,826.92,0
2026-04-01 03:52:00,GCP,sa-east-1,75.83118978947456,944.44,0
2026-04-01 03:53:00,Azure,eu-west-1,13.79,509.72,0
2026-04-01 03:54:00,AWS,eu-west-1,17.38,177.19,0
2026-04-01 03:55:00,Azure,eu-west-1,15.29,944.47,0
2026-04-01 03:56:00,Azure,us-east-1,9.44,172.39,0
2026-04-01 03:57:00,Azure,sa-east-1,69.07997188896815,243.2,0
2026-04-01 03:58:00,GCP,sa-east-1,94.4312741353565,880.91,0
2026-04-01 03:59:00,GCP,eu-west-1,11.93,596.33,0
2026-04-01 04:00:00,AWS,us-east-1,11.35,417.42,0
2026-04-01 04:01:00,AWS,sa-east-1,65.58991567404726,937.82,0
2026-04-01 04:02:00,GCP,ap-northeast-1,14.2,964.46,0
2026-04-01 04:03:00,Azure,sa-east-1,65.04088859636187,397.69,0
2026-04-01 04:04:00,AWS,eu-west-1,11.12,881.58,0
2026-04-01 04:05:00,GCP,ap-northeast-1,14.23,710.68,0
2026-04-01 04:06:00,GCP,us-east-1,6.43,347.04,0
2026-04-01 04:07:00,GCP,ap-northeast-1,13.53,947.29,0
2026-04-01 04:08:00,Azure,ap-northeast-1,7.78,156.76,0
2026-04-01 04:09:00,GCP,eu-west-1,14.24,386.15,0
2026-04-01 04:10:00,GCP,sa-east-1,131.27226313278302,456.64,0
2026-04-01 04:11:00,GCP,us-east-1,11.47,721.59,0
2026-04-01 04:12:00,GCP,ap-northeast-1,7.1,134.59,0
2026-04-01 04:13:00,AWS,eu-west-1,13.72,900.8,0
2026-04-01 04:14:00,AWS,sa-east-1,92.49982803439785,693.19,0
2026-04-01 04:15:00,GCP,ap-northeast-1,7.63,347.52,0
2026-04-01 04:16:00,Azure,eu-west-1,5.16,692.51,0
2026-04-01 04:17:00,AWS,eu-west-1,7.64,583.23,0
2026-04-01 04:18:00,GCP,eu-west-1,11.89,402.65,0
2026-04-01 04:19:00,AWS,us-east-1,9.7,125.74,0
2026-04-01 04:20:00,AWS,sa-east-1,110.7122794348582,595.99,0
2026-04-01 04:21:00,Azure,ap-northeast-1,15.78,173.96,0
2026-04-01 04:22:00,GCP,sa-east-1,79.34743566641956,829.16,0
2026-04-01 04:23:00,GCP,sa-east-1,73.82948634082263,179.67,0
2026-04-01 04:24:00,Azure,ap-northeast-1,16.7,485.87,0
2026-04-01 04:25:00,Azure,sa-east-1,125.68762226545161,491.1,0
2026-04-01 04:26:00,GCP,us-east-1,18.75,600.58,0
2026-04-01 04:27:00,GCP,ap-northeast-1,8.77,135.56,0
2026-04-01 04:28:00,Azure,ap-northeast-1,11.38,283.45,0
2026-04-01 04:29:00,AWS,eu-west-1,15.33,279.55,0
2026-04-01 04:30:00,AWS,sa-east-1,107.22904331722216,639.07,0
2026-04-01 04:31:00,Azure,ap-northeast-1,8.56,337.27,0
2026-04-01 04:32:00,AWS,ap-northeast-1,9.65,229.78,0
2026-04-01 04:33:00,Azure,us-east-1,11.92,116.52,1
2026-04-01 04:34:00,AWS,eu-west-1,11.41,856.49,0
2026-04-01 04:35:00,AWS,ap-northeast-1,18.1,974.39,0
2026-04-01 04:36:00,GCP,us-east-1,13.89,732.94,0
2026-04-01 04:37:00,GCP,ap-northeast-1,6.06,471.44,0
2026-04-01 04:38:00,AWS,ap-northeast-1,8.77,209.81,1
2026-04-01 04:39:00,AWS,ap-northeast-1,8.9,527.59,0
2026-04-01 04:40:00,GCP,us-east-1,4.03,511.59,0
2026-04-01 04:41:00,GCP,sa-east-1,103.30906900691545,477.89,0
2026-04-01 04:42:00,GCP,ap-northeast-1,13.02,440.47,0
2026-04-01 04:43:00,Azure,ap-northeast-1,9.3,547.08,0
2026-04-01 04:44:00,AWS,sa-east-1,101.0770359659397,165.86,0
2026-04-01 04:45:00,GCP,ap-northeast-1,14.16,134.47,0
2026-04-01 04:46:00,AWS,eu-west-1,6.4,157.56,1
2026-04-01 04:47:00,Azure,ap-northeast-1,16.52,280.0,0
2026-04-01 04:48:00,Azure,eu-west-1,24.2,350.26,0
2026-04-01 04:49:00,GCP,sa-east-1,88.41670563243058,252.51,0
2026-04-01 04:50:00,Azure,us-east-1,11.78,326.73,0
2026-04-01 04:51:00,AWS,sa-east-1,112.4164642583783,267.25,0
2026-04-01 04:52:00,GCP,ap-northeast-1,6.63,235.67,0
2026-04-01 04:53:00,AWS,eu-west-1,13.08,363.68,0
2026-04-01 04:54:00,AWS,us-east-1,7.8,457.76,0
2026-04-01 04:55:00,Azure,ap-northeast-1,12.14,769.84,0
2026-04-01 04:56:00,Azure,us-east-1,13.24,959.99,0
2026-04-01 04:57:00,Azure,us-east-1,15.89,927.07,0
2026-04-01 04:58:00,Azure,ap-northeast-1,16.18,528.34,0
2026-04-01 04:59:00,Azure,sa-east-1,102.37044885215771,515.21,0
2026-04-01 05:00:00,GCP,ap-northeast-1,13.38,213.13,0
2026-04-01 05:01:00,AWS,ap-northeast-1,19.65,974.57,0
2026-04-01 05:02:00,AWS,sa-east-1,92.38516497432894,784.09,0
2026-04-01 05:03:00,AWS,eu-west-1,29.15,862.81,0
2026-04-01 05:04:00,AWS,ap-northeast-1,7.49,310.75,1
2026-04-01 05:05:00,Azure,us-east-1,27.49,460.98,0
2026-04-01 05:06:00,AWS,ap-northeast-1,7.56,192.38,0
2026-04-01 05:07:00,GCP,ap-northeast-1,11.84,946.73,0
2026-04-01 05:08:00,GCP,us-east-1,11.06,357.25,0
2026-04-01 05:09:00,AWS,sa-east-1,90.05787265939333,636.41,0
2026-04-01 05:10:00,AWS,eu-west-1,17.27,237.0,0
2026-04-01 05:11:00,GCP,eu-west-1,17.72,822.52,0
2026-04-01 05:12:00,GCP,us-east-1,16.61,267.71,0
2026-04-01 05:13:00,Azure,sa-east-1,64.97324024118164,828.45,0
2026-04-01 05:14:00,GCP,ap-northeast-1,8.58,461.59,0
2026-04-01 05:15:00,Azure,ap-northeast-1,21.11,619.98,0
2026-04-01 05:16:00,Azure,ap-northeast-1,13.55,342.74,0
2026-04-01 05:17:00,Azure,ap-northeast-1,8.35,894.5,0
2026-04-01 05:18:00,Azure,ap-northeast-1,13.56,783.88,0
2026-04-01 05:19:00,Azure,us-east-1,5.27,418.85,0
2026-04-01 05:20:00,AWS,ap-northeast-1,12.86,626.83,0
2026-04-01 05:21:00,GCP,ap-northeast-1,16.91,216.09,0
2026-04-01 05:22:00,Azure,sa-east-1,85.39919177019495,244.43,0
2026-04-01 05:23:00,GCP,ap-northeast-1,17.38,580.31,0
2026-04-01 05:24:00,GCP,eu-west-1,18.29,676.54,0
2026-04-01 05:25:00,Azure,us-east-1,13.98,601.69,0
2026-04-01 05:26:00,AWS,us-east-1,29.49,603.47,0
2026-04-01 05:27:00,Azure,us-east-1,23.97,768.06,0
2026-04-01 05:28:00,AWS,eu-west-1,16.67,912.17,0
2026-04-01 05:29:00,GCP,ap-northeast-1,14.55,448.84,0
2026-04-01 05:30:00,AWS,us-east-1,10.72,583.24,0
2026-04-01 05:31:00,AWS,eu-west-1,8.81,903.72,0
2026-04-01 05:32:00,AWS,sa-east-1,92.950345577989,517.85,0
2026-04-01 05:33:00,GCP,ap-northeast-1,11.03,500.63,0
2026-04-01 05:34:00,GCP,eu-west-1,7.34,789.86,0
2026-04-01 05:35:00,AWS,ap-northeast-1,8.16,889.57,0
2026-04-01 05:36:00,AWS,sa-east-1,61.3069612580723,763.91,0
2026-04-01 05:37:00,Azure,eu-west-1,29.28,190.11,0
2026-04-01 05:38:00,AWS,ap-northeast-1,18.61,518.29,0
2026-04-01 05:39:00,Azure,eu-west-1,12.39,290.77,0
2026-04-01 05:40:00,AWS,us-east-1,14.98,385.61,0
2026-04-01 05:41:00,Azure,ap-northeast-1,15.88,521.88,0
2026-04-01 05:42:00,GCP,eu-west-1,7.89,299.38,0
2026-04-01 05:43:00,AWS,us-east-1,6.8,564.34,0
2026-04-01 05:44:00,AWS,sa-east-1,108.39007159934037,678.95,0
2026-04-01 05:45:00,AWS,ap-northeast-1,6.2,887.41,0
2026-04-01 05:46:00,AWS,ap-northeast-1,12.08,290.31,0
2026-04-01 05:47:00,Azure,sa-east-1,58.58831913145671,379.51,0
2026-04-01 05:48:00,AWS,us-east-1,13.61,465.22,0
2026-04-01 05:49:00,GCP,sa-east-1,81.99044830029634,302.09,0
2026-04-01 05:50:00,GCP,ap-northeast-1,15.91,398.84,0
2026-04-01 05:51:00,AWS,eu-west-1,3.84,895.02,0
2026-04-01 05:52:00,GCP,us-east-1,21.33,224.79,0
2026-04-01 05:53:00,AWS,us-east-1,17.6,499.37,0
2026-04-01 05:54:00,AWS,us-east-1,20.2,379.87,0
2026-04-01 05:55:00,GCP,sa-east-1,114.23255852873694,169.45,0
2026-04-01 05:56:00,AWS,sa-east-1,81.26793959553102,186.51,0
2026-04-01 05:57:00,GCP,eu-west-1,8.84,806.39,0
2026-04-01 05:58:00,Azure,eu-west-1,15.17,867.1,0
2026-04-01 05:59:00,AWS,us-east-1,14.08,767.27,0
2026-04-01 06:00:00,Azure,eu-west-1,18.88,585.31,0
2026-04-01 06:01:00,GCP,sa-east-1,95.75234967686934,795.39,0
2026-04-01 06:02:00,Azure,eu-west-1,12.77,236.81,0
2026-04-01 06:03:00,Azure,sa-east-1,80.52773267716415,802.18,0
2026-04-01 06:04:00,GCP,eu-west-1,15.81,481.13,0
2026-04-01 06:05:00,Azure,ap-northeast-1,20.99,775.28,0
2026-04-01 06:06:00,Azure,sa-east-1,87.9690776318197,304.97,0
2026-04-01 06:07:00,GCP,ap-northeast-1,16.42,849.29,0
2026-04-01 06:08:00,Azure,sa-east-1,102.35094480445164,611.3,0
2026-04-01 06:09:00,GCP,eu-west-1,10.9,106.6,0
2026-04-01 06:10:00,Azure,ap-northeast-1,10.26,567.34,0
2026-04-01 06:11:00,GCP,eu-west-1,8.47,379.25,0
2026-04-01 06:12:00,GCP,sa-east-1,62.68851008402438,151.75,0
2026-04-01 06:13:00,Azure,ap-northeast-1,8.01,502.58,0
2026-04-01 06:14:00,Azure,us-east-1,11.17,380.32,0
2026-04-01 06:15:00,Azure,eu-west-1,10.45,283.95,0
2026-04-01 06:16:00,AWS,sa-east-1,68.91971726336611,414.21,0
2026-04-01 06:17:00,AWS,ap-northeast-1,8.15,261.65,0
2026-04-01 06:18:00,AWS,eu-west-1,8.33,369.83,0
2026-04-01 06:19:00,GCP,ap-northeast-1,4.23,203.8,0
2026-04-01 06:20:00,Azure,eu-west-1,15.42,175.88,0
2026-04-01 06:21:00,GCP,eu-west-1,7.82,919.02,0
2026-04-01 06:22:00,AWS,eu-west-1,8.52,912.49,0
2026-04-01 06:23:00,Azure,ap-northeast-1,16.16,845.2,0
2026-04-01 06:24:00,GCP,ap-northeast-1,7.84,307.29,0
2026-04-01 06:25:00,Azure,eu-west-1,14.73,753.3,0
2026-04-01 06:26:00,GCP,us-east-1,6.66,630.74,0
2026-04-01 06:27:00,Azure,us-east-1,12.05,146.11,0
2026-04-01 06:28:00,AWS,us-east-1,8.98,909.63,0
2026-04-01 06:29:00,AWS,sa-east-1,82.41650463520962,998.18,0
2026-04-01 06:30:00,Azure,us-east-1,25.94,737.85,0
2026-04-01 06:31:00,GCP,ap-northeast-1,5.37,308.36,0
2026-04-01 06:32:00,AWS,us-east-1,24.81,598.97,0
2026-04-01 06:33:00,AWS,ap-northeast-1,7.7,198.44,0
2026-04-01 06:34:00,AWS,sa-east-1,104.25382542378495,368.9,0
2026-04-01 06:35:00,Azure,ap-northeast-1,20.77,745.53,0
2026-04-01 06:36:00,Azure,ap-northeast-1,15.11,370.97,0
2026-04-01 06:37:00,GCP,ap-northeast-1,6.62,232.49,0
2026-04-01 06:38:00,GCP,us-east-1,13.96,106.72,0
2026-04-01 06:39:00,GCP,eu-west-1,43.81,615.26,0
2026-04-01 06:40:00,Azure,ap-northeast-1,12.25,971.8,0
2026-04-01 06:41:00,Azure,us-east-1,11.58,535.72,0
2026-04-01 06:42:00,GCP,us-east-1,11.04,291.35,0
2026-04-01 06:43:00,GCP,us-east-1,15.76,516.95,0
2026-04-01 06:44:00,Azure,eu-west-1,11.66,641.88,0
2026-04-01 06:45:00,GCP,eu-west-1,14.05,821.23,0
2026-04-01 06:46:00,AWS,eu-west-1,10.53,507.41,0
2026-04-01 06:47:00,Azure,eu-west-1,7.26,255.66,0
2026-04-01 06:48:00,GCP,sa-east-1,117.900346394065,269.21,0
2026-04-01 06:49:00,Azure,eu-west-1,11.61,909.75,0
2026-04-01 06:50:00,AWS,eu-west-1,60.29,312.62,0
2026-04-01 06:51:00,Azure,eu-west-1,15.07,755.22,0
2026-04-01 06:52:00,Azure,ap-northeast-1,16.44,342.05,0
2026-04-01 06:53:00,Azure,ap-northeast-1,10.44,748.51,0
2026-04-01 06:54:00,Azure,eu-west-1,9.06,170.53,0
2026-04-01 06:55:00,AWS,sa-east-1,72.78024042101669,286.65,0
2026-04-01 06:56:00,Azure,ap-northeast-1,8.04,467.83,0
2026-04-01 06:57:00,Azure,us-east-1,7.67,563.78,0
2026-04-01 06:58:00,GCP,ap-northeast-1,29.73,417.66,0
2026-04-01 06:59:00,Azure,us-east-1,18.17,616.16,0
2026-04-01 07:00:00,GCP,ap-northeast-1,25.77,392.83,0
2026-04-01 07:01:00,AWS,eu-west-1,21.38,710.6,0
2026-04-01 07:02:00,AWS,ap-northeast-1,9.02,560.09,0
2026-04-01 07:03:00,AWS,eu-west-1,5.64,734.6,0
2026-04-01 07:04:00,AWS,eu-west-1,9.68,487.88,0
2026-04-01 07:05:00,GCP,ap-northeast-1,12.75,888.85,0
2026-04-01 07:06:00,Azure,us-east-1,21.59,443.92,0
2026-04-01 07:07:00,AWS,us-east-1,11.85,377.32,0
2026-04-01 07:08:00,Azure,ap-northeast-1,53.69,601.38,0
2026-04-01 07:09:00,GCP,eu-west-1,9.81,558.26,0
2026-04-01 07:10:00,GCP,us-east-1,16.37,566.29,0
2026-04-01 07:11:00,GCP,sa-east-1,99.91770691744948,816.52,0
2026-04-01 07:12:00,AWS,eu-west-1,14.93,629.74,0
2026-04-01 07:13:00,Azure,ap-northeast-1,11.44,896.74,0
2026-04-01 07:14:00,Azure,eu-west-1,10.76,657.19,0
2026-04-01 07:15:00,Azure,sa-east-1,63.794609881036706,119.53,0
2026-04-01 07:16:00,GCP,sa-east-1,96.63585681473123,883.35,0
2026-04-01 07:17:00,AWS,us-east-1,18.51,855.81,0
2026-04-01 07:18:00,GCP,sa-east-1,87.81389894846566,143.96,0
2026-04-01 07:19:00,GCP,eu-west-1,11.89,212.76,0
2026-04-01 07:20:00,Azure,us-east-1,15.59,600.72,0
2026-04-01 07:21:00,GCP,sa-east-1,112.08610203482858,138.57,0
2026-04-01 07:22:00,Azure,us-east-1,30.92,470.05,0
2026-04-01 07:23:00,AWS,us-east-1,16.27,977.82,0
2026-04-01 07:24:00,Azure,ap-northeast-1,9.97,255.5,0
2026-04-01 07:25:00,AWS,us-east-1,9.17,285.49,0
2026-04-01 07:26:00,Azure,us-east-1,9.11,708.71,0
2026-04-01 07:27:00,GCP,sa-east-1,85.20633232849715,139.58,0
2026-04-01 07:28:00,GCP,eu-west-1,13.57,838.62,0
2026-04-01 07:29:00,AWS,eu-west-1,15.03,279.13,0
2026-04-01 07:30:00,AWS,sa-east-1,109.34920970122121,578.4,0
2026-04-01 07:31:00,AWS,eu-west-1,16.99,323.89,0
2026-04-01 07:32:00,Azure,us-east-1,22.72,692.99,0
2026-04-01 07:33:00,Azure,ap-northeast-1,8.72,628.49,0
2026-04-01 07:34:00,AWS,us-east-1,27.61,951.8,0
2026-04-01 07:35:00,GCP,us-east-1,8.89,501.04,0
2026-04-01 07:36:00,Azure,ap-northeast-1,14.5,887.39,0
2026-04-01 07:37:00,Azure,sa-east-1,71.81477798541972,618.24,0
2026-04-01 07:38:00,Azure,us-east-1,12.04,923.02,0
2026-04-01 07:39:00,AWS,us-east-1,17.05,362.64,0
2026-04-01 07:40:00,AWS,sa-east-1,83.19576382843667,594.78,0
2026-04-01 07:41:00,AWS,us-east-1,8.04,451.03,0
2026-04-01 07:42:00,AWS,us-east-1,17.72,159.31,0
2026-04-01 07:43:00,AWS,eu-west-1,12.17,616.84,0
2026-04-01 07:44:00,GCP,sa-east-1,87.35146079469364,814.81,0
2026-04-01 07:45:00,GCP,us-east-1,6.96,600.58,0
2026-04-01 07:46:00,AWS,us-east-1,10.75,351.41,0
2026-04-01 07:47:00,Azure,ap-northeast-1,17.12,337.45,0
2026-04-01 07:48:00,AWS,ap-northeast-1,9.19,314.05,0
2026-04-01 07:49:00,GCP,ap-northeast-1,24.1,981.67,0
2026-04-01 07:50:00,GCP,us-east-1,20.87,459.3,0
2026-04-01 07:51:00,Azure,us-east-1,10.23,385.18,0
2026-04-01 07:52:00,GCP,ap-northeast-1,9.05,476.62,0
2026-04-01 07:53:00,AWS,eu-west-1,3.06,204.22,0
2026-04-01 07:54:00,Azure,eu-west-1,7.11,276.42,0
2026-04-01 07:55:00,AWS,eu-west-1,6.9,558.01,0
2026-04-01 07:56:00,AWS,eu-west-1,5.96,818.96,0
2026-04-01 07:57:00,Azure,sa-east-1,76.73659630604269,888.78,0
2026-04-01 07:58:00,AWS,ap-northeast-1,14.24,879.39,0
2026-04-01 07:59:00,GCP,us-east-1,30.18,950.28,0
2026-04-01 08:00:00,AWS,ap-northeast-1,12.59,213.19,0
2026-04-01 08:01:00,Azure,eu-west-1,4.41,136.87,0
2026-04-01 08:02:00,Azure,us-east-1,8.38,195.16,0
2026-04-01 08:03:00,Azure,sa-east-1,66.78432599366545,640.67,0
2026-04-01 08:04:00,AWS,ap-northeast-1,11.7,600.51,0
2026-04-01 08:05:00,Azure,us-east-1,18.7,704.09,0
2026-04-01 08:06:00,Azure,us-east-1,9.42,433.98,0
2026-04-01 08:07:00,AWS,eu-west-1,21.67,452.43,0
2026-04-01 08:08:00,GCP,eu-west-1,13.78,591.02,0
2026-04-01 08:09:00,AWS,ap-northeast-1,13.95,171.15,0
2026-04-01 08:10:00,Azure,sa-east-1,100.34247643118096,819.88,0
2026-04-01 08:11:00,Azure,us-east-1,8.31,930.57,0
2026-04-01 08:12:00,AWS,eu-west-1,11.84,448.61,0
2026-04-01 08:13:00,GCP,ap-northeast-1,14.11,765.62,0
2026-04-01 08:14:00,Azure,eu-west-1,6.05,593.95,0
2026-04-01 08:15:00,Azure,ap-northeast-1,12.68,312.41,0
2026-04-01 08:16:00,Azure,eu-west-1,22.36,161.02,0
2026-04-01 08:17:00,AWS,sa-east-1,84.96367405251257,321.31,0
2026-04-01 08:18:00,Azure,us-east-1,24.13,644.42,0
2026-04-01 08:19:00,GCP,eu-west-1,14.94,136.21,0
2026-04-01 08:20:00,Azure,us-east-1,7.78,852.57,1
2026-04-01 08:21:00,Azure,ap-northeast-1,18.09,973.28,0
2026-04-01 08:22:00,GCP,sa-east-1,71.89466268267768,175.15,0
2026-04-01 08:23:00,Azure,us-east-1,10.98,322.03,0
2026-04-01 08:24:00,AWS,eu-west-1,10.61,708.07,0
2026-04-01 08:25:00,AWS,us-east-1,8.68,825.47,0
2026-04-01 08:26:00,AWS,us-east-1,40.02,411.39,0
2026-04-01 08:27:00,GCP,ap-northeast-1,11.75,563.71,0
2026-04-01 08:28:00,Azure,sa-east-1,89.82454124312603,902.58,0
2026-04-01 08:29:00,AWS,sa-east-1,107.05588194648487,445.96,0
2026-04-01 08:30:00,GCP,us-east-1,8.08,173.38,0
2026-04-01 08:31:00,Azure,us-east-1,9.93,995.4,0
2026-04-01 08:32:00,GCP,ap-northeast-1,11.95,262.25,0
2026-04-01 08:33:00,AWS,us-east-1,10.27,143.9,0
2026-04-01 08:34:00,AWS,ap-northeast-1,10.62,469.59,0
2026-04-01 08:35:00,AWS,sa-east-1,82.92379253827622,209.32,0
2026-04-01 08:36:00,GCP,sa-east-1,74.81760084653236,980.86,0
2026-04-01 08:37:00,GCP,ap-northeast-1,17.2,442.71,0
2026-04-01 08:38:00,AWS,us-east-1,26.14,843.23,0
2026-04-01 08:39:00,GCP,sa-east-1,85.792809243267,258.94,0
2026-04-01 08:40:00,AWS,eu-west-1,21.26,224.93,0
2026-04-01 08:41:00,AWS,ap-northeast-1,24.45,684.36,0
2026-04-01 08:42:00,Azure,sa-east-1,112.36249224193317,918.38,1
2026-04-01 08:43:00,GCP,sa-east-1,85.17320288582465,203.08,0
2026-04-01 08:44:00,AWS,sa-east-1,127.93965828458838,630.33,0
2026-04-01 08:45:00,AWS,eu-west-1,8.86,176.45,0
2026-04-01 08:46:00,GCP,eu-west-1,4.85,830.95,0
2026-04-01 08:47:00,Azure,eu-west-1,29.56,918.38,0
2026-04-01 08:48:00,Azure,us-east-1,15.75,665.91,0
2026-04-01 08:49:00,AWS,ap-northeast-1,16.08,719.51,0
2026-04-01 08:50:00,GCP,us-east-1,10.32,149.89,0
2026-04-01 08:51:00,Azure,eu-west-1,13.34,165.68,0
2026-04-01 08:52:00,GCP,ap-northeast-1,11.36,261.7,0
2026-04-01 08:53:00,GCP,us-east-1,8.92,346.45,0
2026-04-01 08:54:00,AWS,us-east-1,12.32,783.87,0
2026-04-01 08:55:00,Azure,us-east-1,12.89,491.89,0
2026-04-01 08:56:00,AWS,eu-west-1,6.29,170.42,0
2026-04-01 08:57:00,Azure,sa-east-1,110.36845273997679,867.38,0
2026-04-01 08:58:00,Azure,ap-northeast-1,4.98,994.44,0
2026-04-01 08:59:00,Azure,eu-west-1,31.82,509.52,0
2026-04-01 09:00:00,Azure,ap-northeast-1,11.57,560.59,0
2026-04-01 09:01:00,Azure,eu-west-1,7.13,170.66,0
2026-04-01 09:02:00,GCP,us-east-1,15.75,444.72,0
2026-04-01 09:03:00,AWS,us-east-1,8.39,434.62,0
2026-04-01 09:04:00,GCP,sa-east-1,107.1286173914868,969.21,0
2026-04-01 09:05:00,Azure,sa-east-1,93.55771780445839,694.39,0
2026-04-01 09:06:00,AWS,ap-northeast-1,7.33,803.96,0
2026-04-01 09:07:00,Azure,sa-east-1,120.70353899340171,215.5,0
2026-04-01 09:08:00,AWS,sa-east-1,98.29511962803724,475.23,0
2026-04-01 09:09:00,GCP,ap-northeast-1,9.37,272.4,0
2026-04-01 09:10:00,AWS,eu-west-1,6.95,874.17,0
2026-04-01 09:11:00,AWS,sa-east-1,88.118046965337,237.14,0
2026-04-01 09:12:00,AWS,eu-west-1,9.6,494.98,0
2026-04-01 09:13:00,AWS,us-east-1,21.22,148.29,0
2026-04-01 09:14:00,AWS,sa-east-1,62.754707571834025,670.86,0
2026-04-01 09:15:00,Azure,us-east-1,6.82,533.73,0
2026-04-01 09:16:00,AWS,us-east-1,12.82,548.17,0
2026-04-01 09:17:00,AWS,eu-west-1,5.78,191.46,0
2026-04-01 09:18:00,GCP,ap-northeast-1,20.78,562.58,0
2026-04-01 09:19:00,AWS,sa-east-1,79.61160353845713,607.41,0
2026-04-01 09:20:00,GCP,eu-west-1,9.03,966.56,0
2026-04-01 09:21:00,Azure,ap-northeast-1,9.53,129.9,0
2026-04-01 09:22:00,AWS,us-east-1,13.8,930.44,0
2026-04-01 09:23:00,GCP,sa-east-1,73.28706868709344,531.61,0
2026-04-01 09:24:00,GCP,us-east-1,8.22,289.1,0
2026-04-01 09:25:00,Azure,us-east-1,10.88,698.99,0
2026-04-01 09:26:00,AWS,sa-east-1,74.36208238979913,565.35,0
2026-04-01 09:27:00,AWS,ap-northeast-1,9.71,304.08,0
2026-04-01 09:28:00,GCP,ap-northeast-1,7.12,664.14,0
2026-04-01 09:29:00,AWS,sa-east-1,82.91081911142763,525.94,0
2026-04-01 09:30:00,GCP,sa-east-1,64.12320267041491,720.11,0
2026-04-01 09:31:00,AWS,eu-west-1,7.59,720.17,0
2026-04-01 09:32:00,GCP,eu-west-1,17.07,525.53,0
2026-04-01 09:33:00,AWS,us-east-1,8.9,451.72,0
2026-04-01 09:34:00,Azure,sa-east-1,85.93853596065199,156.92,0
2026-04-01 09:35:00,AWS,ap-northeast-1,18.99,544.46,0
2026-04-01 09:36:00,AWS,us-east-1,10.36,318.8,0
2026-04-01 09:37:00,Azure,us-east-1,18.55,147.92,0
2026-04-01 09:38:00,AWS,us-east-1,12.09,397.34,0
2026-04-01 09:39:00,Azure,us-east-1,13.0,178.72,0
2026-04-01 09:40:00,AWS,ap-northeast-1,16.14,621.77,0
2026-04-01 09:41:00,GCP,us-east-1,8.87,553.3,0
2026-04-01 09:42:00,GCP,sa-east-1,82.68613598730008,813.19,0
2026-04-01 09:43:00,AWS,eu-west-1,22.22,340.87,0
2026-04-01 09:44:00,AWS,ap-northeast-1,16.27,434.38,0
2026-04-01 09:45:00,AWS,sa-east-1,91.00662388872477,720.06,0
2026-04-01 09:46:00,GCP,sa-east-1,74.60526507249861,993.65,0
2026-04-01 09:47:00,AWS,sa-east-1,113.3445727170552,913.75,0
2026-04-01 09:48:00,GCP,eu-west-1,19.52,568.74,0
2026-04-01 09:49:00,Azure,eu-west-1,6.88,710.15,0
2026-04-01 09:50:00,GCP,eu-west-1,11.8,578.73,0
2026-04-01 09:51:00,GCP,sa-east-1,92.09769703931468,491.32,0
2026-04-01 09:52:00,Azure,eu-west-1,28.18,642.07,0
2026-04-01 09:53:00,GCP,us-east-1,9.32,447.85,0
2026-04-01 09:54:00,AWS,eu-west-1,13.19,352.17,0
2026-04-01 09:55:00,AWS,ap-northeast-1,12.3,735.11,0
2026-04-01 09:56:00,GCP,sa-east-1,79.01363859453383,884.78,0
2026-04-01 09:57:00,AWS,sa-east-1,87.89830933803421,359.22,0
2026-04-01 09:58:00,GCP,us-east-1,5.53,736.2,0
2026-04-01 09:59:00,AWS,eu-west-1,11.2,490.62,0
2026-04-01 10:00:00,AWS,eu-west-1,7.25,371.88,0
2026-04-01 10:01:00,GCP,ap-northeast-1,13.26,659.0,0
2026-04-01 10:02:00,AWS,us-east-1,10.43,945.47,0
2026-04-01 10:03:00,GCP,ap-northeast-1,10.35,416.52,0
2026-04-01 10:04:00,AWS,ap-northeast-1,26.49,783.53,0
2026-04-01 10:05:00,AWS,sa-east-1,97.12632470543885,383.23,0
2026-04-01 10:06:00,Azure,sa-east-1,100.4029215989923,823.48,0
2026-04-01 10:07:00,Azure,eu-west-1,15.23,783.99,0
2026-04-01 10:08:00,GCP,eu-west-1,18.32,789.07,0
2026-04-01 10:09:00,Azure,ap-northeast-1,7.89,997.94,0
2026-04-01 10:10:00,GCP,eu-west-1,8.61,226.47,0
2026-04-01 10:11:00,Azure,ap-northeast-1,12.29,449.96,0
2026-04-01 10:12:00,AWS,eu-west-1,22.34,667.73,0
2026-04-01 10:13:00,GCP,eu-west-1,10.16,631.43,0
2026-04-01 10:14:00,GCP,sa-east-1,63.11750473111239,802.57,0
2026-04-01 10:15:00,AWS,sa-east-1,104.01604690750513,142.22,0
2026-04-01 10:16:00,GCP,sa-east-1,75.60787534141663,734.55,0
2026-04-01 10:17:00,GCP,sa-east-1,81.39332020259761,763.95,0
2026-04-01 10:18:00,Azure,us-east-1,10.11,154.99,0
2026-04-01 10:19:00,GCP,sa-east-1,89.49643817729599,584.81,0
2026-04-01 10:20:00,AWS,us-east-1,19.34,320.49,0
2026-04-01 10:21:00,Azure,sa-east-1,110.59831095727682,821.46,0
2026-04-01 10:22:00,Azure,eu-west-1,13.74,144.65,0
2026-04-01 10:23:00,AWS,ap-northeast-1,9.04,231.55,0
2026-04-01 10:24:00,AWS,eu-west-1,23.76,194.01,0
2026-04-01 10:25:00,Azure,eu-west-1,13.6,158.7,0
2026-04-01 10:26:00,GCP,us-east-1,4.18,640.07,0
2026-04-01 10:27:00,Azure,sa-east-1,67.00925000099303,881.69,0
2026-04-01 10:28:00,AWS,ap-northeast-1,10.67,559.88,0
2026-04-01 10:29:00,Azure,ap-northeast-1,11.22,289.52,0
2026-04-01 10:30:00,AWS,sa-east-1,95.96339690736862,409.42,0
2026-04-01 10:31:00,Azure,us-east-1,12.73,424.33,0
2026-04-01 10:32:00,GCP,us-east-1,28.68,506.47,0
2026-04-01 10:33:00,Azure,us-east-1,12.84,478.48,0
2026-04-01 10:34:00,Azure,ap-northeast-1,9.65,704.04,0
2026-04-01 10:35:00,AWS,us-east-1,4.92,405.92,0
2026-04-01 10:36:00,AWS,us-east-1,8.51,696.67,0
2026-04-01 10:37:00,AWS,ap-northeast-1,10.37,592.1,0
2026-04-01 10:38:00,Azure,ap-northeast-1,25.36,143.66,0
2026-04-01 10:39:00,GCP,eu-west-1,9.68,927.7,0
2026-04-01 10:40:00,AWS,ap-northeast-1,27.69,260.16,0
2026-04-01 10:41:00,AWS,sa-east-1,103.66620742401741,506.38,0
2026-04-01 10:42:00,Azure,ap-northeast-1,8.28,952.84,0
2026-04-01 10:43:00,AWS,ap-northeast-1,21.4,322.6,0
2026-04-01 10:44:00,GCP,us-east-1,9.05,119.95,0
2026-04-01 10:45:00,GCP,eu-west-1,21.11,541.04,0
2026-04-01 10:46:00,AWS,us-east-1,8.06,301.54,0
2026-04-01 10:47:00,AWS,eu-west-1,8.47,623.82,0
2026-04-01 10:48:00,Azure,us-east-1,16.79,835.4,0
2026-04-01 10:49:00,GCP,sa-east-1,70.87733766439135,560.1,0
2026-04-01 10:50:00,GCP,us-east-1,10.62,680.53,0
2026-04-01 10:51:00,AWS,us-east-1,14.84,699.54,0
2026-04-01 10:52:00,Azure,sa-east-1,66.35495835165293,838.48,0
2026-04-01 10:53:00,GCP,sa-east-1,89.04197338024743,719.13,0
2026-04-01 10:54:00,GCP,ap-northeast-1,6.66,978.55,0
2026-04-01 10:55:00,Azure,us-east-1,25.15,510.59,0
2026-04-01 10:56:00,Azure,sa-east-1,85.21964733664245,145.23,0
2026-04-01 10:57:00,GCP,sa-east-1,108.3035782664686,454.62,0
2026-04-01 10:58:00,GCP,ap-northeast-1,10.85,855.89,0
2026-04-01 10:59:00,Azure,eu-west-1,11.15,219.76,0
2026-04-01 11:00:00,GCP,sa-east-1,104.62860123151272,762.35,0
2026-04-01 11:01:00,AWS,sa-east-1,76.46118974938494,582.1,0
2026-04-01 11:02:00,AWS,us-east-1,9.3,910.6,0
2026-04-01 11:03:00,Azure,ap-northeast-1,20.85,758.07,0
2026-04-01 11:04:00,Azure,us-east-1,16.57,694.47,0
2026-04-01 11:05:00,Azure,eu-west-1,20.67,898.19,0
2026-04-01 11:06:00,AWS,ap-northeast-1,5.47,917.4,0
2026-04-01 11:07:00,GCP,us-east-1,9.88,446.43,0
2026-04-01 11:08:00,AWS,sa-east-1,90.042395642161,935.06,0
2026-04-01 11:09:00,GCP,sa-east-1,60.99575245359434,149.23,0
2026-04-01 11:10:00,AWS,ap-northeast-1,31.77,786.31,0
2026-04-01 11:11:00,GCP,sa-east-1,102.1884957500348,402.88,0
2026-04-01 11:12:00,AWS,us-east-1,15.4,538.66,0
2026-04-01 11:13:00,Azure,ap-northeast-1,13.15,852.17,0
2026-04-01 11:14:00,AWS,sa-east-1,70.81188754839766,673.33,0
2026-04-01 11:15:00,GCP,sa-east-1,95.14082409866745,511.74,0
2026-04-01 11:16:00,AWS,eu-west-1,34.05,247.54,0
2026-04-01 11:17:00,AWS,eu-west-1,10.9,945.34,0
2026-04-01 11:18:00,AWS,ap-northeast-1,18.87,399.23,0
2026-04-01 11:19:00,Azure,eu-west-1,12.12,191.05,0
2026-04-01 11:20:00,AWS,us-east-1,9.69,607.73,0
2026-04-01 11:21:00,Azure,sa-east-1,68.1761121150983,465.65,0
2026-04-01 11:22:00,Azure,sa-east-1,87.83121991309957,631.46,0
2026-04-01 11:23:00,AWS,sa-east-1,106.09155537154535,310.18,0
2026-04-01 11:24:00,AWS,ap-northeast-1,8.31,440.86,0
2026-04-01 11:25:00,AWS,ap-northeast-1,15.46,975.26,0
2026-04-01 11:26:00,GCP,eu-west-1,12.91,942.88,0
2026-04-01 11:27:00,AWS,sa-east-1,62.51389612345672,877.94,0
2026-04-01 11:28:00,Azure,sa-east-1,72.388570603691,801.21,0
2026-04-01 11:29:00,AWS,sa-east-1,103.64129683894194,240.9,0
2026-04-01 11:30:00,GCP,sa-east-1,77.83817456097952,520.24,0
2026-04-01 11:31:00,AWS,sa-east-1,93.2051085142198,755.11,0
2026-04-01 11:32:00,GCP,us-east-1,13.03,335.59,0
2026-04-01 11:33:00,GCP,sa-east-1,119.64040685055127,129.77,0
2026-04-01 11:34:00,AWS,us-east-1,12.25,476.29,0
2026-04-01 11:35:00,Azure,sa-east-1,99.68253156287362,482.63,0
2026-04-01 11:36:00,GCP,ap-northeast-1,14.05,158.59,0
2026-04-01 11:37:00,AWS,ap-northeast-1,8.51,388.55,0
2026-04-01 11:38:00,AWS,us-east-1,10.92,925.57,0
2026-04-01 11:39:00,Azure,sa-east-1,82.1286788018726,325.27,0
2026-04-01 11:40:00,GCP,ap-northeast-1,16.69,612.24,0
2026-04-01 11:41:00,GCP,ap-northeast-1,8.7,539.09,0
2026-04-01 11:42:00,AWS,sa-east-1,83.68117325030974,875.91,0
2026-04-01 11:43:00,AWS,sa-east-1,83.53596975033855,688.2,0
2026-04-01 11:44:00,Azure,ap-northeast-1,15.77,242.59,0
2026-04-01 11:45:00,Azure,sa-east-1,66.99797513851138,228.58,0
2026-04-01 11:46:00,GCP,eu-west-1,31.25,601.74,0
2026-04-01 11:47:00,GCP,sa-east-1,107.99614843115276,141.82,0
2026-04-01 11:48:00,AWS,ap-northeast-1,7.9,454.18,0
2026-04-01 11:49:00,GCP,ap-northeast-1,7.05,459.11,0
2026-04-01 11:50:00,Azure,us-east-1,16.96,276.7,0
2026-04-01 11:51:00,Azure,eu-west-1,29.91,370.91,0
2026-04-01 11:52:00,AWS,ap-northeast-1,25.66,396.95,0
2026-04-01 11:53:00,Azure,eu-west-1,6.64,110.58,0
2026-04-01 11:54:00,Azure,sa-east-1,68.16424744842111,825.3,0
2026-04-01 11:55:00,Azure,ap-northeast-1,21.4,961.7,0
2026-04-01 11:56:00,Azure,us-east-1,6.23,360.34,0
2026-04-01 11:57:00,AWS,ap-northeast-1,20.46,200.79,0
2026-04-01 11:58:00,AWS,us-east-1,8.57,958.2,0
2026-04-01 11:59:00,GCP,eu-west-1,10.94,766.5,0
2026-04-01 12:00:00,Azure,us-east-1,13.99,902.03,1
2026-04-01 12:01:00,GCP,sa-east-1,80.02073025144553,424.79,0
2026-04-01 12:02:00,AWS,sa-east-1,123.45001239800933,535.66,0
2026-04-01 12:03:00,AWS,sa-east-1,74.46194166291096,937.22,0
2026-04-01 12:04:00,AWS,ap-northeast-1,9.58,513.6,0
2026-04-01 12:05:00,AWS,sa-east-1,71.48076576601804,704.89,0
2026-04-01 12:06:00,AWS,sa-east-1,89.25736864611791,734.32,0
2026-04-01 12:07:00,AWS,ap-northeast-1,20.04,853.4,0
2026-04-01 12:08:00,AWS,eu-west-1,19.05,977.66,0
2026-04-01 12:09:00,Azure,sa-east-1,100.15429134143645,401.41,0
2026-04-01 12:10:00,GCP,sa-east-1,82.96114047369986,322.71,0
2026-04-01 12:11:00,AWS,ap-northeast-1,10.86,169.94,0
2026-04-01 12:12:00,Azure,eu-west-1,11.38,870.88,0
2026-04-01 12:13:00,Azure,eu-west-1,18.67,363.41,0
2026-04-01 12:14:00,GCP,eu-west-1,13.9,144.65,0
2026-04-01 12:15:00,AWS,ap-northeast-1,9.62,878.74,0
2026-04-01 12:16:00,GCP,us-east-1,21.11,558.92,0
2026-04-01 12:17:00,AWS,us-east-1,8.99,854.48,0
2026-04-01 12:18:00,Azure,sa-east-1,106.83623723231213,599.03,0
2026-04-01 12:19:00,Azure,sa-east-1,64.01803925818733,382.36,0
2026-04-01 12:20:00,Azure,sa-east-1,63.487151633706716,216.8,0
2026-04-01 12:21:00,Azure,us-east-1,12.3,493.45,0
2026-04-01 12:22:00,GCP,ap-northeast-1,8.6,123.89,0
2026-04-01 12:23:00,AWS,sa-east-1,64.73000967190178,642.21,0
2026-04-01 12:24:00,AWS,ap-northeast-1,22.35,484.9,0
2026-04-01 12:25:00,GCP,sa-east-1,76.36792428218094,227.37,0
2026-04-01 12:26:00,AWS,ap-northeast-1,19.1,577.21,0
2026-04-01 12:27:00,Azure,ap-northeast-1,8.25,820.82,0
2026-04-01 12:28:00,AWS,us-east-1,16.03,977.32,0
2026-04-01 12:29:00,Azure,ap-northeast-1,7.39,574.62,0
2026-04-01 12:30:00,GCP,eu-west-1,10.75,216.6,0
2026-04-01 12:31:00,AWS,us-east-1,16.36,829.64,0
2026-04-01 12:32:00,GCP,sa-east-1,72.23784209006268,726.21,0
2026-04-01 12:33:00,AWS,us-east-1,19.51,958.57,0
2026-04-01 12:34:00,Azure,eu-west-1,17.01,581.69,0
2026-04-01 12:35:00,GCP,eu-west-1,10.44,421.39,1
2026-04-01 12:36:00,AWS,ap-northeast-1,23.3,966.56,0
2026-04-01 12:37:00,Azure,eu-west-1,15.15,584.6,0
2026-04-01 12:38:00,GCP,eu-west-1,10.78,114.32,0
2026-04-01 12:39:00,GCP,eu-west-1,13.1,526.3,0
2026-04-01 12:40:00,AWS,eu-west-1,12.75,102.14,0
2026-04-01 12:41:00,AWS,sa-east-1,86.5365110655043,763.94,0
2026-04-01 12:42:00,AWS,sa-east-1,111.13500361136181,609.35,0
2026-04-01 12:43:00,Azure,us-east-1,14.68,198.82,0
2026-04-01 12:44:00,AWS,ap-northeast-1,18.08,831.71,0
2026-04-01 12:45:00,GCP,sa-east-1,108.49705582304188,582.79,0
2026-04-01 12:46:00,GCP,eu-west-1,14.82,202.65,0
2026-04-01 12:47:00,AWS,ap-northeast-1,11.58,244.01,0
2026-04-01 12:48:00,AWS,sa-east-1,102.56821804003283,839.89,0
2026-04-01 12:49:00,GCP,us-east-1,6.93,419.94,0
2026-04-01 12:50:00,Azure,eu-west-1,8.55,838.99,0
2026-04-01 12:51:00,AWS,ap-northeast-1,9.88,162.55,0
2026-04-01 12:52:00,AWS,sa-east-1,119.63694198731744,319.47,0
2026-04-01 12:53:00,GCP,ap-northeast-1,22.78,788.12,0
2026-04-01 12:54:00,AWS,sa-east-1,72.64550636607137,677.53,0
2026-04-01 12:55:00,Azure,us-east-1,15.25,376.14,0
2026-04-01 12:56:00,GCP,eu-west-1,11.78,942.42,0
2026-04-01 12:57:00,AWS,us-east-1,13.71,289.96,0
2026-04-01 12:58:00,GCP,eu-west-1,9.26,864.8,0
2026-04-01 12:59:00,AWS,eu-west-1,37.37,726.17,0
2026-04-01 13:00:00,AWS,ap-northeast-1,30.95,209.01,0
2026-04-01 13:01:00,AWS,sa-east-1,71.83622145254516,599.6,0
2026-04-01 13:02:00,Azure,us-east-1,9.04,936.92,0
2026-04-01 13:03:00,Azure,us-east-1,19.35,657.01,0
2026-04-01 13:04:00,GCP,us-east-1,6.65,575.93,0
2026-04-01 13:05:00,AWS,ap-northeast-1,18.6,429.69,0
2026-04-01 13:06:00,AWS,ap-northeast-1,12.97,809.91,0
2026-04-01 13:07:00,Azure,ap-northeast-1,5.95,921.75,0
2026-04-01 13:08:00,AWS,eu-west-1,11.29,777.99,0
2026-04-01 13:09:00,Azure,us-east-1,8.78,752.72,0
2026-04-01 13:10:00,AWS,eu-west-1,13.21,273.24,0
2026-04-01 13:11:00,GCP,us-east-1,12.54,850.59,0
2026-04-01 13:12:00,AWS,us-east-1,6.21,136.63,0
2026-04-01 13:13:00,AWS,sa-east-1,96.91553446177343,781.63,0
2026-04-01 13:14:00,Azure,us-east-1,16.24,289.78,0
2026-04-01 13:15:00,AWS,ap-northeast-1,17.7,538.54,0
2026-04-01 13:16:00,AWS,ap-northeast-1,10.16,725.71,0
2026-04-01 13:17:00,Azure,ap-northeast-1,15.32,783.17,0
2026-04-01 13:18:00,GCP,sa-east-1,93.86830150596684,899.28,1
2026-04-01 13:19:00,GCP,sa-east-1,72.17617622407084,354.33,0
2026-04-01 13:20:00,Azure,eu-west-1,15.36,301.89,0
2026-04-01 13:21:00,Azure,us-east-1,7.67,996.62,0
2026-04-01 13:22:00,Azure,us-east-1,12.19,286.8,0
2026-04-01 13:23:00,Azure,ap-northeast-1,5.46,698.93,0
2026-04-01 13:24:00,Azure,ap-northeast-1,11.86,957.47,0
2026-04-01 13:25:00,GCP,ap-northeast-1,24.84,906.9,0
2026-04-01 13:26:00,GCP,ap-northeast-1,10.38,498.94,0
2026-04-01 13:27:00,Azure,ap-northeast-1,23.63,673.82,0
2026-04-01 13:28:00,AWS,ap-northeast-1,10.47,576.19,0
2026-04-01 13:29:00,Azure,us-east-1,7.08,411.99,0
2026-04-01 13:30:00,AWS,sa-east-1,115.3569201210202,229.98,0
2026-04-01 13:31:00,Azure,ap-northeast-1,15.36,823.05,0
2026-04-01 13:32:00,Azure,us-east-1,38.84,181.4,0
2026-04-01 13:33:00,GCP,ap-northeast-1,7.47,648.66,0
2026-04-01 13:34:00,AWS,eu-west-1,14.56,634.93,0
2026-04-01 13:35:00,AWS,eu-west-1,14.82,401.34,0
2026-04-01 13:36:00,GCP,us-east-1,20.68,221.87,0
2026-04-01 13:37:00,GCP,sa-east-1,87.09058235669785,819.67,0
2026-04-01 13:38:00,GCP,eu-west-1,10.55,515.73,0
2026-04-01 13:39:00,GCP,eu-west-1,7.13,752.75,0
2026-04-01 13:40:00,AWS,sa-east-1,105.21125269471986,114.84,0
2026-04-01 13:41:00,AWS,eu-west-1,14.69,167.05,0
2026-04-01 13:42:00,Azure,ap-northeast-1,16.7,258.26,0
2026-04-01 13:43:00,Azure,sa-east-1,64.23032239152764,202.45,0
2026-04-01 13:44:00,GCP,eu-west-1,14.0,272.54,0
2026-04-01 13:45:00,GCP,sa-east-1,57.38831396821407,717.84,0
2026-04-01 13:46:00,GCP,ap-northeast-1,7.28,142.3,0
2026-04-01 13:47:00,Azure,eu-west-1,19.45,134.08,0
2026-04-01 13:48:00,Azure,us-east-1,13.33,128.49,0
2026-04-01 13:49:00,Azure,eu-west-1,15.45,727.88,0
2026-04-01 13:50:00,Azure,eu-west-1,9.03,582.52,0
2026-04-01 13:51:00,Azure,ap-northeast-1,8.48,433.22,0
2026-04-01 13:52:00,Azure,us-east-1,9.86,708.05,0
2026-04-01 13:53:00,Azure,us-east-1,13.72,598.24,0
2026-04-01 13:54:00,GCP,us-east-1,17.17,106.6,0
2026-04-01 13:55:00,GCP,ap-northeast-1,10.76,854.69,0
2026-04-01 13:56:00,GCP,ap-northeast-1,5.31,415.17,0
2026-04-01 13:57:00,GCP,ap-northeast-1,14.89,459.61,0
2026-04-01 13:58:00,Azure,ap-northeast-1,13.92,804.06,0
2026-04-01 13:59:00,AWS,ap-northeast-1,15.48,268.38,0
2026-04-01 14:00:00,Azure,us-east-1,18.69,109.06,0
2026-04-01 14:01:00,AWS,sa-east-1,90.76027571260573,917.95,0
2026-04-01 14:02:00,GCP,ap-northeast-1,24.06,554.93,0
2026-04-01 14:03:00,Azure,sa-east-1,68.32956642508407,414.57,0
2026-04-01 14:04:00,GCP,eu-west-1,9.82,837.14,0
2026-04-01 14:05:00,Azure,eu-west-1,20.5,123.67,0
2026-04-01 14:06:00,GCP,ap-northeast-1,19.19,282.06,0
2026-04-01 14:07:00,AWS,eu-west-1,10.84,239.76,0
2026-04-01 14:08:00,AWS,sa-east-1,120.14319665078452,764.05,0
2026-04-01 14:09:00,AWS,eu-west-1,12.65,380.88,0
2026-04-01 14:10:00,Azure,eu-west-1,23.06,795.62,0
2026-04-01 14:11:00,AWS,sa-east-1,119.52104275663989,137.33,0
2026-04-01 14:12:00,Azure,eu-west-1,45.63,647.3,0
2026-04-01 14:13:00,AWS,ap-northeast-1,12.57,386.4,0
2026-04-01 14:14:00,AWS,sa-east-1,97.4237164049863,268.23,0
2026-04-01 14:15:00,Azure,sa-east-1,117.64576785556487,835.09,0
2026-04-01 14:16:00,Azure,us-east-1,19.56,471.03,0
2026-04-01 14:17:00,AWS,us-east-1,15.06,614.47,0
2026-04-01 14:18:00,Azure,sa-east-1,81.51369156663701,129.78,0
2026-04-01 14:19:00,AWS,sa-east-1,90.07876135881915,812.46,0
2026-04-01 14:20:00,Azure,us-east-1,12.01,358.19,0
2026-04-01 14:21:00,GCP,ap-northeast-1,8.79,724.07,0
2026-04-01 14:22:00,GCP,eu-west-1,8.43,784.43,0
2026-04-01 14:23:00,GCP,eu-west-1,5.94,205.4,0
2026-04-01 14:24:00,GCP,eu-west-1,9.36,366.31,0
2026-04-01 14:25:00,GCP,sa-east-1,62.04647204842883,751.1,0
2026-04-01 14:26:00,AWS,ap-northeast-1,13.36,308.96,0
2026-04-01 14:27:00,GCP,us-east-1,12.11,863.36,0
2026-04-01 14:28:00,GCP,ap-northeast-1,20.62,380.78,0
2026-04-01 14:29:00,GCP,ap-northeast-1,7.78,462.1,0
2026-04-01 14:30:00,GCP,eu-west-1,4.61,189.77,0
2026-04-01 14:31:00,Azure,us-east-1,15.89,232.91,0
2026-04-01 14:32:00,AWS,ap-northeast-1,11.9,347.88,0
2026-04-01 14:33:00,GCP,us-east-1,11.78,144.02,0
2026-04-01 14:34:00,GCP,sa-east-1,77.14325215001541,273.73,0
2026-04-01 14:35:00,GCP,eu-west-1,19.19,468.05,0
2026-04-01 14:36:00,AWS,us-east-1,9.88,441.97,0
2026-04-01 14:37:00,Azure,sa-east-1,61.79627175295632,278.82,0
2026-04-01 14:38:00,AWS,sa-east-1,96.50868753985866,172.41,0
2026-04-01 14:39:00,Azure,sa-east-1,86.24991660360637,386.33,0
2026-04-01 14:40:00,GCP,ap-northeast-1,11.94,770.81,0
2026-04-01 14:41:00,GCP,ap-northeast-1,3.59,559.09,0
2026-04-01 14:42:00,AWS,eu-west-1,10.83,952.12,0
2026-04-01 14:43:00,AWS,eu-west-1,12.05,225.9,0
2026-04-01 14:44:00,Azure,sa-east-1,94.0885382493873,286.59,0
2026-04-01 14:45:00,Azure,eu-west-1,5.08,352.27,0
2026-04-01 14:46:00,AWS,ap-northeast-1,26.58,111.7,0
2026-04-01 14:47:00,Azure,eu-west-1,15.16,949.04,0
2026-04-01 14:48:00,AWS,us-east-1,6.66,500.83,0
2026-04-01 14:49:00,Azure,ap-northeast-1,19.32,533.48,0
2026-04-01 14:50:00,AWS,sa-east-1,81.50158323969862,242.07,0
2026-04-01 14:51:00,AWS,sa-east-1,86.15266708017786,885.43,0
2026-04-01 14:52:00,AWS,eu-west-1,9.76,723.37,0
2026-04-01 14:53:00,Azure,ap-northeast-1,13.84,488.22,0
2026-04-01 14:54:00,Azure,sa-east-1,72.04131641446813,890.17,0
2026-04-01 14:55:00,Azure,sa-east-1,78.52982671630951,914.91,0
2026-04-01 14:56:00,AWS,ap-northeast-1,21.09,144.53,0
2026-04-01 14:57:00,Azure,ap-northeast-1,7.03,207.39,0
2026-04-01 14:58:00,Azure,sa-east-1,94.33155845660053,124.87,0
2026-04-01 14:59:00,AWS,eu-west-1,8.98,623.56,0
2026-04-01 15:00:00,GCP,eu-west-1,6.52,296.15,0
2026-04-01 15:01:00,AWS,eu-west-1,11.87,860.44,0
2026-04-01 15:02:00,Azure,us-east-1,15.12,519.32,0
2026-04-01 15:03:00,AWS,ap-northeast-1,15.57,853.94,0
2026-04-01 15:04:00,GCP,sa-east-1,83.31186198038533,600.04,0
2026-04-01 15:05:00,AWS,us-east-1,7.36,816.55,0
2026-04-01 15:06:00,Azure,eu-west-1,8.83,434.67,0
2026-04-01 15:07:00,GCP,us-east-1,4.77,950.85,0
2026-04-01 15:08:00,Azure,sa-east-1,64.81597486463018,700.44,0
2026-04-01 15:09:00,GCP,sa-east-1,96.3821966053723,635.94,0
2026-04-01 15:10:00,GCP,ap-northeast-1,18.59,417.12,0
2026-04-01 15:11:00,AWS,eu-west-1,18.58,943.47,0
2026-04-01 15:12:00,AWS,eu-west-1,35.33,403.96,0
2026-04-01 15:13:00,Azure,us-east-1,13.74,852.27,0
2026-04-01 15:14:00,AWS,eu-west-1,9.56,463.88,0
2026-04-01 15:15:00,AWS,us-east-1,12.26,790.47,0
2026-04-01 15:16:00,GCP,sa-east-1,107.73406076290428,920.69,0
2026-04-01 15:17:00,AWS,sa-east-1,82.14676359018002,519.05,0
2026-04-01 15:18:00,GCP,sa-east-1,95.00150022014374,573.52,0
2026-04-01 15:19:00,GCP,sa-east-1,104.1872254631332,397.31,0
2026-04-01 15:20:00,GCP,sa-east-1,109.8776027149292,149.23,0
2026-04-01 15:21:00,Azure,us-east-1,10.52,687.23,0
2026-04-01 15:22:00,Azure,sa-east-1,115.16743403837324,207.68,0
2026-04-01 15:23:00,Azure,us-east-1,9.24,418.65,0
2026-04-01 15:24:00,GCP,sa-east-1,106.101876081482,414.54,0
2026-04-01 15:25:00,Azure,us-east-1,15.45,235.9,0
2026-04-01 15:26:00,Azure,us-east-1,20.2,700.04,0
2026-04-01 15:27:00,AWS,us-east-1,19.3,257.14,0
2026-04-01 15:28:00,Azure,eu-west-1,10.7,800.5,0
2026-04-01 15:29:00,Azure,us-east-1,6.47,324.35,0
2026-04-01 15:30:00,GCP,us-east-1,10.54,358.56,0
2026-04-01 15:31:00,GCP,sa-east-1,103.44055938897414,409.36,0
2026-04-01 15:32:00,GCP,us-east-1,6.98,237.48,0
2026-04-01 15:33:00,GCP,us-east-1,10.44,490.84,0
2026-04-01 15:34:00,GCP,ap-northeast-1,22.28,172.29,0
2026-04-01 15:35:00,GCP,eu-west-1,13.11,484.4,0
2026-04-01 15:36:00,Azure,ap-northeast-1,9.3,405.92,0
2026-04-01 15:37:00,GCP,sa-east-1,83.64891649229912,404.44,0
2026-04-01 15:38:00,GCP,eu-west-1,12.7,694.61,0
2026-04-01 15:39:00,AWS,eu-west-1,10.11,792.12,0
2026-04-01 15:40:00,Azure,ap-northeast-1,17.92,420.4,0
2026-04-01 15:41:00,Azure,eu-west-1,4.88,335.81,0
2026-04-01 15:42:00,Azure,ap-northeast-1,15.42,544.91,0
2026-04-01 15:43:00,GCP,us-east-1,9.15,808.95,0
2026-04-01 15:44:00,GCP,ap-northeast-1,20.55,680.12,0
2026-04-01 15:45:00,GCP,eu-west-1,6.44,134.2,0
2026-04-01 15:46:00,AWS,eu-west-1,19.48,531.94,0
2026-04-01 15:47:00,GCP,sa-east-1,91.69212553749222,991.87,0
2026-04-01 15:48:00,AWS,sa-east-1,102.48104551574849,417.81,0
2026-04-01 15:49:00,Azure,sa-east-1,64.2550984068601,496.65,0
2026-04-01 15:50:00,GCP,sa-east-1,77.2182297169401,358.67,0
2026-04-01 15:51:00,AWS,eu-west-1,11.07,547.93,0
2026-04-01 15:52:00,AWS,sa-east-1,93.75997504291361,244.83,0
2026-04-01 15:53:00,GCP,ap-northeast-1,24.52,322.31,0
2026-04-01 15:54:00,Azure,us-east-1,10.59,740.56,0
2026-04-01 15:55:00,Azure,eu-west-1,15.81,224.46,0
2026-04-01 15:56:00,Azure,sa-east-1,102.82570138761737,933.53,0
2026-04-01 15:57:00,AWS,eu-west-1,7.85,377.16,0
2026-04-01 15:58:00,AWS,sa-east-1,105.2328855421357,617.52,0
2026-04-01 15:59:00,AWS,eu-west-1,16.1,389.65,0
2026-04-01 16:00:00,AWS,sa-east-1,64.84893968706403,530.23,0
2026-04-01 16:01:00,Azure,us-east-1,14.32,913.42,0
2026-04-01 16:02:00,GCP,sa-east-1,107.0439977374667,161.72,0
2026-04-01 16:03:00,AWS,ap-northeast-1,27.39,870.71,0
2026-04-01 16:04:00,AWS,eu-west-1,18.79,601.82,0
2026-04-01 16:05:00,Azure,eu-west-1,15.17,698.56,0
2026-04-01 16:06:00,GCP,ap-northeast-1,4.39,150.3,0
2026-04-01 16:07:00,GCP,ap-northeast-1,15.22,785.26,0
2026-04-01 16:08:00,Azure,us-east-1,8.33,215.0,0
2026-04-01 16:09:00,Azure,eu-west-1,18.85,968.34,0
2026-04-01 16:10:00,GCP,us-east-1,11.25,819.36,0
2026-04-01 16:11:00,AWS,eu-west-1,9.4,543.58,0
2026-04-01 16:12:00,GCP,eu-west-1,9.79,931.75,0
2026-04-01 16:13:00,Azure,us-east-1,10.12,252.17,0
2026-04-01 16:14:00,AWS,eu-west-1,6.21,992.5,0
2026-04-01 16:15:00,AWS,eu-west-1,6.63,745.14,0
2026-04-01 16:16:00,Azure,us-east-1,10.3,188.54,0
2026-04-01 16:17:00,Azure,sa-east-1,88.42779764036298,582.93,0
2026-04-01 16:18:00,Azure,us-east-1,17.41,739.79,0
2026-04-01 16:19:00,GCP,eu-west-1,18.21,651.72,0
2026-04-01 16:20:00,GCP,ap-northeast-1,22.17,481.55,0
2026-04-01 16:21:00,AWS,sa-east-1,70.77498298393685,323.33,0
2026-04-01 16:22:00,Azure,ap-northeast-1,9.7,314.41,0
2026-04-01 16:23:00,AWS,sa-east-1,76.13676301980304,934.26,0
2026-04-01 16:24:00,AWS,ap-northeast-1,8.06,311.27,0
2026-04-01 16:25:00,AWS,sa-east-1,108.69820041624736,966.16,0
2026-04-01 16:26:00,AWS,us-east-1,7.63,289.2,0
2026-04-01 16:27:00,Azure,sa-east-1,86.06194569209048,445.86,0
2026-04-01 16:28:00,AWS,sa-east-1,69.10154436411374,111.09,0
2026-04-01 16:29:00,Azure,sa-east-1,120.2300439014885,912.83,0
2026-04-01 16:30:00,Azure,eu-west-1,22.51,193.92,0
2026-04-01 16:31:00,GCP,ap-northeast-1,16.65,421.6,0
2026-04-01 16:32:00,Azure,us-east-1,27.39,858.27,1
2026-04-01 16:33:00,GCP,ap-northeast-1,11.04,812.71,0
2026-04-01 16:34:00,Azure,ap-northeast-1,12.99,857.35,0
2026-04-01 16:35:00,Azure,us-east-1,13.63,922.7,0
2026-04-01 16:36:00,Azure,eu-west-1,16.36,919.96,0
2026-04-01 16:37:00,GCP,sa-east-1,55.76048745713226,793.45,0
2026-04-01 16:38:00,GCP,eu-west-1,11.55,624.18,0
2026-04-01 16:39:00,AWS,eu-west-1,18.71,605.39,0
2026-04-01 16:40:00,GCP,sa-east-1,74.03288596669313,111.63,0
2026-04-01 16:41:00,GCP,ap-northeast-1,32.45,750.31,1
2026-04-01 16:42:00,GCP,sa-east-1,79.27860848112591,304.01,0
2026-04-01 16:43:00,GCP,us-east-1,15.76,845.83,0
2026-04-01 16:44:00,AWS,sa-east-1,122.6555723377329,598.42,0
2026-04-01 16:45:00,GCP,ap-northeast-1,13.0,988.52,0
2026-04-01 16:46:00,Azure,eu-west-1,26.24,289.25,0
2026-04-01 16:47:00,Azure,eu-west-1,16.31,751.12,0
2026-04-01 16:48:00,GCP,sa-east-1,108.88042748904243,592.78,0
2026-04-01 16:49:00,GCP,us-east-1,7.81,938.63,0
2026-04-01 16:50:00,Azure,ap-northeast-1,21.18,339.39,0
2026-04-01 16:51:00,Azure,eu-west-1,9.0,153.49,0
2026-04-01 16:52:00,AWS,sa-east-1,84.10443469880633,589.48,0
2026-04-01 16:53:00,Azure,us-east-1,22.86,569.45,0
2026-04-01 16:54:00,Azure,us-east-1,10.14,380.54,0
2026-04-01 16:55:00,GCP,eu-west-1,14.5,987.88,0
2026-04-01 16:56:00,Azure,eu-west-1,11.86,162.74,0
2026-04-01 16:57:00,AWS,ap-northeast-1,12.07,612.57,0
2026-04-01 16:58:00,Azure,us-east-1,11.31,334.2,0
2026-04-01 16:59:00,GCP,ap-northeast-1,7.26,101.72,0
2026-04-01 17:00:00,GCP,us-east-1,16.0,989.06,0
2026-04-01 17:01:00,Azure,us-east-1,16.73,533.45,0
2026-04-01 17:02:00,GCP,sa-east-1,74.98784319765748,871.47,0
2026-04-01 17:03:00,AWS,eu-west-1,9.77,856.06,0
2026-04-01 17:04:00,AWS,us-east-1,19.23,831.05,0
2026-04-01 17:05:00,Azure,ap-northeast-1,10.68,513.12,0
2026-04-01 17:06:00,Azure,eu-west-1,12.76,906.33,0
2026-04-01 17:07:00,Azure,ap-northeast-1,7.84,430.55,0
2026-04-01 17:08:00,GCP,eu-west-1,11.8,467.55,0
2026-04-01 17:09:00,AWS,eu-west-1,7.86,330.13,0
2026-04-01 17:10:00,AWS,us-east-1,9.0,503.28,0
2026-04-01 17:11:00,GCP,sa-east-1,105.53138856028949,987.85,0
2026-04-01 17:12:00,AWS,us-east-1,18.76,615.92,0
2026-04-01 17:13:00,Azure,eu-west-1,6.27,847.99,0
2026-04-01 17:14:00,Azure,us-east-1,13.92,337.01,0
2026-04-01 17:15:00,Azure,us-east-1,10.9,960.33,0
2026-04-01 17:16:00,AWS,eu-west-1,24.49,111.86,0
2026-04-01 17:17:00,Azure,eu-west-1,17.99,937.22,0
2026-04-01 17:18:00,GCP,us-east-1,6.55,908.2,0
2026-04-01 17:19:00,GCP,us-east-1,9.2,160.62,0
2026-04-01 17:20:00,AWS,us-east-1,12.1,644.36,0
2026-04-01 17:21:00,GCP,ap-northeast-1,9.2,806.72,0
2026-04-01 17:22:00,GCP,us-east-1,19.19,463.43,0
2026-04-01 17:23:00,AWS,ap-northeast-1,13.26,182.67,0
2026-04-01 17:24:00,Azure,sa-east-1,70.47502854065615,846.46,0
2026-04-01 17:25:00,Azure,ap-northeast-1,19.89,519.85,0
2026-04-01 17:26:00,Azure,us-east-1,6.76,336.93,0
2026-04-01 17:27:00,AWS,sa-east-1,84.5110422329819,163.77,0
2026-04-01 17:28:00,GCP,ap-northeast-1,13.79,676.15,0
2026-04-01 17:29:00,Azure,ap-northeast-1,11.35,138.07,0
2026-04-01 17:30:00,Azure,eu-west-1,2.58,811.98,0
2026-04-01 17:31:00,AWS,sa-east-1,85.35191597723525,793.68,0
2026-04-01 17:32:00,Azure,eu-west-1,15.66,390.65,0
2026-04-01 17:33:00,AWS,sa-east-1,104.10024284315357,525.06,0
2026-04-01 17:34:00,GCP,ap-northeast-1,4.09,702.3,0
2026-04-01 17:35:00,AWS,eu-west-1,8.68,963.21,0
2026-04-01 17:36:00,AWS,us-east-1,11.0,568.14,0
2026-04-01 17:37:00,AWS,ap-northeast-1,11.53,997.01,0
2026-04-01 17:38:00,AWS,sa-east-1,92.35052484320313,392.6,0
2026-04-01 17:39:00,GCP,sa-east-1,86.65882851974617,573.84,0
2026-04-01 17:40:00,GCP,eu-west-1,20.38,204.05,0
2026-04-01 17:41:00,Azure,eu-west-1,19.66,600.8,0
2026-04-01 17:42:00,GCP,sa-east-1,102.79264481203194,582.68,0
2026-04-01 17:43:00,GCP,ap-northeast-1,6.64,863.93,0
2026-04-01 17:44:00,Azure,eu-west-1,18.91,996.9,0
2026-04-01 17:45:00,GCP,us-east-1,7.64,987.56,0
2026-04-01 17:46:00,AWS,sa-east-1,113.45608506045942,312.67,0
2026-04-01 17:47:00,AWS,us-east-1,8.43,404.6,0
2026-04-01 17:48:00,Azure,sa-east-1,106.09142800015252,347.19,0
2026-04-01 17:49:00,Azure,us-east-1,26.25,279.71,0
2026-04-01 17:50:00,Azure,ap-northeast-1,19.42,235.12,0
2026-04-01 17:51:00,AWS,sa-east-1,88.45267428308446,560.57,0
2026-04-01 17:52:00,GCP,ap-northeast-1,6.89,885.25,0
2026-04-01 17:53:00,AWS,eu-west-1,17.96,630.88,0
2026-04-01 17:54:00,Azure,sa-east-1,119.32592421349374,885.4,0
2026-04-01 17:55:00,GCP,ap-northeast-1,15.1,963.55,0
2026-04-01 17:56:00,GCP,us-east-1,9.43,444.83,0
2026-04-01 17:57:00,AWS,ap-northeast-1,12.44,852.1,0
2026-04-01 17:58:00,Azure,sa-east-1,84.13434825600514,147.1,0
2026-04-01 17:59:00,AWS,ap-northeast-1,11.65,532.97,0
2026-04-01 18:00:00,GCP,us-east-1,7.69,431.47,0
2026-04-01 18:01:00,AWS,us-east-1,20.74,284.37,0
2026-04-01 18:02:00,AWS,us-east-1,31.16,494.55,0
2026-04-01 18:03:00,Azure,eu-west-1,24.86,499.33,0
2026-04-01 18:04:00,Azure,sa-east-1,90.76902255131441,827.69,0
2026-04-01 18:05:00,GCP,us-east-1,21.71,882.03,0
2026-04-01 18:06:00,AWS,eu-west-1,16.27,691.26,0
2026-04-01 18:07:00,AWS,us-east-1,8.77,670.05,0
2026-04-01 18:08:00,AWS,ap-northeast-1,4.57,199.16,0
2026-04-01 18:09:00,GCP,sa-east-1,62.31575576111876,617.74,0
2026-04-01 18:10:00,GCP,ap-northeast-1,14.61,347.0,0
2026-04-01 18:11:00,Azure,eu-west-1,7.0,365.29,0
2026-04-01 18:12:00,Azure,ap-northeast-1,22.56,185.3,0
2026-04-01 18:13:00,Azure,ap-northeast-1,22.29,672.28,0
2026-04-01 18:14:00,AWS,us-east-1,15.39,625.43,0
2026-04-01 18:15:00,AWS,ap-northeast-1,6.13,298.25,0
2026-04-01 18:16:00,Azure,us-east-1,10.69,336.73,0
2026-04-01 18:17:00,AWS,us-east-1,17.49,795.7,0
2026-04-01 18:18:00,Azure,sa-east-1,96.07868878043294,813.64,0
2026-04-01 18:19:00,GCP,eu-west-1,8.59,543.78,0
2026-04-01 18:20:00,Azure,eu-west-1,9.24,234.1,0
2026-04-01 18:21:00,GCP,eu-west-1,8.48,150.03,0
2026-04-01 18:22:00,AWS,us-east-1,10.58,344.32,0
2026-04-01 18:23:00,Azure,eu-west-1,9.55,758.07,0
2026-04-01 18:24:00,AWS,us-east-1,8.72,640.73,0
2026-04-01 18:25:00,GCP,sa-east-1,68.21894535374456,746.3,0
2026-04-01 18:26:00,GCP,eu-west-1,12.43,524.57,0
2026-04-01 18:27:00,GCP,us-east-1,20.98,779.24,0
2026-04-01 18:28:00,AWS,eu-west-1,5.0,532.73,0
2026-04-01 18:29:00,AWS,eu-west-1,22.41,175.61,0
2026-04-01 18:30:00,AWS,sa-east-1,84.59503881037608,171.87,0
2026-04-01 18:31:00,AWS,ap-northeast-1,30.88,848.35,0
2026-04-01 18:32:00,GCP,eu-west-1,17.06,666.66,0
2026-04-01 18:33:00,GCP,sa-east-1,78.34556568671184,351.21,0
2026-04-01 18:34:00,Azure,eu-west-1,11.57,781.46,0
2026-04-01 18:35:00,Azure,eu-west-1,34.18,222.16,0
2026-04-01 18:36:00,AWS,eu-west-1,12.0,680.72,0
2026-04-01 18:37:00,GCP,eu-west-1,25.94,990.54,0
2026-04-01 18:38:00,GCP,ap-northeast-1,9.14,235.02,0
2026-04-01 18:39:00,GCP,ap-northeast-1,17.43,227.75,0
2026-04-01 18:40:00,Azure,eu-west-1,31.47,521.05,0
2026-04-01 18:41:00,Azure,eu-west-1,7.97,678.4,0
2026-04-01 18:42:00,GCP,sa-east-1,84.60415210444197,123.89,0
2026-04-01 18:43:00,GCP,sa-east-1,98.1682297664503,549.7,0
2026-04-01 18:44:00,GCP,us-east-1,15.1,174.85,0
2026-04-01 18:45:00,Azure,ap-northeast-1,31.41,317.19,0
2026-04-01 18:46:00,GCP,eu-west-1,7.64,741.16,0
2026-04-01 18:47:00,GCP,ap-northeast-1,13.17,764.98,0
2026-04-01 18:48:00,AWS,sa-east-1,60.960240577694336,756.76,0
2026-04-01 18:49:00,AWS,ap-northeast-1,11.42,158.63,0
2026-04-01 18:50:00,Azure,ap-northeast-1,16.62,808.09,0
2026-04-01 18:51:00,GCP,eu-west-1,10.5,488.99,0
2026-04-01 18:52:00,GCP,eu-west-1,26.76,527.78,0
2026-04-01 18:53:00,AWS,sa-east-1,92.38007225855017,477.72,0
2026-04-01 18:54:00,Azure,eu-west-1,6.29,871.32,0
2026-04-01 18:55:00,AWS,sa-east-1,71.53367932987399,711.97,0
2026-04-01 18:56:00,AWS,sa-east-1,103.95205366416644,550.02,0
2026-04-01 18:57:00,AWS,us-east-1,15.98,850.86,0
2026-04-01 18:58:00,AWS,us-east-1,13.88,824.83,0
2026-04-01 18:59:00,GCP,us-east-1,10.5,104.54,0
2026-04-01 19:00:00,GCP,ap-northeast-1,11.61,530.99,0
2026-04-01 19:01:00,AWS,us-east-1,12.25,138.02,0
2026-04-01 19:02:00,Azure,eu-west-1,3.59,376.47,0
2026-04-01 19:03:00,Azure,eu-west-1,15.36,823.45,0
2026-04-01 19:04:00,Azure,us-east-1,20.05,949.65,0
2026-04-01 19:05:00,Azure,ap-northeast-1,8.38,317.86,0
2026-04-01 19:06:00,AWS,sa-east-1,95.35965878369373,119.28,0
2026-04-01 19:07:00,GCP,ap-northeast-1,14.54,462.1,0
2026-04-01 19:08:00,Azure,ap-northeast-1,18.27,401.61,0
2026-04-01 19:09:00,AWS,sa-east-1,71.3642968800333,709.27,0
2026-04-01 19:10:00,Azure,sa-east-1,66.25833538052086,545.55,0
2026-04-01 19:11:00,Azure,sa-east-1,61.092665625038194,458.96,0
2026-04-01 19:12:00,AWS,eu-west-1,7.34,306.6,0
2026-04-01 19:13:00,GCP,sa-east-1,99.59064393265919,845.63,0
2026-04-01 19:14:00,GCP,sa-east-1,79.86494133445935,323.55,0
2026-04-01 19:15:00,AWS,ap-northeast-1,5.53,149.26,0
2026-04-01 19:16:00,GCP,ap-northeast-1,14.49,608.15,0
2026-04-01 19:17:00,AWS,us-east-1,6.44,385.61,0
2026-04-01 19:18:00,AWS,ap-northeast-1,47.05,741.19,0
2026-04-01 19:19:00,AWS,sa-east-1,72.74474985082469,172.78,0
2026-04-01 19:20:00,GCP,eu-west-1,12.51,969.68,0
2026-04-01 19:21:00,AWS,ap-northeast-1,6.97,268.17,0
2026-04-01 19:22:00,Azure,ap-northeast-1,19.26,421.35,0
2026-04-01 19:23:00,GCP,sa-east-1,94.55452222777924,532.86,0
2026-04-01 19:24:00,GCP,ap-northeast-1,20.21,901.11,0
2026-04-01 19:25:00,GCP,ap-northeast-1,17.88,750.29,0
2026-04-01 19:26:00,GCP,sa-east-1,81.99661990769862,230.35,0
2026-04-01 19:27:00,Azure,ap-northeast-1,8.47,494.75,0
2026-04-01 19:28:00,GCP,eu-west-1,10.25,588.62,0
2026-04-01 19:29:00,GCP,us-east-1,11.78,731.91,0
2026-04-01 19:30:00,AWS,ap-northeast-1,11.04,614.63,0
2026-04-01 19:31:00,GCP,eu-west-1,17.53,511.6,0
2026-04-01 19:32:00,Azure,ap-northeast-1,13.69,788.99,0
2026-04-01 19:33:00,Azure,us-east-1,8.97,440.25,0
2026-04-01 19:34:00,Azure,sa-east-1,89.574260472014,988.46,0
2026-04-01 19:35:00,Azure,us-east-1,8.1,953.0,0
2026-04-01 19:36:00,GCP,ap-northeast-1,14.37,736.64,0
2026-04-01 19:37:00,GCP,us-east-1,11.06,894.35,0
2026-04-01 19:38:00,Azure,us-east-1,34.47,453.86,0
2026-04-01 19:39:00,Azure,sa-east-1,108.14644327777921,623.32,0
2026-04-01 19:40:00,GCP,ap-northeast-1,13.39,345.39,0
2026-04-01 19:41:00,Azure,us-east-1,4.95,897.08,0
2026-04-01 19:42:00,AWS,us-east-1,6.24,523.92,0
2026-04-01 19:43:00,Azure,sa-east-1,82.29320639708324,582.53,0
2026-04-01 19:44:00,Azure,eu-west-1,9.33,878.11,0
2026-04-01 19:45:00,AWS,ap-northeast-1,5.81,817.55,0
2026-04-01 19:46:00,AWS,eu-west-1,6.84,389.57,0
2026-04-01 19:47:00,GCP,eu-west-1,16.99,178.68,0
2026-04-01 19:48:00,GCP,sa-east-1,89.83175784906314,245.88,0
2026-04-01 19:49:00,AWS,sa-east-1,93.92566876598336,405.19,0
2026-04-01 19:50:00,AWS,ap-northeast-1,16.38,374.76,0
2026-04-01 19:51:00,GCP,eu-west-1,19.56,134.48,0
2026-04-01 19:52:00,Azure,us-east-1,14.1,488.86,0
2026-04-01 19:53:00,AWS,eu-west-1,14.53,195.27,0
2026-04-01 19:54:00,GCP,sa-east-1,96.59492521528178,298.8,0
2026-04-01 19:55:00,Azure,us-east-1,14.99,808.73,0
2026-04-01 19:56:00,AWS,us-east-1,20.44,545.39,0
2026-04-01 19:57:00,Azure,sa-east-1,87.39167154413589,435.66,0
2026-04-01 19:58:00,GCP,us-east-1,11.68,266.89,0
2026-04-01 19:59:00,AWS,eu-west-1,12.53,879.65,0
2026-04-01 20:00:00,Azure,sa-east-1,103.20726578579935,913.32,0
2026-04-01 20:01:00,AWS,ap-northeast-1,12.96,566.81,0
2026-04-01 20:02:00,Azure,sa-east-1,100.32155707153854,929.15,0
2026-04-01 20:03:00,GCP,ap-northeast-1,18.07,518.31,0
2026-04-01 20:04:00,GCP,ap-northeast-1,9.32,196.52,0
2026-04-01 20:05:00,AWS,sa-east-1,63.79347803662809,115.34,0
2026-04-01 20:06:00,Azure,sa-east-1,122.6693659690137,215.54,0
2026-04-01 20:07:00,AWS,ap-northeast-1,23.39,660.39,0
2026-04-01 20:08:00,AWS,ap-northeast-1,13.18,388.81,0
2026-04-01 20:09:00,Azure,us-east-1,8.86,683.48,0
2026-04-01 20:10:00,Azure,sa-east-1,97.74003881200585,557.18,0
2026-04-01 20:11:00,Azure,sa-east-1,109.94012279947464,399.71,0
2026-04-01 20:12:00,GCP,us-east-1,15.71,296.81,0
2026-04-01 20:13:00,AWS,sa-east-1,68.19396925077122,172.94,0
2026-04-01 20:14:00,AWS,us-east-1,12.22,804.15,0
2026-04-01 20:15:00,GCP,us-east-1,10.23,837.1,0
2026-04-01 20:16:00,Azure,sa-east-1,81.9704155730989,587.31,0
2026-04-01 20:17:00,GCP,eu-west-1,12.92,241.39,0
2026-04-01 20:18:00,GCP,ap-northeast-1,15.14,337.18,0
2026-04-01 20:19:00,GCP,sa-east-1,85.18467845697225,959.63,0
2026-04-01 20:20:00,AWS,eu-west-1,27.28,303.35,0
2026-04-01 20:21:00,GCP,us-east-1,10.37,151.12,0
2026-04-01 20:22:00,AWS,eu-west-1,9.97,595.04,0
2026-04-01 20:23:00,AWS,sa-east-1,104.83787309273481,335.72,0
2026-04-01 20:24:00,AWS,sa-east-1,76.84579585538198,961.69,0
2026-04-01 20:25:00,Azure,eu-west-1,8.94,617.29,0
2026-04-01 20:26:00,AWS,sa-east-1,109.77103376762022,969.23,0
2026-04-01 20:27:00,AWS,ap-northeast-1,21.38,807.02,0
2026-04-01 20:28:00,Azure,eu-west-1,19.44,750.78,0
2026-04-01 20:29:00,AWS,us-east-1,7.24,847.33,0
2026-04-01 20:30:00,GCP,eu-west-1,27.49,644.4,0
2026-04-01 20:31:00,GCP,eu-west-1,15.36,110.01,0
2026-04-01 20:32:00,AWS,eu-west-1,8.09,453.22,0
2026-04-01 20:33:00,Azure,eu-west-1,8.44,297.12,0
2026-04-01 20:34:00,GCP,us-east-1,12.63,490.88,0
2026-04-01 20:35:00,Azure,us-east-1,35.74,523.49,0
2026-04-01 20:36:00,Azure,us-east-1,13.55,215.05,0
2026-04-01 20:37:00,GCP,eu-west-1,35.57,121.09,0
2026-04-01 20:38:00,Azure,ap-northeast-1,18.9,224.38,0
2026-04-01 20:39:00,GCP,ap-northeast-1,6.48,871.68,0
2026-04-01 20:40:00,Azure,us-east-1,24.62,780.27,0
2026-04-01 20:41:00,GCP,ap-northeast-1,7.6,819.0,0
2026-04-01 20:42:00,AWS,ap-northeast-1,8.96,348.68,0
2026-04-01 20:43:00,GCP,ap-northeast-1,13.98,312.49,0
2026-04-01 20:44:00,GCP,ap-northeast-1,12.01,133.64,0
2026-04-01 20:45:00,GCP,ap-northeast-1,19.04,525.04,0
2026-04-01 20:46:00,GCP,sa-east-1,100.58229603206597,444.17,0
2026-04-01 20:47:00,Azure,us-east-1,11.48,852.3,0
2026-04-01 20:48:00,AWS,eu-west-1,28.49,713.68,0
2026-04-01 20:49:00,GCP,ap-northeast-1,9.61,229.86,0
2026-04-01 20:50:00,Azure,sa-east-1,73.62749461124231,988.44,0
2026-04-01 20:51:00,AWS,eu-west-1,15.36,793.58,0
2026-04-01 20:52:00,AWS,sa-east-1,81.01391595989853,748.21,0
2026-04-01 20:53:00,AWS,ap-northeast-1,13.77,294.95,0
2026-04-01 20:54:00,AWS,ap-northeast-1,17.62,914.64,0
2026-04-01 20:55:00,GCP,ap-northeast-1,11.11,526.53,0
2026-04-01 20:56:00,GCP,ap-northeast-1,30.86,367.89,0
2026-04-01 20:57:00,Azure,eu-west-1,13.91,689.35,0
2026-04-01 20:58:00,Azure,eu-west-1,9.73,290.58,0
2026-04-01 20:59:00,Azure,sa-east-1,89.7860626626236,916.81,0
2026-04-01 21:00:00,AWS,us-east-1,11.67,868.91,0
2026-04-01 21:01:00,AWS,ap-northeast-1,12.89,518.42,0
2026-04-01 21:02:00,GCP,sa-east-1,75.35650006662422,271.59,0
2026-04-01 21:03:00,AWS,sa-east-1,67.92366051246597,546.85,0
2026-04-01 21:04:00,AWS,sa-east-1,92.47735094006615,234.22,0
2026-04-01 21:05:00,AWS,ap-northeast-1,6.57,342.86,0
2026-04-01 21:06:00,Azure,ap-northeast-1,11.46,534.46,0
2026-04-01 21:07:00,Azure,sa-east-1,68.31631686654332,119.03,0
2026-04-01 21:08:00,GCP,ap-northeast-1,24.69,789.15,0
2026-04-01 21:09:00,AWS,sa-east-1,102.30101832015725,277.22,0
2026-04-01 21:10:00,AWS,eu-west-1,17.8,879.95,0
2026-04-01 21:11:00,GCP,ap-northeast-1,11.47,120.03,0
2026-04-01 21:12:00,AWS,eu-west-1,4.1,578.92,0
2026-04-01 21:13:00,AWS,us-east-1,12.47,798.99,0
2026-04-01 21:14:00,Azure,ap-northeast-1,11.78,314.15,0
2026-04-01 21:15:00,GCP,us-east-1,15.07,736.8,0
2026-04-01 21:16:00,GCP,sa-east-1,100.073495661253,748.78,0
2026-04-01 21:17:00,GCP,ap-northeast-1,9.32,674.06,0
2026-04-01 21:18:00,GCP,ap-northeast-1,22.21,427.83,0
2026-04-01 21:19:00,Azure,ap-northeast-1,10.3,806.56,0
2026-04-01 21:20:00,Azure,us-east-1,4.68,665.59,0
2026-04-01 21:21:00,AWS,us-east-1,15.57,631.35,0
2026-04-01 21:22:00,AWS,sa-east-1,113.34604339959918,837.25,0
2026-04-01 21:23:00,AWS,eu-west-1,18.67,320.17,0
2026-04-01 21:24:00,AWS,eu-west-1,8.96,309.24,0
2026-04-01 21:25:00,Azure,us-east-1,12.18,447.8,0
2026-04-01 21:26:00,GCP,ap-northeast-1,15.89,165.82,0
2026-04-01 21:27:00,Azure,eu-west-1,19.73,403.65,0
2026-04-01 21:28:00,AWS,eu-west-1,15.66,465.64,0
2026-04-01 21:29:00,Azure,us-east-1,17.95,545.55,0
2026-04-01 21:30:00,GCP,sa-east-1,80.74552726124978,328.61,0
2026-04-01 21:31:00,GCP,us-east-1,3.88,916.16,0
2026-04-01 21:32:00,Azure,us-east-1,20.63,356.57,0
2026-04-01 21:33:00,Azure,ap-northeast-1,7.59,866.4,0
2026-04-01 21:34:00,Azure,us-east-1,11.18,500.46,0
2026-04-01 21:35:00,AWS,ap-northeast-1,18.25,746.34,0
2026-04-01 21:36:00,Azure,sa-east-1,94.91146276634059,199.81,0
2026-04-01 21:37:00,Azure,ap-northeast-1,17.31,590.17,0
2026-04-01 21:38:00,Azure,sa-east-1,132.06967668349057,964.74,0
2026-04-01 21:39:00,GCP,sa-east-1,81.79285324224303,699.63,0
2026-04-01 21:40:00,GCP,sa-east-1,90.12923232598575,838.26,0
2026-04-01 21:41:00,AWS,us-east-1,5.91,334.96,0
2026-04-01 21:42:00,AWS,ap-northeast-1,17.09,820.15,0
2026-04-01 21:43:00,GCP,eu-west-1,12.69,416.13,0
2026-04-01 21:44:00,GCP,us-east-1,6.11,536.57,0
2026-04-01 21:45:00,GCP,sa-east-1,93.88161143161547,269.16,0
2026-04-01 21:46:00,Azure,eu-west-1,17.5,537.13,0
2026-04-01 21:47:00,Azure,us-east-1,12.11,564.13,0
2026-04-01 21:48:00,GCP,eu-west-1,36.36,660.09,0
2026-04-01 21:49:00,Azure,sa-east-1,89.00553277798946,881.77,0
2026-04-01 21:50:00,Azure,eu-west-1,7.42,374.37,0
2026-04-01 21:51:00,AWS,eu-west-1,21.9,985.72,0
2026-04-01 21:52:00,GCP,sa-east-1,106.81367498809819,862.92,0
2026-04-01 21:53:00,GCP,eu-west-1,31.4,462.63,0
2026-04-01 21:54:00,Azure,us-east-1,19.52,304.0,0
2026-04-01 21:55:00,GCP,eu-west-1,15.52,164.35,0
2026-04-01 21:56:00,AWS,ap-northeast-1,15.08,310.93,0
2026-04-01 21:57:00,AWS,us-east-1,6.72,896.07,0
2026-04-01 21:58:00,AWS,eu-west-1,9.43,362.83,0
2026-04-01 21:59:00,GCP,ap-northeast-1,13.52,224.18,0
2026-04-01 22:00:00,GCP,ap-northeast-1,6.14,120.41,0
2026-04-01 22:01:00,GCP,ap-northeast-1,15.39,367.91,0
2026-04-01 22:02:00,GCP,eu-west-1,8.4,294.54,0
2026-04-01 22:03:00,GCP,sa-east-1,91.21390187924662,191.98,0
2026-04-01 22:04:00,AWS,ap-northeast-1,17.38,955.98,0
2026-04-01 22:05:00,Azure,sa-east-1,90.39977590078779,340.86,0
2026-04-01 22:06:00,AWS,us-east-1,15.41,105.56,0
2026-04-01 22:07:00,GCP,sa-east-1,70.94318911093053,949.85,0
2026-04-01 22:08:00,AWS,sa-east-1,74.52591022279816,620.66,0
2026-04-01 22:09:00,GCP,sa-east-1,110.99291290631464,174.53,0
2026-04-01 22:10:00,GCP,sa-east-1,80.0946068812639,128.28,0
2026-04-01 22:11:00,AWS,sa-east-1,118.4831815176108,197.06,0
2026-04-01 22:12:00,GCP,us-east-1,31.62,632.34,0
2026-04-01 22:13:00,Azure,us-east-1,9.92,155.68,0
2026-04-01 22:14:00,GCP,sa-east-1,96.19381085127513,611.33,0
2026-04-01 22:15:00,Azure,sa-east-1,72.15072802956458,687.29,0
2026-04-01 22:16:00,Azure,ap-northeast-1,19.68,232.82,0
2026-04-01 22:17:00,GCP,us-east-1,11.7,539.59,0
2026-04-01 22:18:00,AWS,eu-west-1,6.04,967.49,0
2026-04-01 22:19:00,Azure,us-east-1,5.25,852.84,0
2026-04-01 22:20:00,AWS,eu-west-1,24.78,751.03,0
2026-04-01 22:21:00,Azure,ap-northeast-1,16.52,565.96,0
2026-04-01 22:22:00,GCP,sa-east-1,64.91094844632696,454.85,0
2026-04-01 22:23:00,GCP,ap-northeast-1,31.23,506.29,0
2026-04-01 22:24:00,Azure,sa-east-1,104.28778445488243,788.15,0
2026-04-01 22:25:00,GCP,us-east-1,20.44,598.87,0
2026-04-01 22:26:00,Azure,sa-east-1,79.88010134917015,788.19,1
2026-04-01 22:27:00,GCP,eu-west-1,15.87,972.89,0
2026-04-01 22:28:00,AWS,eu-west-1,18.69,676.46,0
2026-04-01 22:29:00,GCP,ap-northeast-1,32.43,642.79,0
2026-04-01 22:30:00,AWS,us-east-1,7.49,465.55,0
2026-04-01 22:31:00,GCP,eu-west-1,10.28,277.08,0
2026-04-01 22:32:00,AWS,ap-northeast-1,11.89,436.78,0
2026-04-01 22:33:00,GCP,us-east-1,16.23,568.09,0
2026-04-01 22:34:00,AWS,us-east-1,26.65,131.37,0
2026-04-01 22:35:00,Azure,ap-northeast-1,14.98,528.22,0
2026-04-01 22:36:00,Azure,eu-west-1,16.65,875.93,0
2026-04-01 22:37:00,AWS,eu-west-1,17.09,978.96,0
2026-04-01 22:38:00,GCP,ap-northeast-1,12.32,869.99,0
2026-04-01 22:39:00,AWS,eu-west-1,9.89,254.78,0
2026-04-01 22:40:00,GCP,ap-northeast-1,12.65,239.51,0
2026-04-01 22:41:00,Azure,eu-west-1,8.78,453.98,0
2026-04-01 22:42:00,GCP,eu-west-1,8.86,302.89,0
2026-04-01 22:43:00,Azure,ap-northeast-1,14.64,708.4,0
2026-04-01 22:44:00,GCP,ap-northeast-1,9.59,176.1,0
2026-04-01 22:45:00,GCP,eu-west-1,30.67,499.35,0
2026-04-01 22:46:00,GCP,ap-northeast-1,13.11,352.32,0
2026-04-01 22:47:00,AWS,eu-west-1,24.04,635.86,0
2026-04-01 22:48:00,AWS,sa-east-1,68.42736343448586,817.36,0
2026-04-01 22:49:00,Azure,us-east-1,6.64,931.21,0
2026-04-01 22:50:00,Azure,us-east-1,11.52,967.47,0
2026-04-01 22:51:00,AWS,eu-west-1,19.46,416.08,0
2026-04-01 22:52:00,Azure,us-east-1,9.54,870.26,0
2026-04-01 22:53:00,AWS,eu-west-1,11.59,632.77,0
2026-04-01 22:54:00,GCP,ap-northeast-1,20.08,723.03,0
2026-04-01 22:55:00,Azure,sa-east-1,60.84396559439631,866.02,0
2026-04-01 22:56:00,Azure,us-east-1,8.34,217.1,0
2026-04-01 22:57:00,AWS,us-east-1,17.36,952.67,0
2026-04-01 22:58:00,Azure,ap-northeast-1,6.35,592.66,0
2026-04-01 22:59:00,Azure,sa-east-1,95.87508095397975,402.4,0
2026-04-01 23:00:00,GCP,sa-east-1,111.7533377597162,404.86,0
2026-04-01 23:01:00,Azure,sa-east-1,80.19171164725341,775.9,0
2026-04-01 23:02:00,GCP,ap-northeast-1,18.38,710.79,0
2026-04-01 23:03:00,AWS,us-east-1,19.87,756.53,0
2026-04-01 23:04:00,Azure,us-east-1,10.47,327.7,0
2026-04-01 23:05:00,GCP,sa-east-1,70.47393966751252,253.18,0
2026-04-01 23:06:00,AWS,ap-northeast-1,15.69,749.67,0
2026-04-01 23:07:00,Azure,ap-northeast-1,17.47,368.63,0
2026-04-01 23:08:00,AWS,ap-northeast-1,8.87,300.19,0
2026-04-01 23:09:00,Azure,sa-east-1,112.9055053700574,293.15,0
2026-04-01 23:10:00,AWS,ap-northeast-1,11.29,233.56,0
2026-04-01 23:11:00,AWS,sa-east-1,72.78999152606589,484.13,0
2026-04-01 23:12:00,GCP,sa-east-1,63.58770594475173,334.85,0
2026-04-01 23:13:00,AWS,sa-east-1,96.2461231395476,904.48,0
2026-04-01 23:14:00,Azure,eu-west-1,7.71,720.23,0
2026-04-01 23:15:00,Azure,sa-east-1,77.28079577729491,769.48,0
2026-04-01 23:16:00,GCP,ap-northeast-1,24.91,463.25,0
2026-04-01 23:17:00,Azure,eu-west-1,18.41,640.19,0
2026-04-01 23:18:00,Azure,us-east-1,9.32,550.72,0
2026-04-01 23:19:00,Azure,us-east-1,28.45,250.71,0
2026-04-01 23:20:00,AWS,ap-northeast-1,10.32,143.07,0
2026-04-01 23:21:00,AWS,ap-northeast-1,17.18,715.17,0
2026-04-01 23:22:00,Azure,ap-northeast-1,12.94,209.06,0
2026-04-01 23:23:00,GCP,ap-northeast-1,10.13,151.61,0
2026-04-01 23:24:00,AWS,eu-west-1,16.01,497.68,0
2026-04-01 23:25:00,GCP,ap-northeast-1,31.18,764.22,0
2026-04-01 23:26:00,Azure,sa-east-1,100.15234201195625,791.98,0
2026-04-01 23:27:00,Azure,us-east-1,32.76,886.12,0
2026-04-01 23:28:00,AWS,ap-northeast-1,11.12,279.29,0
2026-04-01 23:29:00,Azure,sa-east-1,62.74207891646725,987.06,0
2026-04-01 23:30:00,AWS,ap-northeast-1,6.6,786.89,0
2026-04-01 23:31:00,Azure,sa-east-1,81.28757549142775,241.49,0
2026-04-01 23:32:00,Azure,eu-west-1,10.92,856.65,0
2026-04-01 23:33:00,AWS,us-east-1,10.33,549.06,0
2026-04-01 23:34:00,AWS,us-east-1,7.54,159.89,0
2026-04-01 23:35:00,AWS,eu-west-1,8.32,218.84,0
2026-04-01 23:36:00,Azure,sa-east-1,85.15760552165304,490.5,0
2026-04-01 23:37:00,Azure,ap-northeast-1,22.05,577.46,0
2026-04-01 23:38:00,GCP,sa-east-1,94.98013574472499,952.74,0
2026-04-01 23:39:00,AWS,us-east-1,4.3,294.14,0
2026-04-01 23:40:00,Azure,eu-west-1,5.05,526.69,0
2026-04-01 23:41:00,Azure,eu-west-1,7.97,303.3,0
2026-04-01 23:42:00,AWS,sa-east-1,92.86821942442502,602.56,0
2026-04-01 23:43:00,GCP,sa-east-1,66.42687679138136,918.39,0
2026-04-01 23:44:00,AWS,eu-west-1,10.13,610.98,0
2026-04-01 23:45:00,GCP,us-east-1,10.01,559.06,0
2026-04-01 23:46:00,Azure,ap-northeast-1,4.76,775.12,1
2026-04-01 23:47:00,GCP,ap-northeast-1,18.74,232.85,0
2026-04-01 23:48:00,Azure,sa-east-1,94.78401039785089,915.05,0
2026-04-01 23:49:00,AWS,eu-west-1,10.3,619.87,0
2026-04-01 23:50:00,AWS,eu-west-1,12.71,717.68,0
2026-04-01 23:51:00,AWS,eu-west-1,12.93,837.06,0
2026-04-01 23:52:00,GCP,us-east-1,7.14,671.53,0
2026-04-01 23:53:00,Azure,sa-east-1,106.4995457880273,677.08,0
2026-04-01 23:54:00,AWS,sa-east-1,91.59021544562226,756.66,0
2026-04-01 23:55:00,AWS,sa-east-1,77.13341642218309,147.01,0
2026-04-01 23:56:00,Azure,us-east-1,13.62,443.99,0
2026-04-01 23:57:00,AWS,sa-east-1,102.27294069462569,966.64,0
2026-04-01 23:58:00,Azure,ap-northeast-1,9.83,332.14,0
2026-04-01 23:59:00,Azure,sa-east-1,106.12823868034343,588.03,0
2026-04-02 00:00:00,Azure,sa-east-1,72.78583624144518,257.88,0
2026-04-02 00:01:00,Azure,sa-east-1,112.79864782784476,390.95,0
2026-04-02 00:02:00,Azure,us-east-1,5.43,745.37,0
2026-04-02 00:03:00,GCP,ap-northeast-1,8.88,678.78,0
2026-04-02 00:04:00,AWS,ap-northeast-1,5.81,472.88,0
2026-04-02 00:05:00,GCP,eu-west-1,23.62,944.27,0
2026-04-02 00:06:00,AWS,eu-west-1,11.96,797.54,0
2026-04-02 00:07:00,GCP,ap-northeast-1,10.56,341.13,0
2026-04-02 00:08:00,Azure,sa-east-1,69.1157787608398,518.9,0
2026-04-02 00:09:00,AWS,sa-east-1,101.6697011162962,890.23,0
2026-04-02 00:10:00,AWS,sa-east-1,107.11879657854831,120.22,0
2026-04-02 00:11:00,GCP,us-east-1,21.57,623.32,0
2026-04-02 00:12:00,GCP,sa-east-1,102.64586652889865,308.76,0
2026-04-02 00:13:00,AWS,us-east-1,7.53,157.44,0
2026-04-02 00:14:00,GCP,ap-northeast-1,13.68,921.57,0
2026-04-02 00:15:00,GCP,sa-east-1,68.74226706253496,834.65,0
2026-04-02 00:16:00,GCP,sa-east-1,93.84827228767236,266.76,0
2026-04-02 00:17:00,Azure,eu-west-1,9.93,853.25,0
2026-04-02 00:18:00,Azure,ap-northeast-1,11.68,231.78,0
2026-04-02 00:19:00,GCP,sa-east-1,73.89305034134576,528.55,1
2026-04-02 00:20:00,GCP,us-east-1,11.45,753.2,0
2026-04-02 00:21:00,Azure,ap-northeast-1,10.79,580.43,0
2026-04-02 00:22:00,Azure,eu-west-1,21.79,865.7,0
2026-04-02 00:23:00,AWS,ap-northeast-1,18.82,655.19,0
2026-04-02 00:24:00,AWS,us-east-1,12.33,488.76,0
2026-04-02 00:25:00,Azure,eu-west-1,5.39,932.65,0
2026-04-02 00:26:00,GCP,us-east-1,9.78,132.67,0
2026-04-02 00:27:00,GCP,ap-northeast-1,21.8,539.56,0
2026-04-02 00:28:00,GCP,eu-west-1,11.03,694.7,0
2026-04-02 00:29:00,GCP,us-east-1,7.15,852.45,0
2026-04-02 00:30:00,AWS,ap-northeast-1,21.67,587.04,0
2026-04-02 00:31:00,Azure,us-east-1,5.41,896.97,0
2026-04-02 00:32:00,GCP,sa-east-1,89.55278038684135,483.65,0
2026-04-02 00:33:00,AWS,ap-northeast-1,16.1,385.42,0
2026-04-02 00:34:00,GCP,eu-west-1,12.98,976.43,0
2026-04-02 00:35:00,Azure,eu-west-1,6.55,700.46,0
2026-04-02 00:36:00,AWS,sa-east-1,61.41364244053601,483.2,0
2026-04-02 00:37:00,Azure,us-east-1,8.59,890.37,0
2026-04-02 00:38:00,Azure,us-east-1,18.03,714.77,0
2026-04-02 00:39:00,AWS,eu-west-1,13.27,674.14,0
2026-04-02 00:40:00,AWS,us-east-1,10.04,755.68,0
2026-04-02 00:41:00,AWS,ap-northeast-1,14.95,764.46,0
2026-04-02 00:42:00,AWS,ap-northeast-1,8.37,543.69,0
2026-04-02 00:43:00,AWS,eu-west-1,17.62,477.38,0
2026-04-02 00:44:00,AWS,ap-northeast-1,15.26,918.35,0
2026-04-02 00:45:00,AWS,eu-west-1,10.89,547.52,0
2026-04-02 00:46:00,GCP,us-east-1,11.23,294.24,0
2026-04-02 00:47:00,Azure,us-east-1,10.27,569.44,0
2026-04-02 00:48:00,AWS,us-east-1,20.04,130.98,0
2026-04-02 00:49:00,GCP,sa-east-1,112.63778219019372,750.99,1
2026-04-02 00:50:00,GCP,eu-west-1,10.93,214.29,0
2026-04-02 00:51:00,GCP,ap-northeast-1,7.5,200.55,0
2026-04-02 00:52:00,Azure,us-east-1,16.36,951.72,0
2026-04-02 00:53:00,AWS,sa-east-1,94.15572194348509,795.3,0
2026-04-02 00:54:00,GCP,ap-northeast-1,9.37,472.81,0
2026-04-02 00:55:00,Azure,ap-northeast-1,9.87,315.62,0
2026-04-02 00:56:00,Azure,ap-northeast-1,11.49,859.14,0
2026-04-02 00:57:00,Azure,us-east-1,6.84,971.73,0
2026-04-02 00:58:00,GCP,ap-northeast-1,12.64,557.52,0
2026-04-02 00:59:00,AWS,eu-west-1,5.35,622.07,0
2026-04-02 01:00:00,GCP,sa-east-1,62.3944826155429,318.75,0
2026-04-02 01:01:00,GCP,ap-northeast-1,9.44,630.33,0
2026-04-02 01:02:00,AWS,ap-northeast-1,8.9,460.54,0
2026-04-02 01:03:00,AWS,eu-west-1,15.27,861.02,0
2026-04-02 01:04:00,AWS,ap-northeast-1,14.03,439.4,0
2026-04-02 01:05:00,Azure,us-east-1,24.25,683.9,0
2026-04-02 01:06:00,AWS,us-east-1,12.76,283.12,0
2026-04-02 01:07:00,GCP,us-east-1,13.51,181.61,0
2026-04-02 01:08:00,AWS,ap-northeast-1,6.81,136.32,0
2026-04-02 01:09:00,GCP,sa-east-1,88.93342109724796,474.08,0
2026-04-02 01:10:00,Azure,sa-east-1,62.965674487541676,247.18,0
2026-04-02 01:11:00,GCP,ap-northeast-1,12.69,994.13,0
2026-04-02 01:12:00,GCP,sa-east-1,64.40335361093157,818.55,0
2026-04-02 01:13:00,AWS,sa-east-1,81.93732843068167,724.04,0
2026-04-02 01:14:00,AWS,ap-northeast-1,6.97,822.99,0
2026-04-02 01:15:00,GCP,us-east-1,28.36,336.47,0
2026-04-02 01:16:00,AWS,ap-northeast-1,5.78,891.34,0
2026-04-02 01:17:00,Azure,us-east-1,14.68,996.07,0
2026-04-02 01:18:00,Azure,us-east-1,6.53,360.87,0
2026-04-02 01:19:00,AWS,sa-east-1,81.04644121019962,986.18,0
2026-04-02 01:20:00,Azure,sa-east-1,68.95802243265904,388.36,0
2026-04-02 01:21:00,AWS,us-east-1,3.11,110.55,0
2026-04-02 01:22:00,GCP,us-east-1,13.1,430.49,0
2026-04-02 01:23:00,GCP,sa-east-1,83.59858326928483,997.76,0
2026-04-02 01:24:00,Azure,eu-west-1,21.18,671.64,0
2026-04-02 01:25:00,AWS,us-east-1,12.67,725.93,0
2026-04-02 01:26:00,AWS,us-east-1,8.39,314.51,0
2026-04-02 01:27:00,Azure,us-east-1,9.3,231.33,0
2026-04-02 01:28:00,GCP,sa-east-1,136.4897341065461,896.96,0
2026-04-02 01:29:00,Azure,ap-northeast-1,7.87,472.05,0
2026-04-02 01:30:00,GCP,us-east-1,15.84,103.7,0
2026-04-02 01:31:00,AWS,us-east-1,14.9,364.82,0
2026-04-02 01:32:00,GCP,us-east-1,16.02,276.16,0
2026-04-02 01:33:00,Azure,ap-northeast-1,15.38,643.4,0
2026-04-02 01:34:00,AWS,ap-northeast-1,10.66,780.51,0
2026-04-02 01:35:00,Azure,us-east-1,5.05,547.75,0
2026-04-02 01:36:00,Azure,us-east-1,13.17,267.31,0
2026-04-02 01:37:00,GCP,eu-west-1,12.1,152.17,0
2026-04-02 01:38:00,Azure,ap-northeast-1,12.96,382.18,0
2026-04-02 01:39:00,GCP,eu-west-1,16.16,825.37,0
2026-04-02 01:40:00,AWS,us-east-1,9.91,477.56,0
2026-04-02 01:41:00,GCP,us-east-1,8.93,327.03,0
2026-04-02 01:42:00,AWS,us-east-1,19.11,118.65,0
2026-04-02 01:43:00,GCP,us-east-1,10.34,546.46,0
2026-04-02 01:44:00,Azure,sa-east-1,80.62758840117759,716.34,0
2026-04-02 01:45:00,GCP,sa-east-1,77.80443540671604,271.3,0
2026-04-02 01:46:00,GCP,sa-east-1,99.90699371736773,583.47,0
2026-04-02 01:47:00,AWS,eu-west-1,10.97,478.66,0
2026-04-02 01:48:00,Azure,ap-northeast-1,36.83,733.55,0
2026-04-02 01:49:00,GCP,us-east-1,12.54,874.54,0
2026-04-02 01:50:00,Azure,ap-northeast-1,6.66,376.34,0
2026-04-02 01:51:00,GCP,sa-east-1,72.20685136574244,914.29,0
2026-04-02 01:52:00,GCP,us-east-1,16.91,736.26,0
2026-04-02 01:53:00,Azure,us-east-1,9.02,133.45,0
2026-04-02 01:54:00,GCP,eu-west-1,12.08,812.12,0
2026-04-02 01:55:00,Azure,ap-northeast-1,19.87,545.16,0
2026-04-02 01:56:00,GCP,eu-west-1,21.42,950.91,0
2026-04-02 01:57:00,AWS,sa-east-1,90.76032628496809,391.27,0
2026-04-02 01:58:00,Azure,ap-northeast-1,10.71,632.09,0
2026-04-02 01:59:00,GCP,sa-east-1,110.62337699592294,960.53,0
2026-04-02 02:00:00,GCP,eu-west-1,23.84,344.04,0
2026-04-02 02:01:00,AWS,eu-west-1,7.03,524.76,0
2026-04-02 02:02:00,Azure,us-east-1,14.58,777.25,0
2026-04-02 02:03:00,GCP,ap-northeast-1,12.52,721.99,0
2026-04-02 02:04:00,AWS,ap-northeast-1,7.78,854.83,0
2026-04-02 02:05:00,GCP,us-east-1,22.62,567.82,0
2026-04-02 02:06:00,Azure,ap-northeast-1,19.99,387.03,0
2026-04-02 02:07:00,GCP,sa-east-1,99.8786597183034,581.58,0
2026-04-02 02:08:00,GCP,sa-east-1,97.53988100200131,414.96,0
2026-04-02 02:09:00,GCP,eu-west-1,12.24,258.79,0
2026-04-02 02:10:00,GCP,sa-east-1,103.02393597478105,599.47,0
2026-04-02 02:11:00,AWS,ap-northeast-1,14.38,143.54,0
2026-04-02 02:12:00,AWS,us-east-1,7.74,132.92,0
2026-04-02 02:13:00,Azure,eu-west-1,6.35,158.12,0
2026-04-02 02:14:00,AWS,us-east-1,14.65,705.35,0
2026-04-02 02:15:00,AWS,eu-west-1,12.78,466.29,0
2026-04-02 02:16:00,Azure,eu-west-1,10.3,544.7,0
2026-04-02 02:17:00,AWS,us-east-1,11.63,409.06,0
2026-04-02 02:18:00,AWS,sa-east-1,104.87978952340669,328.27,0
2026-04-02 02:19:00,Azure,sa-east-1,61.29537529454736,422.47,0
2026-04-02 02:20:00,Azure,sa-east-1,97.31516717107124,274.04,0
2026-04-02 02:21:00,Azure,sa-east-1,93.99867321088988,710.88,0
2026-04-02 02:22:00,GCP,us-east-1,19.76,191.56,0
2026-04-02 02:23:00,GCP,ap-northeast-1,6.12,565.21,0
2026-04-02 02:24:00,Azure,eu-west-1,10.52,529.14,0
2026-04-02 02:25:00,Azure,us-east-1,10.26,371.73,0
2026-04-02 02:26:00,Azure,sa-east-1,111.67382759053355,192.06,0
2026-04-02 02:27:00,GCP,sa-east-1,61.58017207993235,733.02,0
2026-04-02 02:28:00,GCP,us-east-1,14.72,612.59,0
2026-04-02 02:29:00,AWS,eu-west-1,7.83,828.53,0
2026-04-02 02:30:00,AWS,us-east-1,10.5,311.97,0
2026-04-02 02:31:00,Azure,us-east-1,23.87,812.41,0
2026-04-02 02:32:00,GCP,ap-northeast-1,18.56,362.75,0
2026-04-02 02:33:00,GCP,us-east-1,12.96,201.33,0
2026-04-02 02:34:00,GCP,ap-northeast-1,6.07,221.42,0
2026-04-02 02:35:00,Azure,eu-west-1,14.39,298.95,0
2026-04-02 02:36:00,AWS,us-east-1,14.88,714.19,0
2026-04-02 02:37:00,Azure,us-east-1,4.26,319.57,0
2026-04-02 02:38:00,AWS,sa-east-1,91.34341705194174,643.48,0
2026-04-02 02:39:00,AWS,us-east-1,7.11,330.87,0
2026-04-02 02:40:00,Azure,sa-east-1,86.65654660805686,428.7,0
2026-04-02 02:41:00,AWS,sa-east-1,87.94471227006606,900.75,0
2026-04-02 02:42:00,AWS,sa-east-1,57.1150361189881,550.33,0
2026-04-02 02:43:00,GCP,eu-west-1,9.94,640.23,0
2026-04-02 02:44:00,AWS,ap-northeast-1,7.37,270.35,0
2026-04-02 02:45:00,Azure,sa-east-1,87.94153595538458,218.36,0
2026-04-02 02:46:00,Azure,us-east-1,10.18,471.86,0
2026-04-02 02:47:00,AWS,us-east-1,8.5,869.85,0
2026-04-02 02:48:00,GCP,sa-east-1,68.61714928402942,316.83,0
2026-04-02 02:49:00,GCP,sa-east-1,93.83934809900018,659.52,0
2026-04-02 02:50:00,AWS,us-east-1,23.97,884.89,0
2026-04-02 02:51:00,AWS,sa-east-1,113.1806089885763,940.97,0
2026-04-02 02:52:00,Azure,ap-northeast-1,10.15,994.41,0
2026-04-02 02:53:00,AWS,ap-northeast-1,11.77,786.66,0
2026-04-02 02:54:00,GCP,eu-west-1,17.31,167.51,0
2026-04-02 02:55:00,AWS,sa-east-1,67.76346974051066,884.32,0
2026-04-02 02:56:00,Azure,eu-west-1,14.65,897.07,0
2026-04-02 02:57:00,Azure,eu-west-1,39.78,601.55,0
2026-04-02 02:58:00,Azure,eu-west-1,17.86,160.69,0
2026-04-02 02:59:00,Azure,sa-east-1,108.88401982308852,529.0,0
2026-04-02 03:00:00,Azure,eu-west-1,23.85,289.63,0
2026-04-02 03:01:00,AWS,ap-northeast-1,19.14,497.9,0
2026-04-02 03:02:00,AWS,eu-west-1,10.74,751.71,0
2026-04-02 03:03:00,AWS,ap-northeast-1,6.75,700.8,0
2026-04-02 03:04:00,AWS,ap-northeast-1,11.4,801.99,0
2026-04-02 03:05:00,Azure,sa-east-1,81.75169290619422,528.87,0
2026-04-02 03:06:00,GCP,eu-west-1,10.58,559.71,0
2026-04-02 03:07:00,AWS,sa-east-1,71.02804139697295,942.12,0
2026-04-02 03:08:00,GCP,ap-northeast-1,10.02,668.07,0
2026-04-02 03:09:00,AWS,us-east-1,5.8,772.79,0
2026-04-02 03:10:00,AWS,eu-west-1,8.61,698.07,0
2026-04-02 03:11:00,GCP,sa-east-1,79.90765193542063,676.44,0
2026-04-02 03:12:00,Azure,us-east-1,16.93,922.19,0
2026-04-02 03:13:00,AWS,eu-west-1,15.19,420.84,0
2026-04-02 03:14:00,AWS,eu-west-1,10.09,484.92,0
2026-04-02 03:15:00,AWS,sa-east-1,76.14686322142968,441.78,0
2026-04-02 03:16:00,GCP,us-east-1,32.2,788.68,0
2026-04-02 03:17:00,Azure,sa-east-1,88.72208960322818,881.58,0
2026-04-02 03:18:00,GCP,eu-west-1,27.18,421.75,0
2026-04-02 03:19:00,GCP,eu-west-1,5.92,228.11,0
2026-04-02 03:20:00,Azure,ap-northeast-1,5.18,544.7,0
2026-04-02 03:21:00,GCP,eu-west-1,11.32,985.9,0
2026-04-02 03:22:00,Azure,eu-west-1,11.96,283.31,0
2026-04-02 03:23:00,AWS,us-east-1,6.92,506.8,0
2026-04-02 03:24:00,Azure,us-east-1,10.33,344.25,0
2026-04-02 03:25:00,AWS,ap-northeast-1,14.9,930.41,0
2026-04-02 03:26:00,GCP,ap-northeast-1,7.48,595.83,0
2026-04-02 03:27:00,GCP,ap-northeast-1,20.25,620.87,0
2026-04-02 03:28:00,AWS,sa-east-1,97.73329241026775,107.44,0
2026-04-02 03:29:00,GCP,sa-east-1,119.6364980483908,687.5,0
2026-04-02 03:30:00,Azure,ap-northeast-1,7.74,375.72,0
2026-04-02 03:31:00,AWS,sa-east-1,71.94445066556922,562.07,0
2026-04-02 03:32:00,GCP,eu-west-1,11.17,577.96,0
2026-04-02 03:33:00,AWS,ap-northeast-1,10.63,633.0,0
2026-04-02 03:34:00,Azure,ap-northeast-1,10.35,841.19,0
2026-04-02 03:35:00,Azure,sa-east-1,83.73886740996836,369.04,0
2026-04-02 03:36:00,GCP,us-east-1,16.54,330.55,0
2026-04-02 03:37:00,Azure,ap-northeast-1,7.87,816.23,0
2026-04-02 03:38:00,AWS,sa-east-1,57.21386697678884,746.85,0
2026-04-02 03:39:00,Azure,sa-east-1,71.47693443360065,303.05,0
2026-04-02 03:40:00,AWS,us-east-1,7.85,100.75,0
2026-04-02 03:41:00,AWS,ap-northeast-1,18.6,699.34,0
2026-04-02 03:42:00,Azure,us-east-1,13.09,241.46,0
2026-04-02 03:43:00,GCP,eu-west-1,19.35,961.3,0
2026-04-02 03:44:00,Azure,us-east-1,5.21,643.97,0
2026-04-02 03:45:00,AWS,us-east-1,13.97,864.69,0
2026-04-02 03:46:00,AWS,sa-east-1,76.42400157515661,825.06,0
2026-04-02 03:47:00,Azure,us-east-1,22.2,602.02,0
2026-04-02 03:48:00,GCP,eu-west-1,9.93,494.52,0
2026-04-02 03:49:00,GCP,sa-east-1,79.67978699326342,547.12,0
2026-04-02 03:50:00,AWS,eu-west-1,25.87,822.69,0
2026-04-02 03:51:00,AWS,us-east-1,11.18,676.41,0
2026-04-02 03:52:00,GCP,eu-west-1,13.31,285.15,0
2026-04-02 03:53:00,Azure,eu-west-1,15.46,648.42,0
2026-04-02 03:54:00,AWS,us-east-1,5.29,464.2,0
2026-04-02 03:55:00,AWS,us-east-1,12.44,155.17,0
2026-04-02 03:56:00,GCP,sa-east-1,81.32202860202742,443.14,0
2026-04-02 03:57:00,Azure,sa-east-1,95.1725597903912,304.84,0
2026-04-02 03:58:00,GCP,ap-northeast-1,10.51,854.73,0
2026-04-02 03:59:00,Azure,sa-east-1,69.05442571385366,194.5,0
2026-04-02 04:00:00,Azure,us-east-1,16.67,424.56,0
2026-04-02 04:01:00,Azure,eu-west-1,12.79,725.94,0
2026-04-02 04:02:00,AWS,eu-west-1,7.17,907.65,0
2026-04-02 04:03:00,GCP,sa-east-1,84.87094231258561,401.79,0
2026-04-02 04:04:00,GCP,sa-east-1,104.97214326176098,645.79,0
2026-04-02 04:05:00,Azure,us-east-1,11.95,436.28,0
2026-04-02 04:06:00,AWS,eu-west-1,5.98,282.59,0
2026-04-02 04:07:00,AWS,ap-northeast-1,9.89,393.15,0
2026-04-02 04:08:00,GCP,ap-northeast-1,11.26,672.31,0
2026-04-02 04:09:00,AWS,sa-east-1,68.62910552487196,744.71,0
2026-04-02 04:10:00,AWS,ap-northeast-1,8.86,433.55,0
2026-04-02 04:11:00,Azure,us-east-1,19.28,237.28,0
2026-04-02 04:12:00,AWS,ap-northeast-1,42.3,225.6,1
2026-04-02 04:13:00,Azure,sa-east-1,81.73057988189913,831.35,0
2026-04-02 04:14:00,GCP,us-east-1,6.19,687.95,0
2026-04-02 04:15:00,AWS,eu-west-1,10.93,755.23,0
2026-04-02 04:16:00,GCP,us-east-1,12.95,539.43,0
2026-04-02 04:17:00,GCP,sa-east-1,78.30593088486872,511.59,0
2026-04-02 04:18:00,AWS,sa-east-1,73.82160319818695,290.04,0
2026-04-02 04:19:00,AWS,ap-northeast-1,24.1,251.51,0
2026-04-02 04:20:00,GCP,ap-northeast-1,12.17,238.52,0
2026-04-02 04:21:00,AWS,eu-west-1,12.29,992.61,0
2026-04-02 04:22:00,Azure,eu-west-1,4.74,838.8,0
2026-04-02 04:23:00,Azure,sa-east-1,95.1502032220962,663.52,0
2026-04-02 04:24:00,AWS,sa-east-1,68.16317994543026,292.96,0
2026-04-02 04:25:00,GCP,sa-east-1,76.37843447851027,403.89,0
2026-04-02 04:26:00,AWS,eu-west-1,6.85,415.71,0
2026-04-02 04:27:00,AWS,sa-east-1,69.46434241710887,529.91,0
2026-04-02 04:28:00,GCP,eu-west-1,21.0,479.8,0
2026-04-02 04:29:00,GCP,sa-east-1,56.851233394033585,940.74,0
2026-04-02 04:30:00,Azure,us-east-1,11.03,748.73,0
2026-04-02 04:31:00,GCP,us-east-1,18.77,173.26,0
2026-04-02 04:32:00,Azure,sa-east-1,96.9295159679019,423.96,0
2026-04-02 04:33:00,GCP,us-east-1,23.65,219.67,0
2026-04-02 04:34:00,AWS,eu-west-1,9.03,351.42,0
2026-04-02 04:35:00,Azure,ap-northeast-1,29.24,963.0,0
2026-04-02 04:36:00,Azure,us-east-1,5.56,734.74,0
2026-04-02 04:37:00,Azure,ap-northeast-1,23.68,107.07,0
2026-04-02 04:38:00,AWS,us-east-1,7.79,395.98,0
2026-04-02 04:39:00,AWS,eu-west-1,25.09,494.83,0
2026-04-02 04:40:00,AWS,us-east-1,9.64,642.25,0
2026-04-02 04:41:00,AWS,us-east-1,21.16,549.75,0
2026-04-02 04:42:00,AWS,sa-east-1,105.19649709442116,162.8,0
2026-04-02 04:43:00,Azure,ap-northeast-1,9.13,563.99,0
2026-04-02 04:44:00,AWS,ap-northeast-1,20.31,217.23,0
2026-04-02 04:45:00,Azure,eu-west-1,12.01,567.28,0
2026-04-02 04:46:00,AWS,eu-west-1,5.86,321.46,0
2026-04-02 04:47:00,GCP,ap-northeast-1,15.71,229.77,0
2026-04-02 04:48:00,Azure,sa-east-1,81.13630461280206,359.13,0
2026-04-02 04:49:00,GCP,sa-east-1,92.50679556907042,189.66,0
2026-04-02 04:50:00,Azure,ap-northeast-1,7.8,355.59,0
2026-04-02 04:51:00,GCP,us-east-1,14.72,880.24,0
2026-04-02 04:52:00,AWS,ap-northeast-1,7.44,376.45,0
2026-04-02 04:53:00,AWS,us-east-1,6.6,523.2,0
2026-04-02 04:54:00,AWS,ap-northeast-1,7.23,567.83,0
2026-04-02 04:55:00,Azure,us-east-1,8.54,260.46,0
2026-04-02 04:56:00,GCP,sa-east-1,107.94499482428026,497.61,0
2026-04-02 04:57:00,AWS,ap-northeast-1,19.19,867.68,0
2026-04-02 04:58:00,GCP,eu-west-1,19.06,172.47,0
2026-04-02 04:59:00,GCP,us-east-1,11.97,930.54,0
2026-04-02 05:00:00,AWS,sa-east-1,92.74312456888109,884.0,0
2026-04-02 05:01:00,AWS,eu-west-1,11.11,870.25,0
2026-04-02 05:02:00,GCP,sa-east-1,110.5492612598425,278.69,0
2026-04-02 05:03:00,AWS,us-east-1,21.32,535.88,0
2026-04-02 05:04:00,AWS,ap-northeast-1,11.3,654.54,0
2026-04-02 05:05:00,AWS,sa-east-1,75.97475970381869,189.95,0
2026-04-02 05:06:00,Azure,ap-northeast-1,6.55,601.16,0
2026-04-02 05:07:00,GCP,ap-northeast-1,18.66,856.04,0
2026-04-02 05:08:00,GCP,sa-east-1,107.73788099428671,942.9,0
2026-04-02 05:09:00,Azure,sa-east-1,84.34674111268846,350.5,0
2026-04-02 05:10:00,GCP,sa-east-1,112.87128702736206,359.87,0
2026-04-02 05:11:00,AWS,ap-northeast-1,6.55,343.66,0
2026-04-02 05:12:00,GCP,eu-west-1,3.91,238.11,0
2026-04-02 05:13:00,AWS,us-east-1,18.6,487.64,0
2026-04-02 05:14:00,Azure,eu-west-1,14.77,806.02,0
2026-04-02 05:15:00,AWS,ap-northeast-1,6.65,740.88,0
2026-04-02 05:16:00,GCP,sa-east-1,101.74047704488905,910.29,0
2026-04-02 05:17:00,GCP,sa-east-1,74.75199306754939,420.17,0
2026-04-02 05:18:00,GCP,us-east-1,13.88,615.0,0
2026-04-02 05:19:00,Azure,us-east-1,41.23,789.88,0
2026-04-02 05:20:00,Azure,eu-west-1,7.96,908.36,0
2026-04-02 05:21:00,GCP,eu-west-1,3.98,884.58,0
2026-04-02 05:22:00,AWS,us-east-1,6.02,518.97,0
2026-04-02 05:23:00,Azure,ap-northeast-1,3.87,916.17,0
2026-04-02 05:24:00,GCP,eu-west-1,35.5,499.65,0
2026-04-02 05:25:00,GCP,sa-east-1,104.0397881488098,912.55,0
2026-04-02 05:26:00,Azure,sa-east-1,98.98442403948926,799.27,0
2026-04-02 05:27:00,Azure,ap-northeast-1,10.2,299.48,0
2026-04-02 05:28:00,Azure,us-east-1,7.75,936.7,0
2026-04-02 05:29:00,AWS,eu-west-1,5.13,318.22,0
2026-04-02 05:30:00,AWS,sa-east-1,81.14676245994768,917.58,0
2026-04-02 05:31:00,GCP,us-east-1,18.58,653.6,0
2026-04-02 05:32:00,Azure,eu-west-1,10.89,700.64,0
2026-04-02 05:33:00,AWS,ap-northeast-1,5.48,198.4,0
2026-04-02 05:34:00,Azure,sa-east-1,67.44372681244698,159.17,0
2026-04-02 05:35:00,GCP,ap-northeast-1,18.53,971.51,0
2026-04-02 05:36:00,AWS,ap-northeast-1,9.35,403.23,0
2026-04-02 05:37:00,AWS,ap-northeast-1,8.78,859.93,0
2026-04-02 05:38:00,AWS,eu-west-1,5.18,734.03,0
2026-04-02 05:39:00,GCP,ap-northeast-1,16.68,643.72,0
2026-04-02 05:40:00,Azure,eu-west-1,9.67,716.69,0
2026-04-02 05:41:00,AWS,eu-west-1,3.19,180.45,0
2026-04-02 05:42:00,GCP,ap-northeast-1,5.8,471.16,0
2026-04-02 05:43:00,Azure,ap-northeast-1,16.14,646.37,0
2026-04-02 05:44:00,GCP,us-east-1,10.27,880.81,0
2026-04-02 05:45:00,Azure,sa-east-1,94.8460763785803,743.22,0
2026-04-02 05:46:00,GCP,us-east-1,12.51,327.53,0
2026-04-02 05:47:00,Azure,sa-east-1,81.34786552633494,986.43,0
2026-04-02 05:48:00,AWS,sa-east-1,105.81091553930021,678.73,0
2026-04-02 05:49:00,Azure,us-east-1,10.65,551.18,0
2026-04-02 05:50:00,GCP,us-east-1,28.3,803.24,0
2026-04-02 05:51:00,GCP,sa-east-1,92.27989732410981,642.43,0
2026-04-02 05:52:00,Azure,sa-east-1,79.3535889326884,738.99,0
2026-04-02 05:53:00,AWS,sa-east-1,82.3567418501835,655.42,0
2026-04-02 05:54:00,AWS,eu-west-1,5.89,260.95,0
2026-04-02 05:55:00,Azure,sa-east-1,96.76550058744021,589.02,0
2026-04-02 05:56:00,Azure,ap-northeast-1,4.81,354.79,0
2026-04-02 05:57:00,GCP,ap-northeast-1,7.89,613.26,0
2026-04-02 05:58:00,AWS,ap-northeast-1,6.71,212.95,0
2026-04-02 05:59:00,Azure,us-east-1,20.34,308.77,0
2026-04-02 06:00:00,AWS,us-east-1,8.0,827.85,0
2026-04-02 06:01:00,Azure,us-east-1,4.6,464.74,0
2026-04-02 06:02:00,Azure,sa-east-1,88.95217696305639,706.41,0
2026-04-02 06:03:00,AWS,ap-northeast-1,11.15,548.06,0
2026-04-02 06:04:00,Azure,sa-east-1,83.67389657546741,406.63,0
2026-04-02 06:05:00,Azure,eu-west-1,16.53,545.66,0
2026-04-02 06:06:00,GCP,eu-west-1,22.55,832.33,0
2026-04-02 06:07:00,Azure,us-east-1,10.6,353.44,0
2026-04-02 06:08:00,Azure,eu-west-1,13.91,479.3,0
2026-04-02 06:09:00,Azure,ap-northeast-1,10.74,282.32,0
2026-04-02 06:10:00,GCP,eu-west-1,15.69,416.07,0
2026-04-02 06:11:00,AWS,us-east-1,5.84,896.6,0
2026-04-02 06:12:00,GCP,sa-east-1,113.9309876953836,807.15,0
2026-04-02 06:13:00,GCP,eu-west-1,14.03,436.25,0
2026-04-02 06:14:00,AWS,ap-northeast-1,7.54,219.16,0
2026-04-02 06:15:00,GCP,ap-northeast-1,36.75,477.97,1
2026-04-02 06:16:00,AWS,ap-northeast-1,6.17,794.55,0
2026-04-02 06:17:00,GCP,sa-east-1,83.26716582433141,139.42,0
2026-04-02 06:18:00,AWS,ap-northeast-1,7.55,770.81,0
2026-04-02 06:19:00,Azure,us-east-1,16.26,711.92,0
2026-04-02 06:20:00,GCP,us-east-1,33.11,158.18,0
2026-04-02 06:21:00,GCP,ap-northeast-1,17.95,672.08,0
2026-04-02 06:22:00,GCP,eu-west-1,11.5,368.79,0
2026-04-02 06:23:00,GCP,ap-northeast-1,19.38,259.56,0
2026-04-02 06:24:00,Azure,us-east-1,9.07,446.39,0
2026-04-02 06:25:00,GCP,us-east-1,15.56,284.85,0
2026-04-02 06:26:00,Azure,us-east-1,12.73,842.1,0
2026-04-02 06:27:00,Azure,eu-west-1,6.63,767.8,0
2026-04-02 06:28:00,Azure,eu-west-1,28.63,982.68,0
2026-04-02 06:29:00,Azure,eu-west-1,22.69,580.67,0
2026-04-02 06:30:00,AWS,us-east-1,7.94,180.29,0
2026-04-02 06:31:00,AWS,sa-east-1,94.84095032447304,430.99,0
2026-04-02 06:32:00,GCP,ap-northeast-1,6.76,854.77,0
2026-04-02 06:33:00,AWS,ap-northeast-1,15.36,457.18,0
2026-04-02 06:34:00,AWS,us-east-1,12.48,510.11,0
2026-04-02 06:35:00,GCP,eu-west-1,28.2,470.77,0
2026-04-02 06:36:00,GCP,sa-east-1,92.0870419089997,311.84,0
2026-04-02 06:37:00,GCP,sa-east-1,58.32324242922844,165.88,1
2026-04-02 06:38:00,AWS,eu-west-1,20.28,262.5,0
2026-04-02 06:39:00,AWS,ap-northeast-1,9.77,427.55,0
2026-04-02 06:40:00,GCP,ap-northeast-1,9.55,320.89,0
2026-04-02 06:41:00,Azure,sa-east-1,88.685608257928,615.46,0
2026-04-02 06:42:00,GCP,sa-east-1,75.92999938155026,652.52,0
2026-04-02 06:43:00,Azure,eu-west-1,29.89,613.06,0
2026-04-02 06:44:00,Azure,ap-northeast-1,18.22,176.43,0
2026-04-02 06:45:00,GCP,sa-east-1,89.3923405231124,700.17,0
2026-04-02 06:46:00,GCP,ap-northeast-1,8.47,446.12,0
2026-04-02 06:47:00,GCP,sa-east-1,88.51123768202656,890.34,0
2026-04-02 06:48:00,AWS,eu-west-1,19.76,573.05,0
2026-04-02 06:49:00,Azure,ap-northeast-1,11.78,176.06,0
2026-04-02 06:50:00,AWS,sa-east-1,93.04492882824475,108.3,0
2026-04-02 06:51:00,AWS,sa-east-1,96.68751381184036,732.26,0
2026-04-02 06:52:00,GCP,sa-east-1,70.9193808514724,460.46,0
2026-04-02 06:53:00,AWS,sa-east-1,85.32765991461926,359.2,0
2026-04-02 06:54:00,GCP,eu-west-1,13.06,502.46,0
2026-04-02 06:55:00,Azure,ap-northeast-1,6.18,165.15,0
2026-04-02 06:56:00,GCP,ap-northeast-1,16.11,452.79,0
2026-04-02 06:57:00,AWS,us-east-1,9.88,383.23,0
2026-04-02 06:58:00,AWS,ap-northeast-1,18.83,820.17,0
2026-04-02 06:59:00,GCP,us-east-1,16.77,257.37,0
2026-04-02 07:00:00,GCP,sa-east-1,89.42932580155727,780.69,0
2026-04-02 07:01:00,AWS,eu-west-1,11.41,550.36,0
2026-04-02 07:02:00,Azure,eu-west-1,27.92,173.7,0
2026-04-02 07:03:00,Azure,sa-east-1,57.48251256037393,972.71,0
2026-04-02 07:04:00,GCP,us-east-1,9.15,760.79,0
2026-04-02 07:05:00,Azure,sa-east-1,98.86814998922104,334.08,0
2026-04-02 07:06:00,AWS,eu-west-1,25.6,623.58,0
2026-04-02 07:07:00,GCP,eu-west-1,11.37,909.94,0
2026-04-02 07:08:00,AWS,ap-northeast-1,8.59,937.73,0
2026-04-02 07:09:00,AWS,us-east-1,8.68,758.04,0
2026-04-02 07:10:00,Azure,ap-northeast-1,5.95,754.9,0
2026-04-02 07:11:00,GCP,eu-west-1,33.14,349.63,0
2026-04-02 07:12:00,GCP,eu-west-1,11.31,990.79,0
2026-04-02 07:13:00,Azure,ap-northeast-1,15.37,319.13,0
2026-04-02 07:14:00,AWS,ap-northeast-1,15.45,180.47,0
2026-04-02 07:15:00,AWS,eu-west-1,25.58,979.64,0
2026-04-02 07:16:00,AWS,ap-northeast-1,9.88,237.56,0
2026-04-02 07:17:00,AWS,ap-northeast-1,10.23,569.45,0
2026-04-02 07:18:00,GCP,us-east-1,18.46,521.42,0
2026-04-02 07:19:00,GCP,eu-west-1,4.97,863.39,0
2026-04-02 07:20:00,Azure,sa-east-1,95.63381636362634,456.99,0
2026-04-02 07:21:00,Azure,us-east-1,29.05,551.96,0
2026-04-02 07:22:00,GCP,sa-east-1,87.70287040775992,139.36,0
2026-04-02 07:23:00,GCP,ap-northeast-1,7.62,287.05,0
2026-04-02 07:24:00,AWS,ap-northeast-1,18.66,849.7,0
2026-04-02 07:25:00,AWS,sa-east-1,76.23681217519157,530.53,0
2026-04-02 07:26:00,Azure,ap-northeast-1,13.08,307.84,0
2026-04-02 07:27:00,GCP,ap-northeast-1,13.59,432.02,0
2026-04-02 07:28:00,Azure,us-east-1,8.77,356.59,0
2026-04-02 07:29:00,GCP,sa-east-1,89.09697644957153,600.6,0
2026-04-02 07:30:00,AWS,us-east-1,5.86,146.3,0
2026-04-02 07:31:00,Azure,sa-east-1,98.15203353185852,302.47,0
2026-04-02 07:32:00,Azure,us-east-1,14.62,419.47,0
2026-04-02 07:33:00,GCP,eu-west-1,20.53,935.39,0
2026-04-02 07:34:00,AWS,eu-west-1,9.42,660.95,0
2026-04-02 07:35:00,Azure,sa-east-1,98.55245242317392,553.83,0
2026-04-02 07:36:00,AWS,eu-west-1,16.84,271.74,0
2026-04-02 07:37:00,Azure,us-east-1,12.06,602.07,0
2026-04-02 07:38:00,AWS,sa-east-1,89.98220892016195,936.11,0
2026-04-02 07:39:00,GCP,eu-west-1,14.19,609.68,0
2026-04-02 07:40:00,Azure,eu-west-1,12.22,248.3,0
2026-04-02 07:41:00,Azure,sa-east-1,87.84885530123682,997.41,0
2026-04-02 07:42:00,AWS,eu-west-1,11.54,548.97,0
2026-04-02 07:43:00,AWS,eu-west-1,13.35,387.6,0
2026-04-02 07:44:00,Azure,sa-east-1,104.09951875979998,553.04,0
2026-04-02 07:45:00,GCP,eu-west-1,19.35,337.32,0
2026-04-02 07:46:00,AWS,eu-west-1,15.51,127.34,0
2026-04-02 07:47:00,AWS,eu-west-1,10.61,900.57,0
2026-04-02 07:48:00,AWS,eu-west-1,13.02,485.99,0
2026-04-02 07:49:00,Azure,ap-northeast-1,10.09,777.6,0
2026-04-02 07:50:00,Azure,sa-east-1,84.87480886434848,974.13,0
2026-04-02 07:51:00,Azure,ap-northeast-1,11.09,669.33,0
2026-04-02 07:52:00,Azure,ap-northeast-1,5.03,722.45,0
2026-04-02 07:53:00,GCP,us-east-1,12.35,948.92,0
2026-04-02 07:54:00,GCP,ap-northeast-1,14.28,564.9,0
2026-04-02 07:55:00,Azure,ap-northeast-1,41.71,387.91,0
2026-04-02 07:56:00,GCP,us-east-1,15.18,929.25,0
2026-04-02 07:57:00,AWS,eu-west-1,8.79,162.09,0
2026-04-02 07:58:00,AWS,eu-west-1,5.36,293.15,0
2026-04-02 07:59:00,AWS,ap-northeast-1,7.18,407.14,0
2026-04-02 08:00:00,Azure,us-east-1,9.49,803.9,0
2026-04-02 08:01:00,AWS,eu-west-1,9.58,913.51,0
2026-04-02 08:02:00,GCP,us-east-1,10.82,506.61,0
2026-04-02 08:03:00,Azure,sa-east-1,86.92733400297337,357.51,0
2026-04-02 08:04:00,GCP,sa-east-1,103.85892819430768,417.89,0
2026-04-02 08:05:00,AWS,sa-east-1,97.59586296543675,690.89,0
2026-04-02 08:06:00,AWS,sa-east-1,83.95305786241548,242.21,0
2026-04-02 08:07:00,AWS,ap-northeast-1,7.75,592.69,0
2026-04-02 08:08:00,Azure,sa-east-1,71.75311584518465,629.6,0
2026-04-02 08:09:00,GCP,sa-east-1,86.71093451923073,737.07,0
2026-04-02 08:10:00,Azure,us-east-1,15.13,643.51,0
2026-04-02 08:11:00,Azure,eu-west-1,6.96,187.26,0
2026-04-02 08:12:00,AWS,us-east-1,9.14,719.92,1
2026-04-02 08:13:00,Azure,ap-northeast-1,11.32,119.57,0
2026-04-02 08:14:00,Azure,sa-east-1,67.22055915928165,451.28,0
2026-04-02 08:15:00,AWS,eu-west-1,17.75,475.36,0
2026-04-02 08:16:00,Azure,eu-west-1,19.49,204.97,0
2026-04-02 08:17:00,AWS,sa-east-1,97.63191196743422,108.87,0
2026-04-02 08:18:00,AWS,sa-east-1,95.52238948293098,164.05,0
2026-04-02 08:19:00,AWS,ap-northeast-1,10.13,501.67,0
2026-04-02 08:20:00,AWS,ap-northeast-1,18.54,316.32,0
2026-04-02 08:21:00,Azure,sa-east-1,88.71939548008042,162.08,0
2026-04-02 08:22:00,AWS,sa-east-1,106.4399417507541,330.76,0
2026-04-02 08:23:00,AWS,sa-east-1,84.62602591951946,575.94,0
2026-04-02 08:24:00,Azure,sa-east-1,87.38839751048452,767.92,0
2026-04-02 08:25:00,Azure,eu-west-1,7.52,470.8,0
2026-04-02 08:26:00,GCP,ap-northeast-1,5.28,651.83,0
2026-04-02 08:27:00,Azure,sa-east-1,93.87452758622399,637.09,0
2026-04-02 08:28:00,Azure,sa-east-1,74.63874268751675,906.68,0
2026-04-02 08:29:00,GCP,eu-west-1,11.01,261.45,0
2026-04-02 08:30:00,Azure,us-east-1,25.79,528.79,0
2026-04-02 08:31:00,Azure,sa-east-1,71.33178622452141,668.65,0
2026-04-02 08:32:00,Azure,eu-west-1,17.64,567.75,0
2026-04-02 08:33:00,Azure,eu-west-1,8.42,505.31,0
2026-04-02 08:34:00,GCP,us-east-1,11.15,976.11,0
2026-04-02 08:35:00,Azure,ap-northeast-1,7.08,947.81,0
2026-04-02 08:36:00,Azure,ap-northeast-1,8.4,650.31,0
2026-04-02 08:37:00,GCP,ap-northeast-1,14.98,495.62,0
2026-04-02 08:38:00,AWS,sa-east-1,99.58112430188281,779.84,0
2026-04-02 08:39:00,GCP,ap-northeast-1,15.06,561.64,0
2026-04-02 08:40:00,AWS,sa-east-1,77.05815740642797,996.01,0
2026-04-02 08:41:00,GCP,sa-east-1,136.64011666239958,717.34,0
2026-04-02 08:42:00,GCP,eu-west-1,16.12,161.34,0
2026-04-02 08:43:00,Azure,ap-northeast-1,7.64,461.72,0
2026-04-02 08:44:00,AWS,ap-northeast-1,5.25,757.24,0
2026-04-02 08:45:00,Azure,ap-northeast-1,14.73,858.13,0
2026-04-02 08:46:00,AWS,sa-east-1,105.77375815986065,832.03,0
2026-04-02 08:47:00,GCP,sa-east-1,67.92260897422831,979.51,0
2026-04-02 08:48:00,GCP,ap-northeast-1,14.18,540.21,0
2026-04-02 08:49:00,AWS,sa-east-1,99.25291945279044,226.06,0
2026-04-02 08:50:00,Azure,sa-east-1,67.82890219909532,687.02,0
2026-04-02 08:51:00,Azure,us-east-1,6.67,163.67,0
2026-04-02 08:52:00,Azure,us-east-1,11.32,976.17,0
2026-04-02 08:53:00,Azure,ap-northeast-1,10.63,782.68,0
2026-04-02 08:54:00,GCP,ap-northeast-1,12.92,983.93,0
2026-04-02 08:55:00,GCP,us-east-1,6.68,439.53,0
2026-04-02 08:56:00,GCP,sa-east-1,67.29856537981674,114.22,0
2026-04-02 08:57:00,GCP,sa-east-1,108.61844917271804,569.16,0
2026-04-02 08:58:00,GCP,eu-west-1,17.83,209.06,0
2026-04-02 08:59:00,Azure,ap-northeast-1,21.8,711.66,0
2026-04-02 09:00:00,Azure,ap-northeast-1,4.83,547.8,0
2026-04-02 09:01:00,Azure,ap-northeast-1,7.82,778.1,0
2026-04-02 09:02:00,Azure,eu-west-1,19.99,361.96,0
2026-04-02 09:03:00,GCP,eu-west-1,16.38,846.25,0
2026-04-02 09:04:00,GCP,sa-east-1,74.9140053654844,685.74,0
2026-04-02 09:05:00,GCP,us-east-1,10.16,988.94,0
2026-04-02 09:06:00,AWS,us-east-1,8.93,260.7,0
2026-04-02 09:07:00,Azure,us-east-1,12.38,146.06,0
2026-04-02 09:08:00,Azure,sa-east-1,97.19005882960339,865.94,0
2026-04-02 09:09:00,GCP,us-east-1,15.86,404.61,0
2026-04-02 09:10:00,Azure,eu-west-1,12.41,488.12,0
2026-04-02 09:11:00,Azure,eu-west-1,7.5,933.1,0
2026-04-02 09:12:00,GCP,ap-northeast-1,16.73,496.63,0
2026-04-02 09:13:00,AWS,us-east-1,22.81,368.22,0
2026-04-02 09:14:00,AWS,eu-west-1,23.58,153.55,0
2026-04-02 09:15:00,AWS,ap-northeast-1,17.06,498.64,0
2026-04-02 09:16:00,GCP,us-east-1,17.18,689.46,0
2026-04-02 09:17:00,Azure,us-east-1,6.82,342.26,0
2026-04-02 09:18:00,GCP,eu-west-1,8.71,746.0,0
2026-04-02 09:19:00,GCP,ap-northeast-1,11.2,530.44,0
2026-04-02 09:20:00,Azure,ap-northeast-1,16.38,872.3,0
2026-04-02 09:21:00,AWS,eu-west-1,9.02,245.56,0
2026-04-02 09:22:00,AWS,eu-west-1,10.45,781.37,0
2026-04-02 09:23:00,GCP,eu-west-1,16.12,939.3,0
2026-04-02 09:24:00,AWS,us-east-1,13.05,767.26,0
2026-04-02 09:25:00,GCP,eu-west-1,14.4,465.34,0
2026-04-02 09:26:00,GCP,eu-west-1,8.26,307.41,0
2026-04-02 09:27:00,Azure,sa-east-1,80.58143597332824,188.53,0
2026-04-02 09:28:00,Azure,eu-west-1,9.63,678.13,0
2026-04-02 09:29:00,Azure,eu-west-1,12.18,228.57,0
2026-04-02 09:30:00,GCP,us-east-1,9.81,854.47,0
2026-04-02 09:31:00,Azure,ap-northeast-1,9.17,964.66,0
2026-04-02 09:32:00,AWS,us-east-1,12.97,222.21,0
2026-04-02 09:33:00,AWS,sa-east-1,108.73296771764245,438.45,0
2026-04-02 09:34:00,GCP,eu-west-1,16.31,943.54,0
2026-04-02 09:35:00,GCP,eu-west-1,5.0,523.63,0
2026-04-02 09:36:00,Azure,eu-west-1,14.52,581.87,0
2026-04-02 09:37:00,GCP,eu-west-1,9.42,772.76,0
2026-04-02 09:38:00,GCP,eu-west-1,7.61,289.48,0
2026-04-02 09:39:00,AWS,eu-west-1,17.32,981.23,0
2026-04-02 09:40:00,AWS,sa-east-1,75.63058495082929,802.8,0
2026-04-02 09:41:00,Azure,eu-west-1,42.23,245.24,0
2026-04-02 09:42:00,GCP,eu-west-1,11.51,199.96,0
2026-04-02 09:43:00,GCP,eu-west-1,10.88,941.46,0
2026-04-02 09:44:00,AWS,sa-east-1,99.61906409845115,716.53,0
2026-04-02 09:45:00,GCP,eu-west-1,12.32,134.71,0
2026-04-02 09:46:00,AWS,sa-east-1,73.757745883481,227.79,0
2026-04-02 09:47:00,Azure,us-east-1,7.84,143.05,0
2026-04-02 09:48:00,AWS,eu-west-1,10.34,976.67,0
2026-04-02 09:49:00,GCP,ap-northeast-1,16.93,548.07,0
2026-04-02 09:50:00,Azure,sa-east-1,81.73830720975866,515.93,0
2026-04-02 09:51:00,AWS,us-east-1,18.19,960.2,0
2026-04-02 09:52:00,AWS,sa-east-1,73.13365281877489,554.17,0
2026-04-02 09:53:00,Azure,sa-east-1,121.06284809758206,565.98,0
2026-04-02 09:54:00,Azure,us-east-1,16.62,985.69,0
2026-04-02 09:55:00,AWS,eu-west-1,7.76,200.29,0
2026-04-02 09:56:00,GCP,eu-west-1,10.91,987.18,0
2026-04-02 09:57:00,AWS,sa-east-1,76.70164889731797,249.11,0
2026-04-02 09:58:00,Azure,us-east-1,22.9,525.62,0
2026-04-02 09:59:00,AWS,eu-west-1,7.56,403.85,0
2026-04-02 10:00:00,Azure,sa-east-1,97.876236627774,959.88,0
2026-04-02 10:01:00,Azure,ap-northeast-1,13.26,536.95,0
2026-04-02 10:02:00,GCP,us-east-1,31.96,120.71,0
2026-04-02 10:03:00,Azure,ap-northeast-1,17.59,299.52,0
2026-04-02 10:04:00,Azure,ap-northeast-1,20.51,487.73,0
2026-04-02 10:05:00,GCP,sa-east-1,74.06925513452393,708.75,0
2026-04-02 10:06:00,Azure,us-east-1,17.02,605.71,0
2026-04-02 10:07:00,GCP,eu-west-1,6.99,864.92,0
2026-04-02 10:08:00,GCP,eu-west-1,17.56,845.59,0
2026-04-02 10:09:00,Azure,sa-east-1,86.69796313664845,631.46,0
2026-04-02 10:10:00,Azure,eu-west-1,10.28,614.18,0
2026-04-02 10:11:00,AWS,eu-west-1,4.36,350.35,0
2026-04-02 10:12:00,GCP,ap-northeast-1,7.83,962.12,0
2026-04-02 10:13:00,AWS,ap-northeast-1,5.98,169.17,0
2026-04-02 10:14:00,Azure,us-east-1,16.87,457.33,0
2026-04-02 10:15:00,AWS,ap-northeast-1,12.77,694.75,0
2026-04-02 10:16:00,GCP,eu-west-1,9.64,951.1,0
2026-04-02 10:17:00,AWS,us-east-1,12.92,551.38,0
2026-04-02 10:18:00,GCP,us-east-1,8.04,906.33,0
2026-04-02 10:19:00,Azure,sa-east-1,106.36812366168853,194.32,0
2026-04-02 10:20:00,Azure,ap-northeast-1,11.72,578.43,0
2026-04-02 10:21:00,GCP,us-east-1,38.11,384.45,0
2026-04-02 10:22:00,Azure,eu-west-1,27.57,816.13,0
2026-04-02 10:23:00,Azure,us-east-1,19.5,500.5,0
2026-04-02 10:24:00,Azure,us-east-1,14.1,527.73,0
2026-04-02 10:25:00,Azure,sa-east-1,99.83170322988995,158.3,0
2026-04-02 10:26:00,GCP,eu-west-1,22.66,494.21,0
2026-04-02 10:27:00,AWS,eu-west-1,14.07,172.75,0
2026-04-02 10:28:00,AWS,ap-northeast-1,14.51,369.61,0
2026-04-02 10:29:00,Azure,eu-west-1,9.13,214.19,0
2026-04-02 10:30:00,AWS,us-east-1,8.64,401.03,0
2026-04-02 10:31:00,AWS,eu-west-1,11.55,304.65,0
2026-04-02 10:32:00,Azure,eu-west-1,3.3,356.66,0
2026-04-02 10:33:00,Azure,us-east-1,12.01,233.55,0
2026-04-02 10:34:00,AWS,sa-east-1,64.2438100793475,495.65,0
2026-04-02 10:35:00,GCP,ap-northeast-1,18.91,547.82,0
2026-04-02 10:36:00,Azure,ap-northeast-1,22.47,852.98,0
2026-04-02 10:37:00,GCP,sa-east-1,103.70879760790547,584.94,0
2026-04-02 10:38:00,AWS,us-east-1,16.28,305.88,0
2026-04-02 10:39:00,Azure,ap-northeast-1,13.14,762.31,0
2026-04-02 10:40:00,GCP,sa-east-1,102.85917570116047,367.52,0
2026-04-02 10:41:00,Azure,sa-east-1,80.7711589282435,780.76,0
2026-04-02 10:42:00,AWS,sa-east-1,99.1634816581392,448.45,0
2026-04-02 10:43:00,GCP,ap-northeast-1,12.02,562.31,0
2026-04-02 10:44:00,AWS,ap-northeast-1,15.07,553.38,0
2026-04-02 10:45:00,AWS,ap-northeast-1,12.3,960.07,0
2026-04-02 10:46:00,Azure,ap-northeast-1,12.46,238.3,0
2026-04-02 10:47:00,GCP,eu-west-1,13.59,944.7,0
2026-04-02 10:48:00,AWS,sa-east-1,66.26264133643514,605.79,0
2026-04-02 10:49:00,AWS,eu-west-1,19.5,994.32,0
2026-04-02 10:50:00,GCP,sa-east-1,80.94583243976113,615.82,0
2026-04-02 10:51:00,AWS,ap-northeast-1,16.33,690.74,0
2026-04-02 10:52:00,AWS,ap-northeast-1,6.4,774.62,0
2026-04-02 10:53:00,GCP,eu-west-1,17.3,839.61,0
2026-04-02 10:54:00,GCP,us-east-1,14.3,529.81,0
2026-04-02 10:55:00,GCP,ap-northeast-1,11.72,710.73,0
2026-04-02 10:56:00,GCP,us-east-1,11.96,653.39,0
2026-04-02 10:57:00,Azure,sa-east-1,84.59282305477701,466.38,0
2026-04-02 10:58:00,GCP,eu-west-1,21.02,838.72,0
2026-04-02 10:59:00,Azure,us-east-1,20.11,273.2,0
2026-04-02 11:00:00,Azure,us-east-1,18.97,250.42,0
2026-04-02 11:01:00,Azure,ap-northeast-1,6.21,762.79,0
2026-04-02 11:02:00,AWS,us-east-1,16.25,673.74,0
2026-04-02 11:03:00,Azure,us-east-1,3.67,385.89,0
2026-04-02 11:04:00,Azure,sa-east-1,88.50980113535493,671.62,0
2026-04-02 11:05:00,AWS,eu-west-1,21.37,793.58,0
2026-04-02 11:06:00,AWS,ap-northeast-1,5.91,295.27,0
2026-04-02 11:07:00,AWS,ap-northeast-1,11.14,623.25,0
2026-04-02 11:08:00,GCP,us-east-1,24.59,842.2,0
2026-04-02 11:09:00,AWS,sa-east-1,80.03237044380579,470.11,0
2026-04-02 11:10:00,AWS,us-east-1,14.66,614.56,0
2026-04-02 11:11:00,Azure,us-east-1,11.86,170.68,0
2026-04-02 11:12:00,AWS,ap-northeast-1,12.97,847.42,0
2026-04-02 11:13:00,GCP,us-east-1,8.91,816.51,0
2026-04-02 11:14:00,AWS,us-east-1,9.59,510.63,0
2026-04-02 11:15:00,GCP,sa-east-1,99.91454522587506,207.32,0
2026-04-02 11:16:00,AWS,ap-northeast-1,13.68,694.36,0
2026-04-02 11:17:00,AWS,eu-west-1,11.26,615.68,0
2026-04-02 11:18:00,AWS,sa-east-1,87.52479300274784,927.53,0
2026-04-02 11:19:00,AWS,sa-east-1,102.12558476626101,351.83,0
2026-04-02 11:20:00,GCP,sa-east-1,88.25254588480627,129.09,0
2026-04-02 11:21:00,GCP,ap-northeast-1,11.0,329.27,0
2026-04-02 11:22:00,Azure,us-east-1,19.77,485.12,0
2026-04-02 11:23:00,GCP,eu-west-1,10.18,239.9,0
2026-04-02 11:24:00,AWS,ap-northeast-1,14.28,981.76,0
2026-04-02 11:25:00,Azure,us-east-1,4.66,300.15,0
2026-04-02 11:26:00,Azure,sa-east-1,78.94957767988743,710.07,0
2026-04-02 11:27:00,Azure,ap-northeast-1,10.58,508.7,0
2026-04-02 11:28:00,AWS,us-east-1,13.59,599.63,0
2026-04-02 11:29:00,GCP,eu-west-1,28.64,939.41,0
2026-04-02 11:30:00,AWS,eu-west-1,12.07,578.4,0
2026-04-02 11:31:00,Azure,us-east-1,9.69,374.7,0
2026-04-02 11:32:00,AWS,ap-northeast-1,9.75,298.73,0
2026-04-02 11:33:00,AWS,sa-east-1,82.75497642054582,902.79,0
2026-04-02 11:34:00,GCP,us-east-1,14.91,988.05,0
2026-04-02 11:35:00,GCP,sa-east-1,94.75119592153057,326.65,0
2026-04-02 11:36:00,Azure,eu-west-1,12.59,749.74,0
2026-04-02 11:37:00,AWS,us-east-1,19.3,555.18,0
2026-04-02 11:38:00,AWS,eu-west-1,19.39,728.72,0
2026-04-02 11:39:00,GCP,sa-east-1,85.02660327912422,967.79,0
2026-04-02 11:40:00,AWS,sa-east-1,82.35872340170576,348.48,0
2026-04-02 11:41:00,AWS,us-east-1,36.1,765.95,0
2026-04-02 11:42:00,AWS,us-east-1,8.08,494.15,0
2026-04-02 11:43:00,GCP,us-east-1,17.93,687.28,0
2026-04-02 11:44:00,Azure,eu-west-1,12.72,465.99,0
2026-04-02 11:45:00,Azure,sa-east-1,114.54501957442126,737.5,0
2026-04-02 11:46:00,AWS,sa-east-1,73.70064642356428,403.75,0
2026-04-02 11:47:00,Azure,eu-west-1,13.47,539.52,0
2026-04-02 11:48:00,GCP,us-east-1,8.67,737.91,0
2026-04-02 11:49:00,GCP,ap-northeast-1,5.04,138.44,0
2026-04-02 11:50:00,Azure,us-east-1,24.59,395.28,0
2026-04-02 11:51:00,Azure,ap-northeast-1,9.8,591.57,0
2026-04-02 11:52:00,AWS,ap-northeast-1,7.99,166.72,0
2026-04-02 11:53:00,Azure,eu-west-1,9.13,732.84,0
2026-04-02 11:54:00,AWS,sa-east-1,113.93829497509257,831.96,0
2026-04-02 11:55:00,AWS,sa-east-1,118.70127357654982,246.99,0
2026-04-02 11:56:00,GCP,sa-east-1,93.26248563737465,760.12,0
2026-04-02 11:57:00,GCP,sa-east-1,87.03615550025124,681.58,0
2026-04-02 11:58:00,GCP,eu-west-1,7.12,469.79,0
2026-04-02 11:59:00,GCP,ap-northeast-1,15.83,248.49,0
2026-04-02 12:00:00,Azure,sa-east-1,74.68039439736623,959.39,0
2026-04-02 12:01:00,GCP,ap-northeast-1,15.15,517.61,0
2026-04-02 12:02:00,Azure,eu-west-1,6.13,265.28,0
2026-04-02 12:03:00,GCP,us-east-1,9.05,746.35,0
2026-04-02 12:04:00,Azure,eu-west-1,13.34,647.11,0
2026-04-02 12:05:00,AWS,sa-east-1,105.94008726511136,834.58,0
2026-04-02 12:06:00,Azure,us-east-1,5.86,996.49,0
2026-04-02 12:07:00,Azure,eu-west-1,7.49,140.38,0
2026-04-02 12:08:00,GCP,eu-west-1,15.05,765.38,0
2026-04-02 12:09:00,Azure,ap-northeast-1,14.2,990.22,0
2026-04-02 12:10:00,AWS,eu-west-1,16.91,584.41,0
2026-04-02 12:11:00,AWS,us-east-1,13.4,744.13,0
2026-04-02 12:12:00,GCP,eu-west-1,7.2,497.0,0
2026-04-02 12:13:00,AWS,sa-east-1,84.70781954551936,421.1,0
2026-04-02 12:14:00,Azure,ap-northeast-1,15.89,726.81,0
2026-04-02 12:15:00,AWS,us-east-1,7.38,989.28,0
2026-04-02 12:16:00,GCP,us-east-1,6.94,182.5,0
2026-04-02 12:17:00,Azure,eu-west-1,10.47,479.91,0
2026-04-02 12:18:00,GCP,sa-east-1,93.61839808064452,946.56,0
2026-04-02 12:19:00,Azure,ap-northeast-1,4.85,201.52,0
2026-04-02 12:20:00,AWS,us-east-1,10.79,685.84,0
2026-04-02 12:21:00,GCP,ap-northeast-1,15.79,487.15,0
2026-04-02 12:22:00,GCP,eu-west-1,17.42,439.2,0
2026-04-02 12:23:00,Azure,sa-east-1,87.19499029724062,288.5,0
2026-04-02 12:24:00,GCP,eu-west-1,14.67,258.7,0
2026-04-02 12:25:00,Azure,ap-northeast-1,20.02,564.66,0
2026-04-02 12:26:00,Azure,eu-west-1,16.5,439.69,0
2026-04-02 12:27:00,Azure,ap-northeast-1,9.92,542.39,0
2026-04-02 12:28:00,Azure,us-east-1,3.7,276.34,0
2026-04-02 12:29:00,AWS,us-east-1,13.53,415.18,0
2026-04-02 12:30:00,Azure,eu-west-1,26.82,996.78,0
2026-04-02 12:31:00,GCP,us-east-1,18.39,431.26,0
2026-04-02 12:32:00,AWS,ap-northeast-1,17.77,471.44,0
2026-04-02 12:33:00,GCP,us-east-1,13.25,117.89,0
2026-04-02 12:34:00,AWS,sa-east-1,95.77008656059088,442.74,0
2026-04-02 12:35:00,Azure,sa-east-1,110.74631628606909,787.05,0
2026-04-02 12:36:00,AWS,eu-west-1,5.09,564.04,0
2026-04-02 12:37:00,AWS,eu-west-1,19.03,691.34,0
2026-04-02 12:38:00,GCP,eu-west-1,7.92,600.9,0
2026-04-02 12:39:00,GCP,eu-west-1,12.6,194.94,0
2026-04-02 12:40:00,Azure,ap-northeast-1,17.63,398.93,0
2026-04-02 12:41:00,AWS,ap-northeast-1,8.38,724.81,0
2026-04-02 12:42:00,AWS,sa-east-1,103.99170879584128,593.15,0
2026-04-02 12:43:00,AWS,ap-northeast-1,15.47,707.46,0
2026-04-02 12:44:00,Azure,us-east-1,6.98,424.16,0
2026-04-02 12:45:00,Azure,sa-east-1,63.08107449817929,274.32,0
2026-04-02 12:46:00,Azure,eu-west-1,21.42,846.83,0
2026-04-02 12:47:00,Azure,eu-west-1,27.47,438.67,0
2026-04-02 12:48:00,Azure,ap-northeast-1,5.0,689.51,0
2026-04-02 12:49:00,GCP,sa-east-1,86.20330252676204,443.12,0
2026-04-02 12:50:00,AWS,ap-northeast-1,22.99,934.53,0
2026-04-02 12:51:00,AWS,ap-northeast-1,9.98,992.75,0
2026-04-02 12:52:00,AWS,ap-northeast-1,18.1,684.04,0
2026-04-02 12:53:00,AWS,sa-east-1,97.07838380967492,641.94,0
2026-04-02 12:54:00,AWS,eu-west-1,8.98,856.74,0
2026-04-02 12:55:00,AWS,us-east-1,15.09,564.61,0
2026-04-02 12:56:00,AWS,eu-west-1,15.56,882.56,0
2026-04-02 12:57:00,AWS,sa-east-1,115.47792331970018,471.64,0
2026-04-02 12:58:00,GCP,eu-west-1,5.41,128.71,0
2026-04-02 12:59:00,AWS,eu-west-1,23.25,933.93,0
2026-04-02 13:00:00,GCP,us-east-1,17.17,749.38,0
2026-04-02 13:01:00,Azure,eu-west-1,6.92,559.69,0
2026-04-02 13:02:00,AWS,eu-west-1,11.43,950.4,0
2026-04-02 13:03:00,Azure,eu-west-1,18.52,898.09,0
2026-04-02 13:04:00,Azure,ap-northeast-1,7.11,197.58,0
2026-04-02 13:05:00,Azure,sa-east-1,61.152883026889654,661.96,0
2026-04-02 13:06:00,GCP,sa-east-1,101.75372600551238,584.29,0
2026-04-02 13:07:00,Azure,us-east-1,9.8,798.83,0
2026-04-02 13:08:00,Azure,ap-northeast-1,13.81,370.69,0
2026-04-02 13:09:00,Azure,ap-northeast-1,18.38,107.3,0
2026-04-02 13:10:00,AWS,eu-west-1,13.96,266.86,0
2026-04-02 13:11:00,AWS,sa-east-1,94.24093451520389,289.85,0
2026-04-02 13:12:00,GCP,us-east-1,18.43,362.27,0
2026-04-02 13:13:00,GCP,ap-northeast-1,11.56,433.35,0
2026-04-02 13:14:00,AWS,eu-west-1,8.39,735.9,0
2026-04-02 13:15:00,GCP,us-east-1,21.71,166.82,0
2026-04-02 13:16:00,AWS,ap-northeast-1,3.64,537.89,0
2026-04-02 13:17:00,Azure,us-east-1,12.58,548.78,0
2026-04-02 13:18:00,Azure,ap-northeast-1,10.16,654.28,0
2026-04-02 13:19:00,GCP,us-east-1,7.68,379.49,0
2026-04-02 13:20:00,AWS,ap-northeast-1,14.14,333.81,0
2026-04-02 13:21:00,AWS,ap-northeast-1,15.33,535.5,0
2026-04-02 13:22:00,GCP,us-east-1,8.05,693.65,0
2026-04-02 13:23:00,AWS,ap-northeast-1,6.06,140.13,0
2026-04-02 13:24:00,Azure,ap-northeast-1,6.34,364.22,0
2026-04-02 13:25:00,GCP,ap-northeast-1,30.16,808.58,0
2026-04-02 13:26:00,GCP,us-east-1,31.88,535.77,0
2026-04-02 13:27:00,AWS,us-east-1,12.36,956.64,0
2026-04-02 13:28:00,GCP,ap-northeast-1,6.14,880.79,0
2026-04-02 13:29:00,AWS,ap-northeast-1,11.33,409.55,0
2026-04-02 13:30:00,AWS,us-east-1,4.05,753.64,0
2026-04-02 13:31:00,AWS,eu-west-1,14.26,346.88,0
2026-04-02 13:32:00,AWS,ap-northeast-1,7.41,257.77,0
2026-04-02 13:33:00,AWS,eu-west-1,6.65,892.92,0
2026-04-02 13:34:00,GCP,us-east-1,19.86,415.22,0
2026-04-02 13:35:00,Azure,ap-northeast-1,11.28,283.08,0
2026-04-02 13:36:00,Azure,eu-west-1,18.78,968.48,0
2026-04-02 13:37:00,GCP,us-east-1,22.27,127.93,0
2026-04-02 13:38:00,GCP,eu-west-1,11.65,430.21,0
2026-04-02 13:39:00,Azure,sa-east-1,98.77496084794282,134.58,0
2026-04-02 13:40:00,Azure,us-east-1,20.68,553.69,0
2026-04-02 13:41:00,Azure,sa-east-1,73.8952683498871,461.06,0
2026-04-02 13:42:00,Azure,us-east-1,21.7,748.6,0
2026-04-02 13:43:00,Azure,us-east-1,4.43,958.63,0
2026-04-02 13:44:00,AWS,ap-northeast-1,10.2,567.72,0
2026-04-02 13:45:00,GCP,sa-east-1,100.71063672109294,356.86,0
2026-04-02 13:46:00,AWS,sa-east-1,70.80361434544497,884.96,0
2026-04-02 13:47:00,Azure,sa-east-1,98.43337864676327,644.09,0
2026-04-02 13:48:00,Azure,us-east-1,13.28,598.14,0
2026-04-02 13:49:00,Azure,sa-east-1,97.80112325503343,269.72,0
2026-04-02 13:50:00,AWS,sa-east-1,97.45533271063454,136.53,0
2026-04-02 13:51:00,AWS,ap-northeast-1,7.88,515.26,0
2026-04-02 13:52:00,Azure,eu-west-1,5.57,575.24,0
2026-04-02 13:53:00,AWS,eu-west-1,27.25,214.38,0
2026-04-02 13:54:00,AWS,sa-east-1,88.1886394033468,153.46,0
2026-04-02 13:55:00,Azure,sa-east-1,76.8683614521429,294.47,0
2026-04-02 13:56:00,AWS,sa-east-1,73.63770160505933,156.79,0
2026-04-02 13:57:00,GCP,sa-east-1,65.40476406224252,150.52,0
2026-04-02 13:58:00,GCP,eu-west-1,8.09,499.75,0
2026-04-02 13:59:00,GCP,ap-northeast-1,10.15,829.22,0
2026-04-02 14:00:00,GCP,us-east-1,23.38,697.59,0
2026-04-02 14:01:00,Azure,sa-east-1,59.23475328697268,711.47,0
2026-04-02 14:02:00,Azure,sa-east-1,80.03578208132257,336.19,0
2026-04-02 14:03:00,Azure,eu-west-1,4.47,109.99,0
2026-04-02 14:04:00,GCP,sa-east-1,85.05682992742798,505.58,0
2026-04-02 14:05:00,GCP,ap-northeast-1,16.93,439.41,0
2026-04-02 14:06:00,AWS,ap-northeast-1,11.88,952.51,0
2026-04-02 14:07:00,AWS,sa-east-1,64.10817213011939,164.82,0
2026-04-02 14:08:00,GCP,eu-west-1,8.3,798.78,0
2026-04-02 14:09:00,GCP,sa-east-1,70.38506652164195,446.87,0
2026-04-02 14:10:00,GCP,sa-east-1,89.67537251128475,846.66,0
2026-04-02 14:11:00,GCP,eu-west-1,7.16,545.42,0
2026-04-02 14:12:00,AWS,ap-northeast-1,9.66,838.45,0
2026-04-02 14:13:00,GCP,us-east-1,18.7,520.16,0
2026-04-02 14:14:00,AWS,sa-east-1,106.82753131704882,461.67,0
2026-04-02 14:15:00,GCP,ap-northeast-1,15.99,967.34,0
2026-04-02 14:16:00,GCP,sa-east-1,93.46332332691259,431.97,0
2026-04-02 14:17:00,GCP,us-east-1,11.27,824.77,0
2026-04-02 14:18:00,AWS,eu-west-1,14.97,160.33,0
2026-04-02 14:19:00,AWS,ap-northeast-1,10.53,156.38,0
2026-04-02 14:20:00,Azure,us-east-1,17.39,494.3,0
2026-04-02 14:21:00,GCP,sa-east-1,82.77100039254492,627.01,0
2026-04-02 14:22:00,Azure,us-east-1,27.29,647.68,0
2026-04-02 14:23:00,Azure,ap-northeast-1,11.66,132.75,0
2026-04-02 14:24:00,AWS,eu-west-1,8.89,727.07,0
2026-04-02 14:25:00,AWS,sa-east-1,99.61683072524083,216.93,0
2026-04-02 14:26:00,Azure,eu-west-1,7.47,959.81,0
2026-04-02 14:27:00,GCP,eu-west-1,13.12,400.19,0
2026-04-02 14:28:00,AWS,us-east-1,24.55,335.3,0
2026-04-02 14:29:00,GCP,us-east-1,6.63,362.14,0
2026-04-02 14:30:00,GCP,ap-northeast-1,22.1,943.62,0
2026-04-02 14:31:00,Azure,ap-northeast-1,6.39,534.56,0
2026-04-02 14:32:00,Azure,eu-west-1,18.36,491.21,0
2026-04-02 14:33:00,Azure,ap-northeast-1,7.59,609.31,0
2026-04-02 14:34:00,Azure,eu-west-1,22.11,937.69,0
2026-04-02 14:35:00,AWS,sa-east-1,102.23540863197667,377.51,0
2026-04-02 14:36:00,AWS,eu-west-1,10.19,262.74,0
2026-04-02 14:37:00,Azure,ap-northeast-1,7.62,635.94,0
2026-04-02 14:38:00,AWS,ap-northeast-1,3.65,542.51,0
2026-04-02 14:39:00,Azure,eu-west-1,6.88,155.77,0
2026-04-02 14:40:00,GCP,us-east-1,5.25,569.74,0
2026-04-02 14:41:00,GCP,eu-west-1,4.39,606.18,0
2026-04-02 14:42:00,GCP,eu-west-1,14.11,724.74,0
2026-04-02 14:43:00,Azure,us-east-1,26.11,995.99,0
2026-04-02 14:44:00,GCP,sa-east-1,98.62815117341214,479.42,1
2026-04-02 14:45:00,AWS,us-east-1,6.81,559.18,0
2026-04-02 14:46:00,GCP,ap-northeast-1,11.53,167.5,0
2026-04-02 14:47:00,GCP,us-east-1,21.81,848.43,0
2026-04-02 14:48:00,GCP,ap-northeast-1,6.32,188.34,0
2026-04-02 14:49:00,AWS,ap-northeast-1,22.24,940.45,0
2026-04-02 14:50:00,Azure,eu-west-1,22.42,413.65,0
2026-04-02 14:51:00,AWS,eu-west-1,4.6,403.82,0
2026-04-02 14:52:00,Azure,sa-east-1,88.1619468173084,395.75,0
2026-04-02 14:53:00,Azure,ap-northeast-1,9.97,955.44,0
2026-04-02 14:54:00,GCP,eu-west-1,19.47,982.1,0
2026-04-02 14:55:00,Azure,ap-northeast-1,5.7,975.92,0
2026-04-02 14:56:00,AWS,sa-east-1,87.32529024284804,734.31,0
2026-04-02 14:57:00,AWS,ap-northeast-1,12.58,199.95,0
2026-04-02 14:58:00,Azure,sa-east-1,98.54478293768952,447.73,0
2026-04-02 14:59:00,GCP,sa-east-1,87.84479797063473,360.38,0
2026-04-02 15:00:00,GCP,sa-east-1,95.3378908286052,737.55,0
2026-04-02 15:01:00,AWS,eu-west-1,16.67,543.39,0
2026-04-02 15:02:00,GCP,us-east-1,7.89,654.85,0
2026-04-02 15:03:00,Azure,us-east-1,8.19,107.86,0
2026-04-02 15:04:00,Azure,eu-west-1,13.99,804.58,0
2026-04-02 15:05:00,AWS,ap-northeast-1,14.8,956.85,0
2026-04-02 15:06:00,Azure,eu-west-1,10.89,702.44,0
2026-04-02 15:07:00,AWS,ap-northeast-1,25.59,866.74,0
2026-04-02 15:08:00,Azure,sa-east-1,108.64716523025726,530.43,0
2026-04-02 15:09:00,AWS,eu-west-1,10.22,118.19,0
2026-04-02 15:10:00,GCP,us-east-1,6.39,991.42,0
2026-04-02 15:11:00,Azure,ap-northeast-1,20.0,152.95,0
2026-04-02 15:12:00,Azure,eu-west-1,20.35,273.5,0
2026-04-02 15:13:00,AWS,eu-west-1,11.59,147.2,0
2026-04-02 15:14:00,AWS,ap-northeast-1,13.99,662.46,0
2026-04-02 15:15:00,Azure,sa-east-1,86.90647394010793,624.91,0
2026-04-02 15:16:00,AWS,sa-east-1,109.88815983779088,288.7,0
2026-04-02 15:17:00,Azure,sa-east-1,81.40554537116222,960.99,0
2026-04-02 15:18:00,GCP,sa-east-1,103.02031183004942,922.14,0
2026-04-02 15:19:00,AWS,ap-northeast-1,19.39,351.83,0
2026-04-02 15:20:00,Azure,us-east-1,21.66,692.98,0
2026-04-02 15:21:00,GCP,eu-west-1,13.95,869.71,0
2026-04-02 15:22:00,GCP,eu-west-1,19.27,423.82,0
2026-04-02 15:23:00,Azure,sa-east-1,102.70966588124085,328.22,0
2026-04-02 15:24:00,AWS,ap-northeast-1,20.44,330.57,0
2026-04-02 15:25:00,Azure,us-east-1,8.72,838.41,0
2026-04-02 15:26:00,GCP,us-east-1,7.36,516.76,0
2026-04-02 15:27:00,Azure,eu-west-1,11.42,743.8,0
2026-04-02 15:28:00,AWS,sa-east-1,94.30363013281864,685.27,0
2026-04-02 15:29:00,GCP,eu-west-1,9.04,375.6,0
2026-04-02 15:30:00,Azure,eu-west-1,14.72,287.27,0
2026-04-02 15:31:00,AWS,us-east-1,14.0,213.21,0
2026-04-02 15:32:00,GCP,ap-northeast-1,16.77,121.5,0
2026-04-02 15:33:00,AWS,us-east-1,16.9,173.13,0
2026-04-02 15:34:00,GCP,eu-west-1,14.69,330.62,0
2026-04-02 15:35:00,Azure,sa-east-1,82.51453687289181,742.24,0
2026-04-02 15:36:00,AWS,sa-east-1,76.00187839875281,239.43,0
2026-04-02 15:37:00,GCP,ap-northeast-1,11.53,571.06,0
2026-04-02 15:38:00,AWS,ap-northeast-1,13.74,320.62,0
2026-04-02 15:39:00,AWS,ap-northeast-1,12.83,560.63,0
2026-04-02 15:40:00,Azure,eu-west-1,26.77,775.01,0
2026-04-02 15:41:00,AWS,eu-west-1,6.7,339.38,0
2026-04-02 15:42:00,GCP,ap-northeast-1,10.26,413.11,0
2026-04-02 15:43:00,GCP,sa-east-1,109.54515421565544,750.7,0
2026-04-02 15:44:00,GCP,sa-east-1,103.05108113016436,591.7,0
2026-04-02 15:45:00,GCP,sa-east-1,94.46019052359972,185.11,0
2026-04-02 15:46:00,Azure,eu-west-1,4.67,782.34,0
2026-04-02 15:47:00,AWS,us-east-1,10.55,349.7,0
2026-04-02 15:48:00,Azure,sa-east-1,107.17424375657386,446.55,0
2026-04-02 15:49:00,AWS,sa-east-1,92.64133991279151,320.66,0
2026-04-02 15:50:00,AWS,sa-east-1,110.7391184366627,589.02,0
2026-04-02 15:51:00,AWS,ap-northeast-1,13.32,736.99,0
2026-04-02 15:52:00,Azure,eu-west-1,6.88,822.89,0
2026-04-02 15:53:00,AWS,ap-northeast-1,14.8,929.91,0
2026-04-02 15:54:00,Azure,ap-northeast-1,12.24,423.29,0
2026-04-02 15:55:00,GCP,us-east-1,13.23,939.35,0
2026-04-02 15:56:00,GCP,ap-northeast-1,10.92,655.26,0
2026-04-02 15:57:00,AWS,us-east-1,13.55,450.64,0
2026-04-02 15:58:00,Azure,ap-northeast-1,16.73,898.56,0
2026-04-02 15:59:00,GCP,sa-east-1,105.69363631776675,621.67,0
2026-04-02 16:00:00,Azure,eu-west-1,4.9,508.86,0
2026-04-02 16:01:00,Azure,ap-northeast-1,13.99,110.35,0
2026-04-02 16:02:00,AWS,us-east-1,10.03,745.76,0
2026-04-02 16:03:00,GCP,eu-west-1,8.55,169.61,0
2026-04-02 16:04:00,AWS,us-east-1,23.92,360.45,0
2026-04-02 16:05:00,AWS,sa-east-1,65.81981378264322,965.52,0
2026-04-02 16:06:00,GCP,ap-northeast-1,8.09,239.69,0
2026-04-02 16:07:00,GCP,eu-west-1,3.97,380.61,0
2026-04-02 16:08:00,Azure,sa-east-1,95.1376899880418,939.11,0
2026-04-02 16:09:00,GCP,ap-northeast-1,19.02,403.92,0
2026-04-02 16:10:00,Azure,ap-northeast-1,10.32,395.81,0
2026-04-02 16:11:00,Azure,us-east-1,16.55,683.16,0
2026-04-02 16:12:00,Azure,us-east-1,4.0,218.22,0
2026-04-02 16:13:00,GCP,sa-east-1,73.95675133049492,975.48,0
2026-04-02 16:14:00,AWS,us-east-1,7.94,347.52,0
2026-04-02 16:15:00,Azure,sa-east-1,89.34303633956722,807.12,0
2026-04-02 16:16:00,AWS,sa-east-1,89.68862349088856,358.85,0
2026-04-02 16:17:00,AWS,sa-east-1,81.07996558968206,347.84,0
2026-04-02 16:18:00,GCP,us-east-1,8.08,151.76,0
2026-04-02 16:19:00,AWS,eu-west-1,8.11,207.39,0
2026-04-02 16:20:00,AWS,sa-east-1,111.86702392811448,569.77,0
2026-04-02 16:21:00,GCP,eu-west-1,8.04,619.16,0
2026-04-02 16:22:00,Azure,ap-northeast-1,7.89,834.26,0
2026-04-02 16:23:00,AWS,us-east-1,24.62,154.19,0
2026-04-02 16:24:00,GCP,us-east-1,14.07,420.54,0
2026-04-02 16:25:00,AWS,eu-west-1,7.04,280.14,0
2026-04-02 16:26:00,AWS,ap-northeast-1,16.05,422.09,0
2026-04-02 16:27:00,Azure,ap-northeast-1,10.6,418.88,0
2026-04-02 16:28:00,AWS,sa-east-1,55.04580698921056,418.85,0
2026-04-02 16:29:00,GCP,us-east-1,9.49,378.67,0
2026-04-02 16:30:00,AWS,ap-northeast-1,7.21,787.58,0
2026-04-02 16:31:00,Azure,ap-northeast-1,13.84,720.74,0
2026-04-02 16:32:00,Azure,sa-east-1,59.29776698583499,407.32,0
2026-04-02 16:33:00,GCP,sa-east-1,108.76834221222285,231.84,0
2026-04-02 16:34:00,Azure,eu-west-1,17.0,566.45,0
2026-04-02 16:35:00,AWS,us-east-1,39.67,926.96,0
2026-04-02 16:36:00,Azure,ap-northeast-1,32.78,211.2,0
2026-04-02 16:37:00,GCP,eu-west-1,13.62,777.73,0
2026-04-02 16:38:00,Azure,us-east-1,11.87,639.44,0
2026-04-02 16:39:00,Azure,eu-west-1,9.05,629.73,0
2026-04-02 16:40:00,Azure,us-east-1,5.36,941.19,0
2026-04-02 16:41:00,GCP,us-east-1,3.88,960.35,0
2026-04-02 16:42:00,Azure,ap-northeast-1,7.99,319.46,0
2026-04-02 16:43:00,Azure,us-east-1,27.63,827.63,0
2026-04-02 16:44:00,AWS,sa-east-1,89.10091209731905,658.72,0
2026-04-02 16:45:00,GCP,ap-northeast-1,12.63,467.96,0
2026-04-02 16:46:00,Azure,sa-east-1,65.49358233514297,699.06,0
2026-04-02 16:47:00,GCP,eu-west-1,9.0,960.37,0
2026-04-02 16:48:00,Azure,eu-west-1,12.0,565.19,0
2026-04-02 16:49:00,Azure,us-east-1,8.26,946.07,1
2026-04-02 16:50:00,Azure,us-east-1,8.26,678.6,0
2026-04-02 16:51:00,AWS,sa-east-1,88.43081201236912,534.62,0
2026-04-02 16:52:00,AWS,sa-east-1,68.78242718903222,679.75,0
2026-04-02 16:53:00,AWS,sa-east-1,68.24649493802278,642.29,0
2026-04-02 16:54:00,GCP,eu-west-1,11.32,479.53,0
2026-04-02 16:55:00,GCP,sa-east-1,101.2734939516572,606.21,0
2026-04-02 16:56:00,AWS,ap-northeast-1,16.06,732.92,0
2026-04-02 16:57:00,GCP,ap-northeast-1,13.77,854.98,0
2026-04-02 16:58:00,Azure,eu-west-1,5.96,373.9,0
2026-04-02 16:59:00,Azure,sa-east-1,66.53889977597265,113.18,0
2026-04-02 17:00:00,Azure,sa-east-1,103.72392698420236,596.1,0
2026-04-02 17:01:00,AWS,us-east-1,12.52,540.36,0
2026-04-02 17:02:00,GCP,ap-northeast-1,16.97,148.78,0
2026-04-02 17:03:00,AWS,eu-west-1,13.5,669.26,0
2026-04-02 17:04:00,GCP,sa-east-1,72.3781233157042,947.26,0
2026-04-02 17:05:00,Azure,us-east-1,16.38,462.01,0
2026-04-02 17:06:00,AWS,eu-west-1,9.67,904.92,0
2026-04-02 17:07:00,GCP,eu-west-1,8.81,831.79,0
2026-04-02 17:08:00,GCP,ap-northeast-1,7.02,245.54,0
2026-04-02 17:09:00,Azure,sa-east-1,71.30286566927117,808.55,0
2026-04-02 17:10:00,AWS,eu-west-1,9.22,565.04,0
2026-04-02 17:11:00,AWS,us-east-1,21.77,926.77,0
2026-04-02 17:12:00,AWS,us-east-1,10.66,270.48,0
2026-04-02 17:13:00,Azure,eu-west-1,15.9,212.54,0
2026-04-02 17:14:00,AWS,us-east-1,4.95,317.15,0
2026-04-02 17:15:00,Azure,eu-west-1,17.68,153.66,0
2026-04-02 17:16:00,Azure,us-east-1,16.79,388.07,0
2026-04-02 17:17:00,Azure,eu-west-1,5.88,354.71,0
2026-04-02 17:18:00,GCP,eu-west-1,7.88,474.59,0
2026-04-02 17:19:00,AWS,eu-west-1,8.75,516.68,0
2026-04-02 17:20:00,AWS,us-east-1,11.01,230.25,0
2026-04-02 17:21:00,Azure,eu-west-1,8.56,657.44,0
2026-04-02 17:22:00,Azure,ap-northeast-1,10.78,301.21,0
2026-04-02 17:23:00,AWS,eu-west-1,16.89,209.74,0
2026-04-02 17:24:00,Azure,sa-east-1,96.20784443598379,737.93,0
2026-04-02 17:25:00,AWS,sa-east-1,106.56241738488816,120.46,0
2026-04-02 17:26:00,GCP,ap-northeast-1,13.3,431.53,0
2026-04-02 17:27:00,Azure,eu-west-1,2.78,229.96,0
2026-04-02 17:28:00,AWS,sa-east-1,62.78502910585593,894.51,0
2026-04-02 17:29:00,Azure,eu-west-1,19.94,842.01,0
2026-04-02 17:30:00,AWS,sa-east-1,65.36859448537368,154.47,0
2026-04-02 17:31:00,AWS,us-east-1,7.13,595.41,0
2026-04-02 17:32:00,Azure,us-east-1,20.45,365.82,0
2026-04-02 17:33:00,GCP,ap-northeast-1,13.15,273.29,0
2026-04-02 17:34:00,AWS,ap-northeast-1,25.25,380.38,0
2026-04-02 17:35:00,AWS,eu-west-1,9.66,834.3,0
2026-04-02 17:36:00,AWS,ap-northeast-1,22.22,152.07,0
2026-04-02 17:37:00,GCP,eu-west-1,7.81,683.41,0
2026-04-02 17:38:00,GCP,us-east-1,3.37,922.03,0
2026-04-02 17:39:00,Azure,us-east-1,17.06,503.25,0
2026-04-02 17:40:00,GCP,sa-east-1,89.9575062616289,911.36,0
2026-04-02 17:41:00,Azure,eu-west-1,17.05,916.12,0
2026-04-02 17:42:00,Azure,us-east-1,10.99,648.64,0
2026-04-02 17:43:00,GCP,us-east-1,25.37,510.26,0
2026-04-02 17:44:00,Azure,eu-west-1,18.78,763.9,0
2026-04-02 17:45:00,GCP,sa-east-1,97.91104028823236,924.6,0
2026-04-02 17:46:00,Azure,sa-east-1,67.11320424236501,712.03,0
2026-04-02 17:47:00,GCP,sa-east-1,74.96056835580846,288.65,0
2026-04-02 17:48:00,GCP,sa-east-1,107.48009316043974,838.05,0
2026-04-02 17:49:00,Azure,us-east-1,14.58,956.38,0
2026-04-02 17:50:00,AWS,eu-west-1,33.66,469.25,0
2026-04-02 17:51:00,Azure,eu-west-1,13.92,727.83,0
2026-04-02 17:52:00,GCP,us-east-1,7.22,566.35,0
2026-04-02 17:53:00,AWS,us-east-1,15.39,200.81,0
2026-04-02 17:54:00,Azure,us-east-1,22.85,414.86,0
2026-04-02 17:55:00,Azure,ap-northeast-1,28.63,247.45,0
2026-04-02 17:56:00,Azure,eu-west-1,11.55,706.22,0
2026-04-02 17:57:00,AWS,eu-west-1,11.03,623.89,0
2026-04-02 17:58:00,GCP,eu-west-1,6.02,130.18,0
2026-04-02 17:59:00,Azure,sa-east-1,102.81406796029441,155.45,0
2026-04-02 18:00:00,Azure,us-east-1,15.13,334.71,0
2026-04-02 18:01:00,Azure,us-east-1,5.69,770.37,0
2026-04-02 18:02:00,Azure,us-east-1,33.91,214.15,0
2026-04-02 18:03:00,Azure,ap-northeast-1,10.19,284.3,0
2026-04-02 18:04:00,GCP,eu-west-1,12.94,916.86,0
2026-04-02 18:05:00,GCP,us-east-1,14.46,591.52,0
2026-04-02 18:06:00,Azure,ap-northeast-1,21.43,658.76,0
2026-04-02 18:07:00,AWS,us-east-1,13.92,510.19,0
2026-04-02 18:08:00,GCP,sa-east-1,72.7012381164564,369.79,0
2026-04-02 18:09:00,AWS,eu-west-1,15.04,324.22,0
2026-04-02 18:10:00,GCP,ap-northeast-1,21.4,630.3,0
2026-04-02 18:11:00,Azure,us-east-1,7.79,523.88,0
2026-04-02 18:12:00,GCP,eu-west-1,18.17,462.73,0
2026-04-02 18:13:00,Azure,ap-northeast-1,13.83,724.95,0
2026-04-02 18:14:00,GCP,eu-west-1,12.78,463.74,0
2026-04-02 18:15:00,Azure,eu-west-1,8.85,133.06,1
2026-04-02 18:16:00,Azure,sa-east-1,72.27150273435956,855.7,0
2026-04-02 18:17:00,Azure,eu-west-1,15.17,386.56,0
2026-04-02 18:18:00,Azure,ap-northeast-1,9.85,951.76,0
2026-04-02 18:19:00,AWS,eu-west-1,7.47,891.6,0
2026-04-02 18:20:00,Azure,ap-northeast-1,7.32,310.52,0
2026-04-02 18:21:00,AWS,eu-west-1,14.02,968.92,0
2026-04-02 18:22:00,AWS,us-east-1,15.56,868.2,0
2026-04-02 18:23:00,Azure,sa-east-1,90.9183220049456,986.51,0
2026-04-02 18:24:00,AWS,us-east-1,30.19,710.15,0
2026-04-02 18:25:00,GCP,sa-east-1,60.01621387371811,937.65,0
2026-04-02 18:26:00,Azure,ap-northeast-1,14.73,721.08,0
2026-04-02 18:27:00,AWS,sa-east-1,66.5185312512204,869.58,0
2026-04-02 18:28:00,Azure,eu-west-1,11.57,649.39,0
2026-04-02 18:29:00,Azure,eu-west-1,13.8,936.26,0
2026-04-02 18:30:00,Azure,us-east-1,11.15,566.28,0
2026-04-02 18:31:00,AWS,sa-east-1,62.92784333536446,762.91,0
2026-04-02 18:32:00,GCP,ap-northeast-1,11.62,925.26,0
2026-04-02 18:33:00,GCP,ap-northeast-1,12.2,480.15,0
2026-04-02 18:34:00,AWS,eu-west-1,19.08,123.76,0
2026-04-02 18:35:00,Azure,ap-northeast-1,5.97,201.74,0
2026-04-02 18:36:00,AWS,eu-west-1,25.04,974.72,0
2026-04-02 18:37:00,AWS,eu-west-1,3.46,885.88,0
2026-04-02 18:38:00,AWS,eu-west-1,6.37,535.08,0
2026-04-02 18:39:00,Azure,us-east-1,13.3,964.81,0
2026-04-02 18:40:00,AWS,us-east-1,14.23,267.04,0
2026-04-02 18:41:00,Azure,eu-west-1,25.94,199.87,0
2026-04-02 18:42:00,AWS,eu-west-1,13.42,641.3,0
2026-04-02 18:43:00,GCP,eu-west-1,11.58,443.91,0
2026-04-02 18:44:00,AWS,ap-northeast-1,15.21,405.79,0
2026-04-02 18:45:00,AWS,eu-west-1,3.78,760.74,0
2026-04-02 18:46:00,GCP,eu-west-1,7.36,235.01,0
2026-04-02 18:47:00,Azure,sa-east-1,67.15711282472037,800.6,0
2026-04-02 18:48:00,Azure,sa-east-1,80.35070842900582,423.5,0
2026-04-02 18:49:00,AWS,sa-east-1,104.71420748476972,988.06,0
2026-04-02 18:50:00,GCP,sa-east-1,105.35563007472929,827.87,0
2026-04-02 18:51:00,Azure,eu-west-1,16.2,681.6,0
2026-04-02 18:52:00,AWS,sa-east-1,112.14464294781239,306.5,0
2026-04-02 18:53:00,GCP,ap-northeast-1,12.77,960.78,0
2026-04-02 18:54:00,Azure,ap-northeast-1,9.49,129.62,0
2026-04-02 18:55:00,Azure,sa-east-1,93.88083137189852,301.01,0
2026-04-02 18:56:00,GCP,us-east-1,6.79,133.1,0
2026-04-02 18:57:00,GCP,ap-northeast-1,6.14,969.86,0
2026-04-02 18:58:00,GCP,ap-northeast-1,17.56,884.3,0
2026-04-02 18:59:00,GCP,sa-east-1,84.86269142496701,956.9,0
2026-04-02 19:00:00,AWS,sa-east-1,73.85102107437066,743.53,0
2026-04-02 19:01:00,GCP,eu-west-1,4.42,124.68,0
2026-04-02 19:02:00,Azure,ap-northeast-1,7.72,938.35,0
2026-04-02 19:03:00,Azure,sa-east-1,102.14811764136606,478.86,0
2026-04-02 19:04:00,AWS,sa-east-1,59.62683278385673,431.38,0
2026-04-02 19:05:00,Azure,eu-west-1,46.06,355.72,0
2026-04-02 19:06:00,Azure,ap-northeast-1,6.23,358.12,0
2026-04-02 19:07:00,GCP,sa-east-1,105.72999503272936,820.57,0
2026-04-02 19:08:00,Azure,eu-west-1,11.47,330.74,0
2026-04-02 19:09:00,AWS,sa-east-1,64.83016400260007,299.95,0
2026-04-02 19:10:00,GCP,us-east-1,10.75,728.22,0
2026-04-02 19:11:00,GCP,us-east-1,12.27,358.72,0
2026-04-02 19:12:00,AWS,sa-east-1,90.27982069832,111.82,0
2026-04-02 19:13:00,GCP,ap-northeast-1,7.46,938.59,0
2026-04-02 19:14:00,GCP,us-east-1,16.11,382.21,0
2026-04-02 19:15:00,AWS,eu-west-1,10.59,787.94,0
2026-04-02 19:16:00,GCP,sa-east-1,101.34071977717531,522.09,0
2026-04-02 19:17:00,AWS,eu-west-1,9.84,220.67,0
2026-04-02 19:18:00,AWS,us-east-1,24.78,695.74,0
2026-04-02 19:19:00,Azure,ap-northeast-1,13.6,308.4,0
2026-04-02 19:20:00,Azure,eu-west-1,12.21,359.13,0
2026-04-02 19:21:00,GCP,us-east-1,9.99,129.17,0
2026-04-02 19:22:00,GCP,us-east-1,10.39,114.76,0
2026-04-02 19:23:00,AWS,us-east-1,13.6,562.26,0
2026-04-02 19:24:00,GCP,eu-west-1,10.67,152.02,0
2026-04-02 19:25:00,AWS,us-east-1,15.29,288.48,0
2026-04-02 19:26:00,AWS,sa-east-1,76.22336870263172,931.43,0
2026-04-02 19:27:00,GCP,us-east-1,6.71,174.57,0
2026-04-02 19:28:00,AWS,sa-east-1,69.78650983702858,361.71,0
2026-04-02 19:29:00,Azure,ap-northeast-1,7.56,753.88,0
2026-04-02 19:30:00,GCP,sa-east-1,74.3749476768606,895.89,0
2026-04-02 19:31:00,Azure,ap-northeast-1,12.03,141.59,0
2026-04-02 19:32:00,GCP,ap-northeast-1,13.86,266.9,0
2026-04-02 19:33:00,AWS,sa-east-1,90.48286790686407,449.1,0
2026-04-02 19:34:00,GCP,ap-northeast-1,4.14,424.89,0
2026-04-02 19:35:00,Azure,sa-east-1,104.32043625435666,359.67,0
2026-04-02 19:36:00,AWS,eu-west-1,14.97,318.08,0
2026-04-02 19:37:00,GCP,ap-northeast-1,8.47,341.79,0
2026-04-02 19:38:00,GCP,sa-east-1,62.30665846479709,220.08,0
2026-04-02 19:39:00,GCP,ap-northeast-1,13.45,246.99,0
2026-04-02 19:40:00,Azure,us-east-1,2.13,646.09,0
2026-04-02 19:41:00,Azure,sa-east-1,63.064143638499516,362.97,0
2026-04-02 19:42:00,GCP,us-east-1,21.77,459.72,0
2026-04-02 19:43:00,AWS,ap-northeast-1,9.01,470.77,0
2026-04-02 19:44:00,AWS,ap-northeast-1,11.67,198.76,0
2026-04-02 19:45:00,Azure,eu-west-1,11.49,837.54,0
2026-04-02 19:46:00,AWS,sa-east-1,87.94670376831503,960.72,0
2026-04-02 19:47:00,Azure,us-east-1,9.94,337.19,0
2026-04-02 19:48:00,GCP,eu-west-1,10.37,364.97,0
2026-04-02 19:49:00,Azure,ap-northeast-1,13.4,723.84,0
2026-04-02 19:50:00,Azure,ap-northeast-1,18.6,172.53,0
2026-04-02 19:51:00,GCP,eu-west-1,21.79,916.59,0
2026-04-02 19:52:00,AWS,us-east-1,10.39,208.53,0
2026-04-02 19:53:00,Azure,ap-northeast-1,9.53,758.86,0
2026-04-02 19:54:00,Azure,ap-northeast-1,11.32,362.36,0
2026-04-02 19:55:00,GCP,sa-east-1,78.50106198915674,390.94,0
2026-04-02 19:56:00,AWS,eu-west-1,17.98,226.76,0
2026-04-02 19:57:00,Azure,ap-northeast-1,9.58,681.7,0
2026-04-02 19:58:00,GCP,us-east-1,5.44,815.49,0
2026-04-02 19:59:00,Azure,sa-east-1,118.98452824687168,955.22,0
2026-04-02 20:00:00,GCP,eu-west-1,22.41,398.39,0
2026-04-02 20:01:00,AWS,us-east-1,6.99,659.06,0
2026-04-02 20:02:00,AWS,ap-northeast-1,9.75,473.49,0
2026-04-02 20:03:00,AWS,eu-west-1,18.88,602.06,0
2026-04-02 20:04:00,AWS,eu-west-1,14.77,246.64,0
2026-04-02 20:05:00,Azure,us-east-1,4.49,623.58,0
2026-04-02 20:06:00,Azure,eu-west-1,6.93,864.17,0
2026-04-02 20:07:00,AWS,us-east-1,16.29,877.29,0
2026-04-02 20:08:00,AWS,ap-northeast-1,13.8,535.05,0
2026-04-02 20:09:00,AWS,sa-east-1,92.54944015768825,312.17,0
2026-04-02 20:10:00,Azure,us-east-1,18.0,853.01,0
2026-04-02 20:11:00,AWS,sa-east-1,82.5966761841317,999.49,0
2026-04-02 20:12:00,AWS,eu-west-1,15.03,439.44,0
2026-04-02 20:13:00,AWS,us-east-1,9.16,931.93,0
2026-04-02 20:14:00,GCP,ap-northeast-1,12.9,985.11,0
2026-04-02 20:15:00,AWS,us-east-1,14.25,456.05,0
2026-04-02 20:16:00,GCP,us-east-1,28.59,744.66,0
2026-04-02 20:17:00,GCP,us-east-1,8.07,622.98,0
2026-04-02 20:18:00,AWS,sa-east-1,116.48636573696211,749.97,0
2026-04-02 20:19:00,GCP,sa-east-1,93.80474045860838,238.74,0
2026-04-02 20:20:00,AWS,eu-west-1,17.68,430.05,0
2026-04-02 20:21:00,Azure,eu-west-1,11.47,156.52,0
2026-04-02 20:22:00,Azure,eu-west-1,21.95,651.89,0
2026-04-02 20:23:00,Azure,eu-west-1,8.4,934.03,0
2026-04-02 20:24:00,Azure,us-east-1,13.08,604.25,0
2026-04-02 20:25:00,GCP,sa-east-1,90.97114458839616,163.3,1
2026-04-02 20:26:00,AWS,sa-east-1,70.72672663602289,937.34,0
2026-04-02 20:27:00,AWS,sa-east-1,76.84393180103648,219.67,0
2026-04-02 20:28:00,AWS,sa-east-1,88.27336673079924,894.65,0
2026-04-02 20:29:00,Azure,eu-west-1,11.78,742.8,0
2026-04-02 20:30:00,Azure,us-east-1,17.73,672.73,0
2026-04-02 20:31:00,AWS,sa-east-1,96.23629388693357,628.16,0
2026-04-02 20:32:00,Azure,ap-northeast-1,7.04,218.03,0
2026-04-02 20:33:00,AWS,us-east-1,17.25,550.76,0
2026-04-02 20:34:00,AWS,ap-northeast-1,9.21,277.02,0
2026-04-02 20:35:00,AWS,us-east-1,5.27,614.61,0
2026-04-02 20:36:00,AWS,us-east-1,8.33,502.61,1
2026-04-02 20:37:00,AWS,us-east-1,23.9,711.71,0
2026-04-02 20:38:00,AWS,ap-northeast-1,20.7,984.25,0
2026-04-02 20:39:00,AWS,sa-east-1,97.76024642873259,424.91,0
2026-04-02 20:40:00,Azure,sa-east-1,65.47372940643567,655.04,0
2026-04-02 20:41:00,AWS,ap-northeast-1,9.93,877.97,0
2026-04-02 20:42:00,AWS,sa-east-1,111.37057957112432,183.63,0
2026-04-02 20:43:00,Azure,eu-west-1,11.05,820.22,0
2026-04-02 20:44:00,Azure,sa-east-1,77.63691171815677,315.48,0
2026-04-02 20:45:00,Azure,eu-west-1,8.96,586.25,0
2026-04-02 20:46:00,AWS,eu-west-1,10.64,992.35,0
2026-04-02 20:47:00,GCP,eu-west-1,18.61,985.65,0
2026-04-02 20:48:00,GCP,ap-northeast-1,12.71,384.22,0
2026-04-02 20:49:00,Azure,sa-east-1,71.02477044110154,218.59,0
2026-04-02 20:50:00,GCP,sa-east-1,76.60912866268687,944.37,0
2026-04-02 20:51:00,Azure,ap-northeast-1,12.63,904.18,0
2026-04-02 20:52:00,AWS,ap-northeast-1,19.59,654.43,0
2026-04-02 20:53:00,GCP,sa-east-1,81.84152366402915,129.17,0
2026-04-02 20:54:00,AWS,ap-northeast-1,13.96,776.15,0
2026-04-02 20:55:00,GCP,ap-northeast-1,18.99,244.77,0
2026-04-02 20:56:00,AWS,eu-west-1,26.49,948.72,0
2026-04-02 20:57:00,GCP,ap-northeast-1,7.05,491.61,0
2026-04-02 20:58:00,AWS,eu-west-1,11.17,653.6,0
2026-04-02 20:59:00,AWS,us-east-1,6.31,352.97,0
2026-04-02 21:00:00,GCP,eu-west-1,7.5,527.57,0
2026-04-02 21:01:00,AWS,eu-west-1,12.3,779.17,0
2026-04-02 21:02:00,AWS,ap-northeast-1,4.42,542.81,0
2026-04-02 21:03:00,AWS,sa-east-1,103.37652619992222,862.48,0
2026-04-02 21:04:00,GCP,us-east-1,16.1,741.72,0
2026-04-02 21:05:00,GCP,us-east-1,11.73,169.62,0
2026-04-02 21:06:00,AWS,us-east-1,8.0,646.15,0
2026-04-02 21:07:00,AWS,sa-east-1,89.31577475637303,651.34,0
2026-04-02 21:08:00,GCP,us-east-1,35.1,442.81,0
2026-04-02 21:09:00,GCP,us-east-1,9.39,390.45,0
2026-04-02 21:10:00,AWS,sa-east-1,81.45234907898148,156.6,0
2026-04-02 21:11:00,AWS,us-east-1,3.83,501.54,0
2026-04-02 21:12:00,AWS,ap-northeast-1,20.53,402.94,0
2026-04-02 21:13:00,Azure,ap-northeast-1,6.55,955.96,0
2026-04-02 21:14:00,GCP,eu-west-1,12.73,706.76,0
2026-04-02 21:15:00,Azure,eu-west-1,34.93,514.06,0
2026-04-02 21:16:00,GCP,eu-west-1,14.65,779.15,0
2026-04-02 21:17:00,GCP,ap-northeast-1,14.57,800.89,0
2026-04-02 21:18:00,GCP,ap-northeast-1,10.35,532.41,0
2026-04-02 21:19:00,GCP,ap-northeast-1,14.25,168.18,0
2026-04-02 21:20:00,GCP,eu-west-1,12.65,802.5,0
2026-04-02 21:21:00,GCP,eu-west-1,15.96,181.26,0
2026-04-02 21:22:00,GCP,eu-west-1,3.64,862.76,0
2026-04-02 21:23:00,Azure,eu-west-1,14.73,400.74,0
2026-04-02 21:24:00,AWS,eu-west-1,15.13,674.42,0
2026-04-02 21:25:00,AWS,eu-west-1,43.54,766.36,0
2026-04-02 21:26:00,Azure,ap-northeast-1,12.16,131.67,0
2026-04-02 21:27:00,Azure,sa-east-1,64.51081848816624,446.15,0
2026-04-02 21:28:00,Azure,sa-east-1,93.02806554661842,643.73,0
2026-04-02 21:29:00,Azure,eu-west-1,15.06,863.33,0
2026-04-02 21:30:00,GCP,sa-east-1,90.30529999928766,745.99,0
2026-04-02 21:31:00,AWS,sa-east-1,73.24356211533377,906.53,0
2026-04-02 21:32:00,GCP,ap-northeast-1,7.7,174.45,0
2026-04-02 21:33:00,AWS,eu-west-1,14.93,164.64,0
2026-04-02 21:34:00,AWS,eu-west-1,7.93,742.17,0
2026-04-02 21:35:00,Azure,sa-east-1,108.70885541899784,458.68,0
2026-04-02 21:36:00,GCP,eu-west-1,9.63,533.47,0
2026-04-02 21:37:00,Azure,eu-west-1,10.76,643.88,0
2026-04-02 21:38:00,GCP,eu-west-1,11.69,987.35,0
2026-04-02 21:39:00,AWS,eu-west-1,14.68,160.45,0
2026-04-02 21:40:00,Azure,sa-east-1,66.18707142034938,198.01,0
2026-04-02 21:41:00,Azure,us-east-1,18.86,846.38,0
2026-04-02 21:42:00,AWS,sa-east-1,93.86383133296253,118.47,0
2026-04-02 21:43:00,AWS,ap-northeast-1,15.1,505.41,0
2026-04-02 21:44:00,AWS,us-east-1,8.03,796.71,0
2026-04-02 21:45:00,Azure,us-east-1,29.7,275.74,0
2026-04-02 21:46:00,GCP,us-east-1,15.13,268.31,0
2026-04-02 21:47:00,Azure,sa-east-1,84.82774201551727,379.23,0
2026-04-02 21:48:00,GCP,ap-northeast-1,29.0,235.01,0
2026-04-02 21:49:00,Azure,sa-east-1,109.9994570036389,710.7,0
2026-04-02 21:50:00,Azure,ap-northeast-1,8.61,280.12,0
2026-04-02 21:51:00,AWS,sa-east-1,82.1146929775626,304.17,0
2026-04-02 21:52:00,GCP,sa-east-1,82.32715782868816,617.44,0
2026-04-02 21:53:00,Azure,sa-east-1,84.54618257843157,970.61,0
2026-04-02 21:54:00,Azure,us-east-1,22.29,922.49,0
2026-04-02 21:55:00,AWS,sa-east-1,101.51234793304859,878.05,0
2026-04-02 21:56:00,AWS,ap-northeast-1,6.24,577.83,0
2026-04-02 21:57:00,GCP,ap-northeast-1,16.74,367.98,0
2026-04-02 21:58:00,Azure,ap-northeast-1,27.93,735.19,0
2026-04-02 21:59:00,GCP,us-east-1,21.73,450.62,0
2026-04-02 22:00:00,Azure,sa-east-1,128.282369456659,800.12,0
2026-04-02 22:01:00,GCP,sa-east-1,104.89548558974899,114.57,0
2026-04-02 22:02:00,AWS,eu-west-1,7.77,576.59,0
2026-04-02 22:03:00,Azure,us-east-1,10.43,403.62,0
2026-04-02 22:04:00,GCP,ap-northeast-1,5.55,324.14,0
2026-04-02 22:05:00,AWS,ap-northeast-1,6.81,695.65,0
2026-04-02 22:06:00,AWS,sa-east-1,118.59279149978737,692.54,0
2026-04-02 22:07:00,GCP,ap-northeast-1,13.99,133.36,0
2026-04-02 22:08:00,Azure,sa-east-1,112.89351499124889,952.93,0
2026-04-02 22:09:00,Azure,sa-east-1,58.50222418592436,425.67,0
2026-04-02 22:10:00,AWS,eu-west-1,9.26,925.67,0
2026-04-02 22:11:00,Azure,us-east-1,16.39,625.35,0
2026-04-02 22:12:00,Azure,sa-east-1,79.84728112022616,687.33,0
2026-04-02 22:13:00,Azure,sa-east-1,98.17030779867906,964.46,0
2026-04-02 22:14:00,AWS,sa-east-1,93.09316724260903,839.98,0
2026-04-02 22:15:00,GCP,eu-west-1,14.87,226.03,0
2026-04-02 22:16:00,Azure,sa-east-1,80.92645016101616,104.7,0
2026-04-02 22:17:00,AWS,us-east-1,19.89,377.73,0
2026-04-02 22:18:00,AWS,us-east-1,11.74,539.68,0
2026-04-02 22:19:00,GCP,ap-northeast-1,6.57,758.93,0
2026-04-02 22:20:00,Azure,us-east-1,4.65,694.94,0
2026-04-02 22:21:00,Azure,ap-northeast-1,11.12,381.57,0
2026-04-02 22:22:00,GCP,us-east-1,10.54,587.8,0
2026-04-02 22:23:00,GCP,ap-northeast-1,8.18,685.84,0
2026-04-02 22:24:00,AWS,sa-east-1,77.61110733418911,562.38,0
2026-04-02 22:25:00,AWS,eu-west-1,6.86,720.08,0
2026-04-02 22:26:00,GCP,eu-west-1,8.75,536.7,0
2026-04-02 22:27:00,Azure,eu-west-1,21.83,576.72,0
2026-04-02 22:28:00,AWS,sa-east-1,65.60759639278089,946.7,0
2026-04-02 22:29:00,AWS,eu-west-1,14.32,450.24,0
2026-04-02 22:30:00,Azure,us-east-1,12.12,780.14,0
2026-04-02 22:31:00,AWS,ap-northeast-1,13.76,401.21,0
2026-04-02 22:32:00,Azure,sa-east-1,84.83527235594758,398.67,0
2026-04-02 22:33:00,Azure,eu-west-1,14.33,934.0,0
2026-04-02 22:34:00,Azure,us-east-1,6.09,728.8,0
2026-04-02 22:35:00,GCP,us-east-1,6.63,936.06,0
2026-04-02 22:36:00,GCP,sa-east-1,109.0465018580231,995.12,0
2026-04-02 22:37:00,GCP,sa-east-1,75.29231670761138,100.18,0
2026-04-02 22:38:00,Azure,eu-west-1,19.64,984.84,0
2026-04-02 22:39:00,Azure,ap-northeast-1,14.22,190.78,0
2026-04-02 22:40:00,GCP,eu-west-1,5.17,163.37,0
2026-04-02 22:41:00,AWS,eu-west-1,31.33,791.03,0
2026-04-02 22:42:00,Azure,sa-east-1,93.17502822969419,415.17,0
2026-04-02 22:43:00,AWS,eu-west-1,10.97,926.03,0
2026-04-02 22:44:00,AWS,eu-west-1,15.05,590.06,0
2026-04-02 22:45:00,Azure,ap-northeast-1,11.67,447.5,0
2026-04-02 22:46:00,Azure,us-east-1,19.7,166.09,0
2026-04-02 22:47:00,AWS,us-east-1,7.32,518.17,0
2026-04-02 22:48:00,AWS,ap-northeast-1,21.62,350.11,0
2026-04-02 22:49:00,GCP,us-east-1,17.12,168.95,0
2026-04-02 22:50:00,GCP,eu-west-1,8.27,703.35,0
2026-04-02 22:51:00,Azure,ap-northeast-1,13.82,979.6,0
2026-04-02 22:52:00,GCP,ap-northeast-1,22.33,441.02,0
2026-04-02 22:53:00,GCP,sa-east-1,71.38828256204815,367.54,0
2026-04-02 22:54:00,GCP,us-east-1,13.11,180.96,0
2026-04-02 22:55:00,GCP,sa-east-1,93.1999784003238,300.83,0
2026-04-02 22:56:00,AWS,eu-west-1,17.35,356.48,0
2026-04-02 22:57:00,Azure,ap-northeast-1,9.46,409.76,0
2026-04-02 22:58:00,GCP,eu-west-1,13.18,670.57,0
2026-04-02 22:59:00,AWS,us-east-1,18.62,203.39,0
2026-04-02 23:00:00,AWS,sa-east-1,80.16372133772869,152.58,0
2026-04-02 23:01:00,AWS,us-east-1,8.51,937.52,0
2026-04-02 23:02:00,GCP,eu-west-1,14.01,819.27,0
2026-04-02 23:03:00,GCP,sa-east-1,68.04605148459369,350.4,0
2026-04-02 23:04:00,Azure,us-east-1,16.3,674.91,0
2026-04-02 23:05:00,GCP,eu-west-1,24.86,633.24,0
2026-04-02 23:06:00,GCP,us-east-1,17.09,768.71,0
2026-04-02 23:07:00,AWS,ap-northeast-1,8.07,873.37,0
2026-04-02 23:08:00,Azure,sa-east-1,104.05893695070218,421.98,0
2026-04-02 23:09:00,GCP,sa-east-1,94.12697699940652,694.75,0
2026-04-02 23:10:00,GCP,sa-east-1,76.90355515500961,821.84,0
2026-04-02 23:11:00,AWS,ap-northeast-1,19.49,729.36,0
2026-04-02 23:12:00,AWS,sa-east-1,97.58829980981602,929.92,0
2026-04-02 23:13:00,GCP,ap-northeast-1,12.87,545.22,0
2026-04-02 23:14:00,Azure,sa-east-1,105.04361279772763,822.38,0
2026-04-02 23:15:00,Azure,us-east-1,5.19,918.77,0
2026-04-02 23:16:00,AWS,us-east-1,5.81,601.35,0
2026-04-02 23:17:00,AWS,us-east-1,15.5,115.56,0
2026-04-02 23:18:00,GCP,us-east-1,19.09,836.21,0
2026-04-02 23:19:00,AWS,ap-northeast-1,19.48,861.43,0
2026-04-02 23:20:00,GCP,eu-west-1,9.15,459.87,0
2026-04-02 23:21:00,Azure,eu-west-1,7.99,306.17,0
2026-04-02 23:22:00,Azure,us-east-1,7.42,980.33,0
2026-04-02 23:23:00,GCP,eu-west-1,14.31,596.46,0
2026-04-02 23:24:00,AWS,eu-west-1,7.45,564.56,0
2026-04-02 23:25:00,Azure,sa-east-1,73.49380855715154,951.47,0
2026-04-02 23:26:00,AWS,ap-northeast-1,12.05,467.29,0
2026-04-02 23:27:00,Azure,us-east-1,8.57,863.32,0
2026-04-02 23:28:00,GCP,eu-west-1,8.59,730.59,0
2026-04-02 23:29:00,GCP,eu-west-1,5.66,970.94,0
2026-04-02 23:30:00,GCP,us-east-1,8.19,485.79,0
2026-04-02 23:31:00,Azure,sa-east-1,80.628876490561,916.86,0
2026-04-02 23:32:00,AWS,us-east-1,14.94,611.99,0
2026-04-02 23:33:00,AWS,sa-east-1,90.38303628893541,528.29,0
2026-04-02 23:34:00,AWS,eu-west-1,7.93,375.1,0
2026-04-02 23:35:00,Azure,ap-northeast-1,6.6,597.43,0
2026-04-02 23:36:00,Azure,sa-east-1,75.7718373003598,615.3,0
2026-04-02 23:37:00,Azure,sa-east-1,101.80478572604893,908.55,0
2026-04-02 23:38:00,Azure,us-east-1,10.39,733.66,0
2026-04-02 23:39:00,Azure,eu-west-1,21.28,843.83,0
2026-04-02 23:40:00,AWS,ap-northeast-1,11.02,792.22,0
2026-04-02 23:41:00,Azure,us-east-1,13.19,348.98,0
2026-04-02 23:42:00,Azure,us-east-1,12.42,285.22,0
2026-04-02 23:43:00,AWS,ap-northeast-1,6.09,332.63,0
2026-04-02 23:44:00,Azure,eu-west-1,29.33,231.92,0
2026-04-02 23:45:00,AWS,ap-northeast-1,9.94,447.37,0
2026-04-02 23:46:00,AWS,us-east-1,12.16,688.51,0
2026-04-02 23:47:00,GCP,us-east-1,8.78,583.28,0
2026-04-02 23:48:00,GCP,sa-east-1,99.42216091704702,711.29,0
2026-04-02 23:49:00,GCP,ap-northeast-1,5.87,420.49,0
2026-04-02 23:50:00,GCP,ap-northeast-1,23.36,284.75,0
2026-04-02 23:51:00,Azure,ap-northeast-1,10.46,282.48,0
2026-04-02 23:52:00,GCP,us-east-1,9.33,640.78,0
2026-04-02 23:53:00,AWS,eu-west-1,8.9,247.87,0
2026-04-02 23:54:00,Azure,us-east-1,30.09,457.45,0
2026-04-02 23:55:00,GCP,sa-east-1,74.03348693876941,291.55,0
2026-04-02 23:56:00,AWS,us-east-1,9.32,696.48,0
2026-04-02 23:57:00,Azure,us-east-1,6.39,653.88,0
2026-04-02 23:58:00,Azure,us-east-1,4.92,443.01,0
2026-04-02 23:59:00,GCP,sa-east-1,110.15100424538304,215.85,0
2026-04-03 00:00:00,Azure,ap-northeast-1,12.02,290.64,0
2026-04-03 00:01:00,AWS,eu-west-1,6.82,524.99,0
2026-04-03 00:02:00,Azure,eu-west-1,18.44,974.87,0
2026-04-03 00:03:00,AWS,sa-east-1,77.01601217481789,343.7,0
2026-04-03 00:04:00,Azure,ap-northeast-1,8.82,272.07,0
2026-04-03 00:05:00,GCP,ap-northeast-1,16.24,298.62,0
2026-04-03 00:06:00,AWS,sa-east-1,61.09530792606725,737.33,0
2026-04-03 00:07:00,Azure,us-east-1,7.53,923.22,0
2026-04-03 00:08:00,Azure,ap-northeast-1,17.25,167.65,0
2026-04-03 00:09:00,Azure,eu-west-1,11.35,774.36,0
2026-04-03 00:10:00,AWS,sa-east-1,68.10303722220925,545.15,0
2026-04-03 00:11:00,AWS,eu-west-1,9.96,842.67,0
2026-04-03 00:12:00,AWS,us-east-1,20.28,479.35,0
2026-04-03 00:13:00,GCP,sa-east-1,77.36848113291069,104.69,0
2026-04-03 00:14:00,GCP,eu-west-1,20.69,714.52,0
2026-04-03 00:15:00,AWS,eu-west-1,20.35,827.17,0
2026-04-03 00:16:00,Azure,us-east-1,22.6,911.82,0
2026-04-03 00:17:00,GCP,sa-east-1,70.40920242711812,612.15,0
2026-04-03 00:18:00,AWS,ap-northeast-1,14.75,209.84,0
2026-04-03 00:19:00,Azure,ap-northeast-1,10.86,432.85,0
2026-04-03 00:20:00,GCP,eu-west-1,7.78,805.83,0
2026-04-03 00:21:00,Azure,us-east-1,33.17,544.97,0
2026-04-03 00:22:00,Azure,eu-west-1,8.36,729.32,0
2026-04-03 00:23:00,Azure,us-east-1,19.15,104.22,0
2026-04-03 00:24:00,Azure,ap-northeast-1,17.51,165.7,1
2026-04-03 00:25:00,GCP,eu-west-1,13.34,713.05,0
2026-04-03 00:26:00,GCP,eu-west-1,11.27,361.18,0
2026-04-03 00:27:00,GCP,us-east-1,11.33,449.37,0
2026-04-03 00:28:00,AWS,sa-east-1,76.39316240916544,677.92,0
2026-04-03 00:29:00,GCP,us-east-1,12.77,200.81,0
2026-04-03 00:30:00,Azure,sa-east-1,95.23303286836975,849.44,0
2026-04-03 00:31:00,GCP,ap-northeast-1,17.7,229.99,0
2026-04-03 00:32:00,Azure,eu-west-1,10.87,759.95,0
2026-04-03 00:33:00,AWS,eu-west-1,7.53,363.48,0
2026-04-03 00:34:00,Azure,us-east-1,6.44,333.97,0
2026-04-03 00:35:00,Azure,us-east-1,11.4,839.14,0
2026-04-03 00:36:00,Azure,ap-northeast-1,11.61,596.98,1
2026-04-03 00:37:00,AWS,ap-northeast-1,9.4,284.95,0
2026-04-03 00:38:00,GCP,sa-east-1,81.1125277686661,102.29,0
2026-04-03 00:39:00,GCP,ap-northeast-1,14.5,975.73,0
2026-04-03 00:40:00,AWS,ap-northeast-1,12.53,488.25,0
2026-04-03 00:41:00,Azure,ap-northeast-1,7.67,457.68,0
2026-04-03 00:42:00,GCP,ap-northeast-1,8.41,145.28,0
2026-04-03 00:43:00,AWS,sa-east-1,84.04236779286984,904.96,0
2026-04-03 00:44:00,GCP,ap-northeast-1,11.07,226.53,0
2026-04-03 00:45:00,AWS,sa-east-1,112.1122827549215,401.91,0
2026-04-03 00:46:00,Azure,us-east-1,6.65,478.99,0
2026-04-03 00:47:00,GCP,eu-west-1,9.2,829.1,0
2026-04-03 00:48:00,AWS,us-east-1,11.86,423.52,0
2026-04-03 00:49:00,GCP,ap-northeast-1,16.11,578.32,0
2026-04-03 00:50:00,GCP,eu-west-1,5.82,485.86,0
2026-04-03 00:51:00,GCP,ap-northeast-1,36.96,380.66,0
2026-04-03 00:52:00,GCP,ap-northeast-1,17.75,951.67,0
2026-04-03 00:53:00,AWS,us-east-1,9.03,817.19,0
2026-04-03 00:54:00,Azure,ap-northeast-1,7.13,256.92,0
2026-04-03 00:55:00,AWS,us-east-1,14.04,599.24,0
2026-04-03 00:56:00,AWS,ap-northeast-1,15.42,816.9,0
2026-04-03 00:57:00,AWS,sa-east-1,92.34464298847195,621.81,0
2026-04-03 00:58:00,Azure,eu-west-1,6.98,544.4,0
2026-04-03 00:59:00,GCP,us-east-1,7.79,164.85,0
2026-04-03 01:00:00,GCP,us-east-1,12.58,195.46,0
2026-04-03 01:01:00,GCP,eu-west-1,12.66,320.72,0
2026-04-03 01:02:00,Azure,us-east-1,35.95,562.06,0
2026-04-03 01:03:00,GCP,eu-west-1,4.13,988.57,0
2026-04-03 01:04:00,Azure,sa-east-1,86.79790734454781,822.04,0
2026-04-03 01:05:00,GCP,ap-northeast-1,9.35,199.05,0
2026-04-03 01:06:00,GCP,sa-east-1,108.89278669623243,745.53,0
2026-04-03 01:07:00,AWS,ap-northeast-1,15.85,829.42,0
2026-04-03 01:08:00,Azure,eu-west-1,11.03,472.84,0
2026-04-03 01:09:00,AWS,sa-east-1,92.46219677925981,397.13,0
2026-04-03 01:10:00,AWS,ap-northeast-1,6.97,626.15,0
2026-04-03 01:11:00,AWS,eu-west-1,8.6,567.24,0
2026-04-03 01:12:00,Azure,ap-northeast-1,6.31,338.69,0
2026-04-03 01:13:00,Azure,us-east-1,11.32,457.64,0
2026-04-03 01:14:00,GCP,us-east-1,10.32,589.99,0
2026-04-03 01:15:00,AWS,eu-west-1,18.05,621.93,0
2026-04-03 01:16:00,GCP,ap-northeast-1,30.78,578.57,0
2026-04-03 01:17:00,AWS,us-east-1,25.67,861.5,0
2026-04-03 01:18:00,Azure,sa-east-1,66.50223736094794,128.57,0
2026-04-03 01:19:00,Azure,ap-northeast-1,12.51,399.69,0
2026-04-03 01:20:00,Azure,ap-northeast-1,17.94,774.85,0
2026-04-03 01:21:00,AWS,us-east-1,17.02,686.6,0
2026-04-03 01:22:00,Azure,us-east-1,38.75,926.44,0
2026-04-03 01:23:00,AWS,eu-west-1,10.91,629.22,0
2026-04-03 01:24:00,GCP,ap-northeast-1,12.67,674.34,0
2026-04-03 01:25:00,AWS,sa-east-1,124.70847485273597,734.45,0
2026-04-03 01:26:00,GCP,us-east-1,15.03,267.58,0
2026-04-03 01:27:00,AWS,ap-northeast-1,9.04,777.92,0
2026-04-03 01:28:00,GCP,us-east-1,7.48,369.9,0
2026-04-03 01:29:00,Azure,eu-west-1,13.52,482.05,0
2026-04-03 01:30:00,GCP,ap-northeast-1,20.77,112.61,0
2026-04-03 01:31:00,Azure,ap-northeast-1,20.63,859.21,0
2026-04-03 01:32:00,Azure,eu-west-1,7.88,958.14,0
2026-04-03 01:33:00,GCP,sa-east-1,65.7696930100387,154.17,0
2026-04-03 01:34:00,AWS,us-east-1,9.72,671.68,0
2026-04-03 01:35:00,AWS,eu-west-1,11.31,964.7,0
2026-04-03 01:36:00,AWS,ap-northeast-1,19.16,646.21,0
2026-04-03 01:37:00,AWS,eu-west-1,11.88,818.16,0
2026-04-03 01:38:00,AWS,ap-northeast-1,16.88,206.32,0
2026-04-03 01:39:00,Azure,eu-west-1,17.14,320.36,0
2026-04-03 01:40:00,AWS,sa-east-1,80.18912022801015,411.16,0
2026-04-03 01:41:00,Azure,ap-northeast-1,22.52,983.05,0
2026-04-03 01:42:00,Azure,eu-west-1,7.05,803.6,0
2026-04-03 01:43:00,Azure,sa-east-1,70.83382495361919,897.1,0
2026-04-03 01:44:00,GCP,sa-east-1,108.16625013080935,538.37,0
2026-04-03 01:45:00,GCP,us-east-1,7.48,745.12,0
2026-04-03 01:46:00,Azure,ap-northeast-1,16.49,758.41,0
2026-04-03 01:47:00,GCP,us-east-1,43.89,612.03,0
2026-04-03 01:48:00,AWS,sa-east-1,90.26478152762053,890.17,0
2026-04-03 01:49:00,AWS,us-east-1,8.1,242.43,0
2026-04-03 01:50:00,Azure,us-east-1,7.4,151.77,0
2026-04-03 01:51:00,AWS,eu-west-1,19.86,373.65,0
2026-04-03 01:52:00,Azure,us-east-1,6.74,179.44,0
2026-04-03 01:53:00,Azure,sa-east-1,90.62145636019035,154.28,0
2026-04-03 01:54:00,AWS,us-east-1,14.65,477.18,0
2026-04-03 01:55:00,GCP,ap-northeast-1,9.29,280.46,0
2026-04-03 01:56:00,AWS,eu-west-1,12.93,811.13,0
2026-04-03 01:57:00,AWS,sa-east-1,73.75422987327354,621.81,0
2026-04-03 01:58:00,Azure,us-east-1,12.01,424.53,0
2026-04-03 01:59:00,Azure,ap-northeast-1,18.86,357.89,0
2026-04-03 02:00:00,Azure,sa-east-1,115.77862804063183,606.82,0
2026-04-03 02:01:00,Azure,us-east-1,19.27,490.6,0
2026-04-03 02:02:00,GCP,eu-west-1,16.77,150.16,0
2026-04-03 02:03:00,GCP,us-east-1,17.36,698.67,0
2026-04-03 02:04:00,GCP,sa-east-1,71.18958516910767,549.78,0
2026-04-03 02:05:00,Azure,sa-east-1,101.22513928022882,349.21,0
2026-04-03 02:06:00,Azure,sa-east-1,83.81858107532284,361.37,0
2026-04-03 02:07:00,Azure,ap-northeast-1,14.27,507.51,0
2026-04-03 02:08:00,GCP,us-east-1,12.64,844.83,0
2026-04-03 02:09:00,Azure,us-east-1,15.03,480.75,0
2026-04-03 02:10:00,AWS,us-east-1,34.14,855.62,0
2026-04-03 02:11:00,AWS,eu-west-1,9.48,482.38,0
2026-04-03 02:12:00,Azure,ap-northeast-1,9.95,846.92,0
2026-04-03 02:13:00,AWS,ap-northeast-1,22.29,938.38,0
2026-04-03 02:14:00,AWS,eu-west-1,12.97,118.52,0
2026-04-03 02:15:00,GCP,ap-northeast-1,15.29,156.03,0
2026-04-03 02:16:00,Azure,eu-west-1,9.06,220.62,0
2026-04-03 02:17:00,Azure,sa-east-1,79.81377721191764,209.91,0
2026-04-03 02:18:00,GCP,sa-east-1,91.72486156519817,509.03,0
2026-04-03 02:19:00,AWS,ap-northeast-1,13.28,787.63,0
2026-04-03 02:20:00,AWS,sa-east-1,62.13587540558299,965.2,0
2026-04-03 02:21:00,Azure,sa-east-1,84.35461342811082,476.0,0
2026-04-03 02:22:00,AWS,sa-east-1,77.94853284448895,719.63,0
2026-04-03 02:23:00,GCP,us-east-1,8.87,671.96,0
2026-04-03 02:24:00,GCP,sa-east-1,64.54608443141747,453.87,0
2026-04-03 02:25:00,Azure,us-east-1,6.35,749.01,0
2026-04-03 02:26:00,GCP,eu-west-1,19.22,632.76,0
2026-04-03 02:27:00,GCP,eu-west-1,11.55,783.95,0
2026-04-03 02:28:00,Azure,eu-west-1,9.98,274.28,0
2026-04-03 02:29:00,GCP,eu-west-1,13.27,424.24,0
2026-04-03 02:30:00,GCP,eu-west-1,12.66,704.1,0
2026-04-03 02:31:00,GCP,sa-east-1,103.22372595334366,212.32,0
2026-04-03 02:32:00,AWS,sa-east-1,110.17433931944794,793.36,0
2026-04-03 02:33:00,Azure,sa-east-1,116.11984287665214,220.1,0
2026-04-03 02:34:00,Azure,eu-west-1,18.4,392.01,0
2026-04-03 02:35:00,Azure,eu-west-1,8.01,313.78,0
2026-04-03 02:36:00,AWS,us-east-1,23.1,154.89,0
2026-04-03 02:37:00,AWS,ap-northeast-1,33.27,343.59,0
2026-04-03 02:38:00,Azure,sa-east-1,101.58806600258112,920.36,0
2026-04-03 02:39:00,AWS,ap-northeast-1,10.41,124.24,0
2026-04-03 02:40:00,Azure,eu-west-1,7.77,115.15,0
2026-04-03 02:41:00,AWS,eu-west-1,8.72,733.84,0
2026-04-03 02:42:00,GCP,eu-west-1,14.32,430.18,0
2026-04-03 02:43:00,GCP,ap-northeast-1,38.8,306.77,0
2026-04-03 02:44:00,Azure,us-east-1,17.53,557.98,0
2026-04-03 02:45:00,AWS,eu-west-1,10.32,340.01,0
2026-04-03 02:46:00,AWS,us-east-1,9.85,452.82,0
2026-04-03 02:47:00,GCP,us-east-1,8.74,743.8,0
2026-04-03 02:48:00,GCP,sa-east-1,116.6985317106765,205.22,0
2026-04-03 02:49:00,AWS,ap-northeast-1,10.79,963.69,0
2026-04-03 02:50:00,AWS,eu-west-1,15.29,138.28,0
2026-04-03 02:51:00,AWS,us-east-1,10.82,825.88,0
2026-04-03 02:52:00,AWS,ap-northeast-1,35.13,752.13,0
2026-04-03 02:53:00,AWS,ap-northeast-1,9.33,353.88,0
2026-04-03 02:54:00,AWS,eu-west-1,8.57,206.49,0
2026-04-03 02:55:00,Azure,sa-east-1,105.7806271334023,867.14,0
2026-04-03 02:56:00,AWS,sa-east-1,73.87807298529947,711.65,0
2026-04-03 02:57:00,GCP,us-east-1,24.96,361.79,0
2026-04-03 02:58:00,Azure,sa-east-1,69.36492336195704,115.24,0
2026-04-03 02:59:00,AWS,sa-east-1,73.67927976609263,944.64,0
2026-04-03 03:00:00,GCP,sa-east-1,74.31021926885093,463.83,0
2026-04-03 03:01:00,Azure,ap-northeast-1,5.3,258.64,0
2026-04-03 03:02:00,GCP,eu-west-1,12.08,920.65,0
2026-04-03 03:03:00,AWS,ap-northeast-1,10.4,423.12,0
2026-04-03 03:04:00,AWS,ap-northeast-1,11.35,516.93,0
2026-04-03 03:05:00,AWS,eu-west-1,8.07,728.76,0
2026-04-03 03:06:00,AWS,ap-northeast-1,18.81,837.48,0
2026-04-03 03:07:00,Azure,us-east-1,12.48,190.16,0
2026-04-03 03:08:00,Azure,us-east-1,12.44,908.81,0
2026-04-03 03:09:00,GCP,ap-northeast-1,11.32,939.29,0
2026-04-03 03:10:00,AWS,sa-east-1,100.01234929449791,333.34,0
2026-04-03 03:11:00,GCP,ap-northeast-1,5.0,547.65,0
2026-04-03 03:12:00,Azure,sa-east-1,111.02374290106488,872.09,0
2026-04-03 03:13:00,AWS,ap-northeast-1,12.89,538.61,0
2026-04-03 03:14:00,AWS,us-east-1,15.91,533.78,0
2026-04-03 03:15:00,Azure,sa-east-1,80.22194068749448,656.67,0
2026-04-03 03:16:00,Azure,us-east-1,7.1,790.7,0
2026-04-03 03:17:00,Azure,ap-northeast-1,8.19,699.06,0
2026-04-03 03:18:00,Azure,eu-west-1,23.8,663.91,0
2026-04-03 03:19:00,Azure,sa-east-1,66.00818301697578,434.5,0
2026-04-03 03:20:00,AWS,sa-east-1,83.57400985690794,667.07,0
2026-04-03 03:21:00,Azure,ap-northeast-1,19.29,192.95,0
2026-04-03 03:22:00,AWS,ap-northeast-1,7.45,468.6,0
2026-04-03 03:23:00,AWS,sa-east-1,95.5869273937203,269.52,0
2026-04-03 03:24:00,Azure,eu-west-1,17.12,583.81,0
2026-04-03 03:25:00,Azure,ap-northeast-1,8.1,335.84,0
2026-04-03 03:26:00,AWS,ap-northeast-1,9.93,555.34,0
2026-04-03 03:27:00,Azure,ap-northeast-1,9.4,799.59,0
2026-04-03 03:28:00,Azure,eu-west-1,8.42,490.59,0
2026-04-03 03:29:00,Azure,sa-east-1,108.55524225230239,296.86,0
2026-04-03 03:30:00,GCP,us-east-1,9.56,300.68,0
2026-04-03 03:31:00,AWS,ap-northeast-1,9.98,915.63,0
2026-04-03 03:32:00,GCP,eu-west-1,13.93,802.81,0
2026-04-03 03:33:00,Azure,sa-east-1,92.55469991937844,132.92,0
2026-04-03 03:34:00,GCP,sa-east-1,84.66336403174635,948.45,0
2026-04-03 03:35:00,Azure,eu-west-1,13.31,201.31,0
2026-04-03 03:36:00,GCP,ap-northeast-1,27.65,687.65,0
2026-04-03 03:37:00,Azure,us-east-1,16.94,596.35,0
2026-04-03 03:38:00,GCP,ap-northeast-1,18.22,142.01,0
2026-04-03 03:39:00,GCP,sa-east-1,93.89116870276402,365.66,0
2026-04-03 03:40:00,GCP,us-east-1,10.04,798.27,0
2026-04-03 03:41:00,AWS,ap-northeast-1,14.7,376.19,0
2026-04-03 03:42:00,GCP,us-east-1,19.17,532.3,0
2026-04-03 03:43:00,AWS,eu-west-1,13.29,728.16,0
2026-04-03 03:44:00,Azure,ap-northeast-1,8.88,164.42,0
2026-04-03 03:45:00,GCP,sa-east-1,66.96633645379131,849.35,0
2026-04-03 03:46:00,Azure,sa-east-1,93.8107002608896,137.42,0
2026-04-03 03:47:00,Azure,us-east-1,12.44,336.15,0
2026-04-03 03:48:00,GCP,eu-west-1,18.32,786.76,0
2026-04-03 03:49:00,AWS,ap-northeast-1,3.85,920.69,0
2026-04-03 03:50:00,GCP,eu-west-1,8.99,784.31,0
2026-04-03 03:51:00,Azure,eu-west-1,8.29,304.3,0
2026-04-03 03:52:00,Azure,us-east-1,14.73,987.15,0
2026-04-03 03:53:00,GCP,us-east-1,8.73,472.0,0
2026-04-03 03:54:00,AWS,ap-northeast-1,6.58,438.81,0
2026-04-03 03:55:00,AWS,sa-east-1,79.6816738289061,878.71,0
2026-04-03 03:56:00,Azure,ap-northeast-1,8.31,159.59,0
2026-04-03 03:57:00,Azure,eu-west-1,12.26,600.47,0
2026-04-03 03:58:00,AWS,us-east-1,10.94,969.06,0
2026-04-03 03:59:00,GCP,eu-west-1,15.2,190.12,0
2026-04-03 04:00:00,Azure,us-east-1,12.14,586.76,0
2026-04-03 04:01:00,AWS,sa-east-1,119.10356974941926,219.21,0
2026-04-03 04:02:00,Azure,eu-west-1,9.74,900.98,0
2026-04-03 04:03:00,GCP,us-east-1,16.61,628.97,0
2026-04-03 04:04:00,AWS,ap-northeast-1,14.28,311.14,0
2026-04-03 04:05:00,Azure,ap-northeast-1,10.51,376.34,0
2026-04-03 04:06:00,GCP,ap-northeast-1,17.18,564.97,0
2026-04-03 04:07:00,Azure,eu-west-1,8.16,752.81,0
2026-04-03 04:08:00,GCP,us-east-1,22.64,538.74,0
2026-04-03 04:09:00,GCP,us-east-1,8.26,270.34,0
2026-04-03 04:10:00,AWS,us-east-1,6.23,737.32,0
2026-04-03 04:11:00,GCP,eu-west-1,5.99,206.53,0
2026-04-03 04:12:00,Azure,us-east-1,12.75,828.47,0
2026-04-03 04:13:00,GCP,sa-east-1,105.89593969802918,456.04,0
2026-04-03 04:14:00,GCP,eu-west-1,13.34,687.44,0
2026-04-03 04:15:00,AWS,sa-east-1,90.2884388343712,410.23,0
2026-04-03 04:16:00,GCP,sa-east-1,97.9390693342701,702.17,0
2026-04-03 04:17:00,GCP,ap-northeast-1,13.36,900.27,0
2026-04-03 04:18:00,Azure,eu-west-1,9.69,731.26,0
2026-04-03 04:19:00,AWS,us-east-1,16.65,704.27,0
2026-04-03 04:20:00,AWS,sa-east-1,72.39751804853542,781.67,0
2026-04-03 04:21:00,AWS,eu-west-1,12.76,550.19,0
2026-04-03 04:22:00,GCP,us-east-1,18.98,298.26,0
2026-04-03 04:23:00,AWS,ap-northeast-1,21.23,833.97,0
2026-04-03 04:24:00,GCP,eu-west-1,8.21,683.63,0
2026-04-03 04:25:00,GCP,eu-west-1,21.46,382.44,0
2026-04-03 04:26:00,Azure,eu-west-1,7.77,348.28,0
2026-04-03 04:27:00,Azure,us-east-1,17.92,549.94,0
2026-04-03 04:28:00,Azure,sa-east-1,83.60726535142862,286.58,0
2026-04-03 04:29:00,Azure,sa-east-1,104.2564670831337,890.41,0
2026-04-03 04:30:00,Azure,eu-west-1,11.86,809.72,0
2026-04-03 04:31:00,GCP,eu-west-1,10.49,377.48,0
2026-04-03 04:32:00,GCP,us-east-1,8.07,144.46,0
2026-04-03 04:33:00,AWS,ap-northeast-1,8.86,146.68,0
2026-04-03 04:34:00,GCP,eu-west-1,15.62,367.41,0
2026-04-03 04:35:00,GCP,eu-west-1,18.69,232.76,0
2026-04-03 04:36:00,Azure,ap-northeast-1,12.09,886.0,0
2026-04-03 04:37:00,GCP,eu-west-1,7.35,478.7,0
2026-04-03 04:38:00,Azure,sa-east-1,75.0191977707598,413.22,0
2026-04-03 04:39:00,AWS,eu-west-1,11.55,296.11,0
2026-04-03 04:40:00,AWS,sa-east-1,80.5663014168461,857.08,0
2026-04-03 04:41:00,GCP,us-east-1,22.05,813.22,0
2026-04-03 04:42:00,AWS,us-east-1,8.58,445.89,0
2026-04-03 04:43:00,GCP,sa-east-1,108.41115354544242,252.42,0
2026-04-03 04:44:00,AWS,sa-east-1,80.27629005152158,956.79,0
2026-04-03 04:45:00,Azure,ap-northeast-1,10.57,384.27,0
2026-04-03 04:46:00,Azure,sa-east-1,105.78058347427479,793.98,0
2026-04-03 04:47:00,Azure,sa-east-1,69.27145098018926,516.74,0
2026-04-03 04:48:00,Azure,eu-west-1,15.05,803.48,0
2026-04-03 04:49:00,GCP,ap-northeast-1,9.21,533.45,0
2026-04-03 04:50:00,AWS,sa-east-1,97.36376275404774,933.0,0
2026-04-03 04:51:00,GCP,sa-east-1,63.25046509177392,820.38,0
2026-04-03 04:52:00,Azure,sa-east-1,95.46062400331486,334.26,0
2026-04-03 04:53:00,GCP,eu-west-1,13.66,487.34,0
2026-04-03 04:54:00,AWS,eu-west-1,22.9,190.53,0
2026-04-03 04:55:00,GCP,eu-west-1,26.37,913.12,0
2026-04-03 04:56:00,AWS,us-east-1,14.28,162.37,0
2026-04-03 04:57:00,GCP,eu-west-1,13.82,116.42,0
2026-04-03 04:58:00,AWS,sa-east-1,80.90090131494965,546.79,0
2026-04-03 04:59:00,AWS,eu-west-1,47.64,642.82,0
2026-04-03 05:00:00,Azure,eu-west-1,24.92,300.89,0
2026-04-03 05:01:00,AWS,ap-northeast-1,17.81,613.49,0
2026-04-03 05:02:00,Azure,sa-east-1,90.42362610913618,906.01,0
2026-04-03 05:03:00,Azure,eu-west-1,3.99,663.5,0
2026-04-03 05:04:00,Azure,us-east-1,13.35,510.17,0
2026-04-03 05:05:00,GCP,ap-northeast-1,12.38,229.99,0
2026-04-03 05:06:00,GCP,eu-west-1,6.02,252.05,0
2026-04-03 05:07:00,GCP,ap-northeast-1,15.24,535.92,0
2026-04-03 05:08:00,GCP,ap-northeast-1,22.61,516.81,0
2026-04-03 05:09:00,AWS,us-east-1,14.44,570.15,0
2026-04-03 05:10:00,AWS,us-east-1,14.42,557.1,0
2026-04-03 05:11:00,GCP,us-east-1,14.89,407.15,0
2026-04-03 05:12:00,AWS,sa-east-1,79.20441657447871,726.28,0
2026-04-03 05:13:00,AWS,ap-northeast-1,17.8,290.99,0
2026-04-03 05:14:00,Azure,eu-west-1,26.1,867.1,0
2026-04-03 05:15:00,Azure,us-east-1,12.44,274.96,0
2026-04-03 05:16:00,Azure,us-east-1,8.35,474.3,0
2026-04-03 05:17:00,Azure,ap-northeast-1,6.09,289.67,0
2026-04-03 05:18:00,AWS,ap-northeast-1,15.65,656.61,0
2026-04-03 05:19:00,GCP,ap-northeast-1,16.56,529.87,0
2026-04-03 05:20:00,AWS,eu-west-1,14.61,436.88,0
2026-04-03 05:21:00,AWS,sa-east-1,105.99681547814015,527.62,0
2026-04-03 05:22:00,AWS,sa-east-1,89.44474749033851,479.12,0
2026-04-03 05:23:00,Azure,us-east-1,9.32,869.65,0
2026-04-03 05:24:00,Azure,sa-east-1,71.56185704472185,211.84,0
2026-04-03 05:25:00,Azure,eu-west-1,7.4,813.86,0
2026-04-03 05:26:00,GCP,sa-east-1,98.64649352004795,689.8,0
2026-04-03 05:27:00,AWS,eu-west-1,15.88,413.49,0
2026-04-03 05:28:00,GCP,us-east-1,10.65,927.19,0
2026-04-03 05:29:00,Azure,ap-northeast-1,8.67,259.25,0
2026-04-03 05:30:00,GCP,eu-west-1,6.17,379.26,0
2026-04-03 05:31:00,AWS,ap-northeast-1,17.04,437.36,0
2026-04-03 05:32:00,AWS,us-east-1,20.8,683.02,0
2026-04-03 05:33:00,Azure,eu-west-1,7.3,951.77,0
2026-04-03 05:34:00,Azure,eu-west-1,11.45,634.1,0
2026-04-03 05:35:00,GCP,sa-east-1,105.04667069491082,870.68,0
2026-04-03 05:36:00,Azure,eu-west-1,11.35,914.48,0
2026-04-03 05:37:00,Azure,us-east-1,16.51,519.82,0
2026-04-03 05:38:00,AWS,ap-northeast-1,27.36,525.19,0
2026-04-03 05:39:00,Azure,eu-west-1,9.74,325.0,0
2026-04-03 05:40:00,Azure,us-east-1,17.29,641.43,0
2026-04-03 05:41:00,AWS,us-east-1,17.5,208.03,0
2026-04-03 05:42:00,AWS,eu-west-1,11.3,670.9,0
2026-04-03 05:43:00,GCP,sa-east-1,83.8745572768563,903.61,0
2026-04-03 05:44:00,Azure,eu-west-1,10.34,784.71,0
2026-04-03 05:45:00,AWS,eu-west-1,15.15,684.27,0
2026-04-03 05:46:00,GCP,sa-east-1,89.40322221192837,854.56,0
2026-04-03 05:47:00,GCP,us-east-1,15.89,756.83,0
2026-04-03 05:48:00,Azure,eu-west-1,15.11,576.7,0
2026-04-03 05:49:00,Azure,sa-east-1,101.48858946939279,568.96,0
2026-04-03 05:50:00,GCP,ap-northeast-1,30.5,196.3,0
2026-04-03 05:51:00,AWS,ap-northeast-1,19.26,490.97,0
2026-04-03 05:52:00,GCP,sa-east-1,97.52100730967246,570.2,0
2026-04-03 05:53:00,Azure,us-east-1,10.02,522.93,0
2026-04-03 05:54:00,AWS,sa-east-1,82.13168768230045,798.41,0
2026-04-03 05:55:00,AWS,us-east-1,23.32,244.87,0
2026-04-03 05:56:00,GCP,ap-northeast-1,30.82,815.41,0
2026-04-03 05:57:00,Azure,eu-west-1,14.25,767.5,0
2026-04-03 05:58:00,GCP,sa-east-1,62.3788666109978,910.74,0
2026-04-03 05:59:00,GCP,ap-northeast-1,24.26,436.11,0
2026-04-03 06:00:00,GCP,eu-west-1,21.17,258.89,0
2026-04-03 06:01:00,AWS,ap-northeast-1,4.4,782.77,0
2026-04-03 06:02:00,AWS,sa-east-1,83.694329906022,629.59,0
2026-04-03 06:03:00,Azure,sa-east-1,113.03578365716139,741.24,0
2026-04-03 06:04:00,Azure,eu-west-1,5.46,997.07,0
2026-04-03 06:05:00,GCP,sa-east-1,61.51018580878863,275.09,0
2026-04-03 06:06:00,GCP,ap-northeast-1,21.03,469.95,0
2026-04-03 06:07:00,GCP,eu-west-1,12.61,273.43,0
2026-04-03 06:08:00,Azure,eu-west-1,7.58,874.56,0
2026-04-03 06:09:00,AWS,ap-northeast-1,8.72,115.28,0
2026-04-03 06:10:00,AWS,us-east-1,6.68,221.7,0
2026-04-03 06:11:00,GCP,eu-west-1,12.65,323.08,0
2026-04-03 06:12:00,GCP,us-east-1,17.75,794.19,0
2026-04-03 06:13:00,GCP,ap-northeast-1,21.94,665.61,0
2026-04-03 06:14:00,GCP,ap-northeast-1,8.72,449.75,0
2026-04-03 06:15:00,Azure,eu-west-1,10.21,242.83,0
2026-04-03 06:16:00,AWS,sa-east-1,99.1317423995423,389.45,0
2026-04-03 06:17:00,GCP,eu-west-1,19.62,769.08,0
2026-04-03 06:18:00,Azure,sa-east-1,109.37496512912365,443.76,0
2026-04-03 06:19:00,GCP,us-east-1,22.96,516.34,0
2026-04-03 06:20:00,GCP,sa-east-1,90.25288582866658,647.76,0
2026-04-03 06:21:00,AWS,eu-west-1,5.39,921.6,0
2026-04-03 06:22:00,GCP,sa-east-1,116.16097950411202,325.09,0
2026-04-03 06:23:00,AWS,ap-northeast-1,23.32,503.2,0
2026-04-03 06:24:00,AWS,us-east-1,6.77,379.29,0
2026-04-03 06:25:00,AWS,ap-northeast-1,15.36,519.57,0
2026-04-03 06:26:00,Azure,ap-northeast-1,16.74,726.82,0
2026-04-03 06:27:00,Azure,ap-northeast-1,7.06,533.86,0
2026-04-03 06:28:00,AWS,ap-northeast-1,11.82,851.08,0
2026-04-03 06:29:00,GCP,sa-east-1,75.2587346981072,597.93,0
2026-04-03 06:30:00,AWS,ap-northeast-1,7.1,447.19,0
2026-04-03 06:31:00,GCP,sa-east-1,61.798945860132136,804.09,0
2026-04-03 06:32:00,AWS,ap-northeast-1,24.55,488.19,0
2026-04-03 06:33:00,GCP,eu-west-1,28.27,564.0,0
2026-04-03 06:34:00,Azure,ap-northeast-1,7.02,995.2,0
2026-04-03 06:35:00,GCP,eu-west-1,3.21,807.79,0
2026-04-03 06:36:00,AWS,sa-east-1,98.67660879809537,869.63,0
2026-04-03 06:37:00,Azure,us-east-1,30.3,633.57,0
2026-04-03 06:38:00,GCP,sa-east-1,104.43368498601656,413.39,0
2026-04-03 06:39:00,GCP,us-east-1,10.55,992.14,0
2026-04-03 06:40:00,GCP,us-east-1,7.09,319.62,0
2026-04-03 06:41:00,GCP,ap-northeast-1,16.58,885.54,0
2026-04-03 06:42:00,GCP,us-east-1,20.64,920.17,0
2026-04-03 06:43:00,Azure,sa-east-1,68.60704660437976,835.8,0
2026-04-03 06:44:00,Azure,ap-northeast-1,13.98,202.68,0
2026-04-03 06:45:00,Azure,us-east-1,9.8,868.7,0
2026-04-03 06:46:00,Azure,sa-east-1,71.28148793399913,697.4,0
2026-04-03 06:47:00,AWS,us-east-1,4.35,712.74,0
2026-04-03 06:48:00,Azure,us-east-1,14.85,807.88,0
2026-04-03 06:49:00,GCP,ap-northeast-1,10.15,541.48,0
2026-04-03 06:50:00,GCP,ap-northeast-1,30.45,340.44,0
2026-04-03 06:51:00,Azure,sa-east-1,91.91290869266243,617.44,0
2026-04-03 06:52:00,GCP,ap-northeast-1,17.35,197.81,0
2026-04-03 06:53:00,Azure,ap-northeast-1,7.6,707.32,0
2026-04-03 06:54:00,GCP,eu-west-1,10.91,534.65,0
2026-04-03 06:55:00,AWS,eu-west-1,14.84,552.1,0
2026-04-03 06:56:00,AWS,sa-east-1,67.56607093577608,267.24,0
2026-04-03 06:57:00,Azure,ap-northeast-1,10.79,137.15,0
2026-04-03 06:58:00,Azure,sa-east-1,73.10576081599581,650.14,0
2026-04-03 06:59:00,Azure,eu-west-1,5.17,692.95,0
2026-04-03 07:00:00,GCP,eu-west-1,9.37,548.46,0
2026-04-03 07:01:00,Azure,eu-west-1,18.07,789.16,0
2026-04-03 07:02:00,AWS,sa-east-1,95.1828015029027,607.34,0
2026-04-03 07:03:00,GCP,ap-northeast-1,39.18,863.38,0
2026-04-03 07:04:00,Azure,us-east-1,12.75,359.31,0
2026-04-03 07:05:00,GCP,ap-northeast-1,4.83,318.8,0
2026-04-03 07:06:00,GCP,sa-east-1,95.81534999189341,335.03,0
2026-04-03 07:07:00,Azure,eu-west-1,7.19,127.47,0
2026-04-03 07:08:00,GCP,us-east-1,14.44,910.56,0
2026-04-03 07:09:00,AWS,sa-east-1,106.52864935471365,999.27,0
2026-04-03 07:10:00,AWS,eu-west-1,9.49,834.87,0
2026-04-03 07:11:00,GCP,sa-east-1,86.61079024808686,471.34,0
2026-04-03 07:12:00,Azure,us-east-1,5.52,418.54,0
2026-04-03 07:13:00,GCP,eu-west-1,9.56,797.21,0
2026-04-03 07:14:00,AWS,ap-northeast-1,9.04,558.95,0
2026-04-03 07:15:00,GCP,sa-east-1,84.48952247551925,945.51,0
2026-04-03 07:16:00,GCP,us-east-1,10.23,351.62,0
2026-04-03 07:17:00,AWS,ap-northeast-1,7.61,391.44,0
2026-04-03 07:18:00,GCP,us-east-1,13.68,998.94,0
2026-04-03 07:19:00,GCP,sa-east-1,90.57699117905848,980.36,0
2026-04-03 07:20:00,Azure,us-east-1,8.38,896.67,0
2026-04-03 07:21:00,Azure,eu-west-1,17.2,464.17,0
2026-04-03 07:22:00,AWS,us-east-1,2.91,853.85,0
2026-04-03 07:23:00,AWS,sa-east-1,106.11987539734126,355.05,0
2026-04-03 07:24:00,AWS,eu-west-1,8.69,329.28,0
2026-04-03 07:25:00,Azure,us-east-1,26.38,591.79,0
2026-04-03 07:26:00,AWS,us-east-1,15.22,874.24,0
2026-04-03 07:27:00,AWS,eu-west-1,11.99,187.73,0
2026-04-03 07:28:00,AWS,ap-northeast-1,11.57,608.78,0
2026-04-03 07:29:00,Azure,ap-northeast-1,12.96,648.76,0
2026-04-03 07:30:00,GCP,eu-west-1,13.77,621.82,0
2026-04-03 07:31:00,AWS,us-east-1,12.97,296.65,0
2026-04-03 07:32:00,GCP,ap-northeast-1,32.24,157.72,0
2026-04-03 07:33:00,AWS,eu-west-1,9.78,905.49,0
2026-04-03 07:34:00,GCP,sa-east-1,90.96394763360016,617.06,0
2026-04-03 07:35:00,Azure,us-east-1,12.42,791.11,0
2026-04-03 07:36:00,Azure,sa-east-1,84.17082389091489,427.99,0
2026-04-03 07:37:00,AWS,us-east-1,8.61,138.25,0
2026-04-03 07:38:00,GCP,ap-northeast-1,10.14,333.61,0
2026-04-03 07:39:00,Azure,sa-east-1,101.24348735545817,166.03,0
2026-04-03 07:40:00,AWS,sa-east-1,100.47979200920622,170.42,0
2026-04-03 07:41:00,AWS,eu-west-1,5.69,293.01,0
2026-04-03 07:42:00,Azure,ap-northeast-1,15.96,670.22,0
2026-04-03 07:43:00,Azure,ap-northeast-1,28.23,835.99,0
2026-04-03 07:44:00,AWS,us-east-1,31.91,839.22,0
2026-04-03 07:45:00,GCP,eu-west-1,10.45,943.98,0
2026-04-03 07:46:00,GCP,eu-west-1,10.25,690.74,0
2026-04-03 07:47:00,GCP,us-east-1,11.74,117.87,0
2026-04-03 07:48:00,AWS,sa-east-1,79.74642358634549,439.66,0
2026-04-03 07:49:00,Azure,us-east-1,11.4,200.31,0
2026-04-03 07:50:00,AWS,us-east-1,10.62,799.72,0
2026-04-03 07:51:00,Azure,us-east-1,20.83,207.72,0
2026-04-03 07:52:00,GCP,eu-west-1,12.45,195.33,0
2026-04-03 07:53:00,GCP,us-east-1,11.28,125.39,0
2026-04-03 07:54:00,Azure,us-east-1,7.86,959.95,0
2026-04-03 07:55:00,Azure,us-east-1,20.36,807.14,0
2026-04-03 07:56:00,AWS,ap-northeast-1,13.78,399.98,0
2026-04-03 07:57:00,GCP,sa-east-1,109.59077641982138,438.8,0
2026-04-03 07:58:00,AWS,sa-east-1,68.45051966030273,153.49,0
2026-04-03 07:59:00,AWS,sa-east-1,114.55418706296174,242.13,0
2026-04-03 08:00:00,AWS,sa-east-1,87.63931846715475,380.31,0
2026-04-03 08:01:00,GCP,eu-west-1,15.27,449.08,0
2026-04-03 08:02:00,AWS,eu-west-1,8.25,657.98,0
2026-04-03 08:03:00,AWS,us-east-1,7.12,415.3,0
2026-04-03 08:04:00,AWS,eu-west-1,19.38,959.14,0
2026-04-03 08:05:00,AWS,sa-east-1,87.95236892674404,408.51,0
2026-04-03 08:06:00,AWS,ap-northeast-1,12.44,947.44,0
2026-04-03 08:07:00,AWS,us-east-1,32.31,756.87,0
2026-04-03 08:08:00,GCP,us-east-1,32.06,909.91,0
2026-04-03 08:09:00,AWS,sa-east-1,77.39835841606406,732.84,0
2026-04-03 08:10:00,Azure,sa-east-1,62.282595459586915,611.73,0
2026-04-03 08:11:00,AWS,sa-east-1,86.94062539765751,558.17,0
2026-04-03 08:12:00,AWS,eu-west-1,6.22,362.2,0
2026-04-03 08:13:00,GCP,us-east-1,15.45,368.36,0
2026-04-03 08:14:00,GCP,sa-east-1,77.2104276252842,300.89,0
2026-04-03 08:15:00,Azure,ap-northeast-1,12.65,446.99,0
2026-04-03 08:16:00,Azure,us-east-1,22.49,214.28,0
2026-04-03 08:17:00,GCP,us-east-1,8.22,448.84,0
2026-04-03 08:18:00,GCP,eu-west-1,8.99,850.37,0
2026-04-03 08:19:00,AWS,us-east-1,17.8,883.26,0
2026-04-03 08:20:00,GCP,sa-east-1,94.23685874085852,678.55,0
2026-04-03 08:21:00,Azure,sa-east-1,95.64635023577598,331.13,0
2026-04-03 08:22:00,AWS,ap-northeast-1,5.9,316.31,0
2026-04-03 08:23:00,Azure,us-east-1,9.88,350.14,0
2026-04-03 08:24:00,AWS,us-east-1,7.27,550.04,0
2026-04-03 08:25:00,GCP,eu-west-1,18.6,978.8,0
2026-04-03 08:26:00,Azure,sa-east-1,91.5490735020868,198.27,0
2026-04-03 08:27:00,AWS,ap-northeast-1,18.89,550.46,0
2026-04-03 08:28:00,AWS,sa-east-1,83.75898037649807,714.02,0
2026-04-03 08:29:00,GCP,us-east-1,17.28,321.09,0
2026-04-03 08:30:00,GCP,us-east-1,11.14,972.2,0
2026-04-03 08:31:00,GCP,ap-northeast-1,13.08,414.12,0
2026-04-03 08:32:00,Azure,us-east-1,9.13,939.12,0
2026-04-03 08:33:00,AWS,ap-northeast-1,24.05,637.62,0
2026-04-03 08:34:00,GCP,ap-northeast-1,6.48,103.67,0
2026-04-03 08:35:00,Azure,sa-east-1,66.83314362096314,380.0,0
2026-04-03 08:36:00,Azure,ap-northeast-1,29.68,119.39,0
2026-04-03 08:37:00,Azure,us-east-1,23.06,443.33,0
2026-04-03 08:38:00,GCP,eu-west-1,7.99,939.28,0
2026-04-03 08:39:00,GCP,eu-west-1,8.2,801.12,0
2026-04-03 08:40:00,AWS,us-east-1,15.75,658.12,0
2026-04-03 08:41:00,AWS,eu-west-1,16.86,584.7,0
2026-04-03 08:42:00,GCP,eu-west-1,22.09,435.32,0
2026-04-03 08:43:00,Azure,ap-northeast-1,6.02,290.39,0
2026-04-03 08:44:00,Azure,eu-west-1,23.52,156.27,0
2026-04-03 08:45:00,Azure,eu-west-1,7.76,271.13,0
2026-04-03 08:46:00,AWS,eu-west-1,23.74,416.37,0
2026-04-03 08:47:00,Azure,sa-east-1,78.62269787926687,567.99,0
2026-04-03 08:48:00,AWS,us-east-1,6.98,283.96,0
2026-04-03 08:49:00,AWS,ap-northeast-1,28.8,976.9,0
2026-04-03 08:50:00,Azure,eu-west-1,29.61,169.17,0
2026-04-03 08:51:00,Azure,us-east-1,12.81,185.31,0
2026-04-03 08:52:00,GCP,eu-west-1,10.33,714.34,0
2026-04-03 08:53:00,GCP,sa-east-1,66.0382276780793,779.56,0
2026-04-03 08:54:00,Azure,sa-east-1,111.56646658932117,975.21,0
2026-04-03 08:55:00,AWS,eu-west-1,15.68,577.4,0
2026-04-03 08:56:00,AWS,eu-west-1,10.51,249.34,0
2026-04-03 08:57:00,AWS,eu-west-1,4.63,944.14,0
2026-04-03 08:58:00,AWS,sa-east-1,72.23393740879261,982.21,0
2026-04-03 08:59:00,AWS,sa-east-1,91.84121739849382,931.16,0
2026-04-03 09:00:00,GCP,us-east-1,17.87,884.49,0
2026-04-03 09:01:00,Azure,ap-northeast-1,14.65,169.82,1
2026-04-03 09:02:00,GCP,ap-northeast-1,11.52,869.39,0
2026-04-03 09:03:00,AWS,sa-east-1,73.31246418185476,957.9,0
2026-04-03 09:04:00,AWS,ap-northeast-1,32.56,597.08,0
2026-04-03 09:05:00,AWS,eu-west-1,21.61,795.33,0
2026-04-03 09:06:00,AWS,us-east-1,13.5,694.81,0
2026-04-03 09:07:00,Azure,sa-east-1,83.0356471798313,359.25,0
2026-04-03 09:08:00,AWS,sa-east-1,119.88331265060916,628.77,0
2026-04-03 09:09:00,Azure,ap-northeast-1,12.87,900.44,0
2026-04-03 09:10:00,AWS,eu-west-1,8.81,546.75,0
2026-04-03 09:11:00,Azure,us-east-1,9.07,631.13,0
2026-04-03 09:12:00,GCP,ap-northeast-1,16.96,578.32,0
2026-04-03 09:13:00,AWS,sa-east-1,113.19435673041492,354.16,0
2026-04-03 09:14:00,Azure,sa-east-1,105.68403512200179,679.3,1
2026-04-03 09:15:00,GCP,ap-northeast-1,16.92,558.52,0
2026-04-03 09:16:00,AWS,eu-west-1,10.46,309.29,0
2026-04-03 09:17:00,AWS,us-east-1,9.28,905.84,0
2026-04-03 09:18:00,AWS,us-east-1,13.12,955.04,0
2026-04-03 09:19:00,Azure,us-east-1,11.69,149.84,0
2026-04-03 09:20:00,Azure,us-east-1,7.39,660.11,0
2026-04-03 09:21:00,GCP,eu-west-1,11.99,473.54,0
2026-04-03 09:22:00,Azure,sa-east-1,106.70956003348313,573.36,0
2026-04-03 09:23:00,Azure,sa-east-1,101.19310370082297,436.45,0
2026-04-03 09:24:00,AWS,us-east-1,26.94,526.92,0
2026-04-03 09:25:00,AWS,us-east-1,6.51,391.09,0
2026-04-03 09:26:00,AWS,us-east-1,8.07,205.84,0
2026-04-03 09:27:00,AWS,ap-northeast-1,9.15,371.83,0
2026-04-03 09:28:00,AWS,ap-northeast-1,18.38,703.3,0
2026-04-03 09:29:00,AWS,sa-east-1,100.6817940534075,145.34,0
2026-04-03 09:30:00,AWS,sa-east-1,102.66278255425695,444.46,0
2026-04-03 09:31:00,GCP,us-east-1,4.78,138.07,0
2026-04-03 09:32:00,GCP,ap-northeast-1,6.73,420.64,0
2026-04-03 09:33:00,GCP,eu-west-1,5.07,178.85,0
2026-04-03 09:34:00,GCP,ap-northeast-1,18.85,405.68,0
2026-04-03 09:35:00,AWS,sa-east-1,74.68176347917536,854.28,0
2026-04-03 09:36:00,GCP,ap-northeast-1,17.12,652.07,0
2026-04-03 09:37:00,AWS,sa-east-1,92.29638295801878,714.06,0
2026-04-03 09:38:00,GCP,us-east-1,22.1,553.42,0
2026-04-03 09:39:00,Azure,eu-west-1,8.52,930.14,0
2026-04-03 09:40:00,GCP,us-east-1,14.91,587.04,0
2026-04-03 09:41:00,GCP,us-east-1,12.95,193.86,0
2026-04-03 09:42:00,AWS,eu-west-1,12.96,939.79,0
2026-04-03 09:43:00,GCP,eu-west-1,12.07,219.76,0
2026-04-03 09:44:00,Azure,eu-west-1,18.56,999.25,0
2026-04-03 09:45:00,AWS,sa-east-1,99.8907125178371,491.85,0
2026-04-03 09:46:00,AWS,us-east-1,12.17,166.14,0
2026-04-03 09:47:00,GCP,sa-east-1,69.56979455224797,877.69,0
2026-04-03 09:48:00,AWS,eu-west-1,9.14,183.59,0
2026-04-03 09:49:00,AWS,sa-east-1,87.56315891563354,256.99,0
2026-04-03 09:50:00,AWS,eu-west-1,13.61,475.61,0
2026-04-03 09:51:00,AWS,ap-northeast-1,11.64,708.57,0
2026-04-03 09:52:00,AWS,eu-west-1,6.39,209.03,0
2026-04-03 09:53:00,AWS,us-east-1,10.46,660.36,0
2026-04-03 09:54:00,Azure,us-east-1,9.36,802.35,0
2026-04-03 09:55:00,GCP,us-east-1,12.27,211.15,0
2026-04-03 09:56:00,Azure,sa-east-1,99.50396732068654,682.81,0
2026-04-03 09:57:00,AWS,us-east-1,15.11,962.99,0
2026-04-03 09:58:00,AWS,eu-west-1,22.9,970.66,0
2026-04-03 09:59:00,GCP,ap-northeast-1,8.65,245.5,0
2026-04-03 10:00:00,Azure,us-east-1,12.32,783.73,0
2026-04-03 10:01:00,GCP,sa-east-1,103.10203397438865,861.97,0
2026-04-03 10:02:00,Azure,ap-northeast-1,5.53,900.07,0
2026-04-03 10:03:00,AWS,us-east-1,10.84,391.31,0
2026-04-03 10:04:00,GCP,us-east-1,16.62,343.11,0
2026-04-03 10:05:00,GCP,ap-northeast-1,11.75,143.07,0
2026-04-03 10:06:00,AWS,us-east-1,9.17,459.52,0
2026-04-03 10:07:00,GCP,sa-east-1,64.31106438998987,211.56,0
2026-04-03 10:08:00,Azure,eu-west-1,14.26,807.63,0
2026-04-03 10:09:00,Azure,eu-west-1,5.56,228.67,0
2026-04-03 10:10:00,Azure,ap-northeast-1,12.97,837.01,0
2026-04-03 10:11:00,Azure,eu-west-1,17.51,196.85,0
2026-04-03 10:12:00,AWS,us-east-1,10.16,532.55,0
2026-04-03 10:13:00,GCP,us-east-1,5.58,446.17,0
2026-04-03 10:14:00,Azure,sa-east-1,84.59765028774615,641.39,0
2026-04-03 10:15:00,AWS,eu-west-1,11.45,566.89,0
2026-04-03 10:16:00,GCP,ap-northeast-1,7.11,638.76,0
2026-04-03 10:17:00,GCP,us-east-1,12.37,100.87,0
2026-04-03 10:18:00,AWS,ap-northeast-1,13.28,214.75,0
2026-04-03 10:19:00,AWS,us-east-1,22.23,565.41,0
2026-04-03 10:20:00,Azure,us-east-1,11.22,306.7,0
2026-04-03 10:21:00,GCP,sa-east-1,85.96232483215556,168.69,0
2026-04-03 10:22:00,GCP,eu-west-1,9.25,295.93,0
2026-04-03 10:23:00,AWS,sa-east-1,65.18954737016614,801.87,0
2026-04-03 10:24:00,GCP,eu-west-1,17.32,587.52,0
2026-04-03 10:25:00,Azure,ap-northeast-1,10.83,271.07,0
2026-04-03 10:26:00,GCP,eu-west-1,18.42,114.38,0
2026-04-03 10:27:00,AWS,ap-northeast-1,11.9,421.84,0
2026-04-03 10:28:00,AWS,us-east-1,6.88,421.72,0
2026-04-03 10:29:00,Azure,ap-northeast-1,8.62,761.61,0
2026-04-03 10:30:00,Azure,ap-northeast-1,40.82,927.49,0
2026-04-03 10:31:00,GCP,us-east-1,11.59,434.81,0
2026-04-03 10:32:00,GCP,ap-northeast-1,5.43,719.32,0
2026-04-03 10:33:00,AWS,ap-northeast-1,6.9,671.41,0
2026-04-03 10:34:00,Azure,us-east-1,8.53,479.87,0
2026-04-03 10:35:00,Azure,us-east-1,7.79,159.3,0
2026-04-03 10:36:00,Azure,us-east-1,7.03,526.12,0
2026-04-03 10:37:00,GCP,eu-west-1,25.31,418.72,0
2026-04-03 10:38:00,Azure,us-east-1,16.99,595.17,0
2026-04-03 10:39:00,AWS,us-east-1,11.02,212.86,0
2026-04-03 10:40:00,AWS,ap-northeast-1,9.08,751.82,0
2026-04-03 10:41:00,GCP,sa-east-1,83.20678773554087,808.98,0
2026-04-03 10:42:00,GCP,sa-east-1,113.57034066442998,449.62,0
2026-04-03 10:43:00,Azure,eu-west-1,7.9,257.75,0
2026-04-03 10:44:00,GCP,eu-west-1,5.54,661.22,0
2026-04-03 10:45:00,AWS,sa-east-1,96.74570720459388,960.23,0
2026-04-03 10:46:00,Azure,sa-east-1,93.07235407589634,730.45,0
2026-04-03 10:47:00,AWS,us-east-1,25.17,211.13,0
2026-04-03 10:48:00,Azure,ap-northeast-1,10.21,457.5,0
2026-04-03 10:49:00,GCP,us-east-1,10.27,923.83,0
2026-04-03 10:50:00,Azure,eu-west-1,33.32,670.98,0
2026-04-03 10:51:00,Azure,sa-east-1,84.65725463867003,232.44,0
2026-04-03 10:52:00,AWS,eu-west-1,11.68,752.13,0
2026-04-03 10:53:00,AWS,us-east-1,15.67,418.17,0
2026-04-03 10:54:00,Azure,eu-west-1,9.8,540.58,0
2026-04-03 10:55:00,GCP,eu-west-1,14.16,473.54,0
2026-04-03 10:56:00,GCP,ap-northeast-1,14.05,753.13,0
2026-04-03 10:57:00,AWS,eu-west-1,18.49,296.12,0
2026-04-03 10:58:00,GCP,us-east-1,7.44,449.53,0
2026-04-03 10:59:00,AWS,ap-northeast-1,14.55,770.09,0
2026-04-03 11:00:00,GCP,eu-west-1,6.8,734.3,0
2026-04-03 11:01:00,Azure,us-east-1,31.12,281.57,0
2026-04-03 11:02:00,AWS,sa-east-1,62.7494153039622,415.6,0
2026-04-03 11:03:00,AWS,ap-northeast-1,5.33,112.93,0
2026-04-03 11:04:00,Azure,eu-west-1,48.85,577.16,0
2026-04-03 11:05:00,AWS,eu-west-1,9.39,352.85,0
2026-04-03 11:06:00,GCP,ap-northeast-1,12.77,110.68,0
2026-04-03 11:07:00,GCP,us-east-1,5.22,482.23,0
2026-04-03 11:08:00,AWS,eu-west-1,11.86,934.18,0
2026-04-03 11:09:00,GCP,us-east-1,28.12,931.06,0
2026-04-03 11:10:00,AWS,ap-northeast-1,17.33,434.89,0
2026-04-03 11:11:00,Azure,eu-west-1,5.2,504.26,0
2026-04-03 11:12:00,AWS,sa-east-1,106.11487696265948,318.41,0
2026-04-03 11:13:00,Azure,sa-east-1,89.41538646876451,161.48,0
2026-04-03 11:14:00,GCP,sa-east-1,87.5738596127332,724.53,0
2026-04-03 11:15:00,Azure,ap-northeast-1,9.55,820.05,0
2026-04-03 11:16:00,GCP,eu-west-1,14.86,892.09,0
2026-04-03 11:17:00,AWS,ap-northeast-1,6.69,941.76,0
2026-04-03 11:18:00,GCP,eu-west-1,6.34,924.37,0
2026-04-03 11:19:00,AWS,sa-east-1,59.91714096412771,124.65,0
2026-04-03 11:20:00,AWS,sa-east-1,95.98341069646497,980.29,0
2026-04-03 11:21:00,Azure,us-east-1,11.56,441.55,0
2026-04-03 11:22:00,Azure,ap-northeast-1,12.21,897.5,0
2026-04-03 11:23:00,Azure,ap-northeast-1,2.62,496.68,0
2026-04-03 11:24:00,Azure,us-east-1,11.88,479.97,0
2026-04-03 11:25:00,GCP,sa-east-1,115.01104985640588,110.07,0
2026-04-03 11:26:00,GCP,sa-east-1,66.9412739491259,147.2,0
2026-04-03 11:27:00,GCP,ap-northeast-1,12.45,704.15,0
2026-04-03 11:28:00,AWS,eu-west-1,11.78,943.88,0
2026-04-03 11:29:00,GCP,sa-east-1,75.31681109985193,301.96,0
2026-04-03 11:30:00,GCP,us-east-1,23.43,184.53,0
2026-04-03 11:31:00,GCP,us-east-1,20.78,292.47,0
2026-04-03 11:32:00,Azure,us-east-1,64.0,291.09,0
2026-04-03 11:33:00,GCP,ap-northeast-1,6.64,363.82,0
2026-04-03 11:34:00,AWS,ap-northeast-1,15.09,185.27,0
2026-04-03 11:35:00,Azure,ap-northeast-1,25.79,311.97,0
2026-04-03 11:36:00,AWS,ap-northeast-1,8.62,929.15,0
2026-04-03 11:37:00,GCP,us-east-1,28.38,901.2,0
2026-04-03 11:38:00,Azure,us-east-1,14.62,384.67,0
2026-04-03 11:39:00,AWS,ap-northeast-1,5.09,997.2,0
2026-04-03 11:40:00,GCP,ap-northeast-1,6.4,368.52,0
2026-04-03 11:41:00,AWS,us-east-1,9.11,749.65,0
2026-04-03 11:42:00,AWS,ap-northeast-1,11.66,679.61,0
2026-04-03 11:43:00,AWS,ap-northeast-1,22.63,158.1,0
2026-04-03 11:44:00,GCP,ap-northeast-1,11.65,408.07,0
2026-04-03 11:45:00,GCP,ap-northeast-1,22.19,956.35,0
2026-04-03 11:46:00,AWS,sa-east-1,74.67072563402064,145.78,0
2026-04-03 11:47:00,Azure,ap-northeast-1,12.26,257.4,0
2026-04-03 11:48:00,Azure,us-east-1,10.53,973.85,0
2026-04-03 11:49:00,GCP,us-east-1,19.91,135.81,0
2026-04-03 11:50:00,GCP,us-east-1,13.0,501.95,0
2026-04-03 11:51:00,GCP,us-east-1,8.45,926.52,0
2026-04-03 11:52:00,GCP,ap-northeast-1,14.38,949.31,0
2026-04-03 11:53:00,GCP,sa-east-1,103.01927923343243,981.39,0
2026-04-03 11:54:00,Azure,eu-west-1,9.43,533.19,0
2026-04-03 11:55:00,GCP,eu-west-1,22.01,177.83,0
2026-04-03 11:56:00,AWS,eu-west-1,11.25,795.43,0
2026-04-03 11:57:00,AWS,eu-west-1,35.42,738.09,0
2026-04-03 11:58:00,Azure,us-east-1,17.6,621.65,0
2026-04-03 11:59:00,AWS,ap-northeast-1,8.31,899.41,0
2026-04-03 12:00:00,Azure,ap-northeast-1,8.03,920.41,0
2026-04-03 12:01:00,Azure,eu-west-1,6.55,714.92,0
2026-04-03 12:02:00,AWS,eu-west-1,16.49,200.89,0
2026-04-03 12:03:00,GCP,sa-east-1,81.70049669855186,185.97,0
2026-04-03 12:04:00,AWS,sa-east-1,95.09617442127016,467.77,0
2026-04-03 12:05:00,AWS,sa-east-1,97.83434218576527,363.43,0
2026-04-03 12:06:00,Azure,us-east-1,7.01,219.68,0
2026-04-03 12:07:00,AWS,ap-northeast-1,14.42,650.07,0
2026-04-03 12:08:00,Azure,us-east-1,11.69,715.18,0
2026-04-03 12:09:00,GCP,us-east-1,19.52,728.17,1
2026-04-03 12:10:00,GCP,ap-northeast-1,7.74,257.75,0
2026-04-03 12:11:00,GCP,sa-east-1,97.81448355661057,375.26,0
2026-04-03 12:12:00,AWS,ap-northeast-1,29.19,279.15,0
2026-04-03 12:13:00,Azure,eu-west-1,10.27,641.2,0
2026-04-03 12:14:00,GCP,sa-east-1,76.6822086130631,610.37,0
2026-04-03 12:15:00,Azure,ap-northeast-1,8.77,552.98,0
2026-04-03 12:16:00,Azure,us-east-1,10.88,366.45,0
2026-04-03 12:17:00,GCP,ap-northeast-1,15.45,313.35,0
2026-04-03 12:18:00,GCP,sa-east-1,68.68318506904615,901.37,0
2026-04-03 12:19:00,Azure,eu-west-1,12.92,143.97,0
2026-04-03 12:20:00,GCP,us-east-1,10.7,690.76,0
2026-04-03 12:21:00,Azure,eu-west-1,13.0,117.62,0
2026-04-03 12:22:00,Azure,eu-west-1,8.43,274.45,0
2026-04-03 12:23:00,GCP,us-east-1,10.94,360.54,0
2026-04-03 12:24:00,AWS,ap-northeast-1,14.38,897.84,0
2026-04-03 12:25:00,GCP,ap-northeast-1,19.96,223.96,0
2026-04-03 12:26:00,AWS,eu-west-1,7.72,944.03,0
2026-04-03 12:27:00,Azure,ap-northeast-1,11.15,833.91,0
2026-04-03 12:28:00,Azure,sa-east-1,64.53446927433949,711.14,0
2026-04-03 12:29:00,AWS,eu-west-1,9.75,470.57,0
2026-04-03 12:30:00,Azure,eu-west-1,20.09,914.73,0
2026-04-03 12:31:00,AWS,eu-west-1,9.32,575.16,0
2026-04-03 12:32:00,AWS,sa-east-1,96.45748238431192,434.09,0
2026-04-03 12:33:00,Azure,eu-west-1,6.56,627.06,0
2026-04-03 12:34:00,AWS,ap-northeast-1,9.2,309.04,0
2026-04-03 12:35:00,GCP,ap-northeast-1,5.62,345.59,0
2026-04-03 12:36:00,GCP,ap-northeast-1,14.0,927.38,0
2026-04-03 12:37:00,Azure,ap-northeast-1,14.64,814.53,0
2026-04-03 12:38:00,Azure,eu-west-1,14.42,562.15,0
2026-04-03 12:39:00,AWS,sa-east-1,101.91750685544207,474.91,0
2026-04-03 12:40:00,AWS,us-east-1,14.43,826.81,0
2026-04-03 12:41:00,AWS,ap-northeast-1,5.68,613.57,0
2026-04-03 12:42:00,AWS,us-east-1,8.22,473.53,0
2026-04-03 12:43:00,GCP,us-east-1,3.97,563.9,0
2026-04-03 12:44:00,GCP,eu-west-1,9.66,309.44,0
2026-04-03 12:45:00,Azure,ap-northeast-1,7.88,281.77,0
2026-04-03 12:46:00,AWS,ap-northeast-1,11.95,990.18,0
2026-04-03 12:47:00,AWS,ap-northeast-1,41.67,972.63,0
2026-04-03 12:48:00,Azure,us-east-1,18.01,478.74,0
2026-04-03 12:49:00,AWS,ap-northeast-1,26.17,563.74,0
2026-04-03 12:50:00,AWS,ap-northeast-1,18.37,844.47,0
2026-04-03 12:51:00,AWS,sa-east-1,99.90883532387474,753.25,0
2026-04-03 12:52:00,AWS,eu-west-1,12.12,189.59,0
2026-04-03 12:53:00,AWS,ap-northeast-1,18.77,437.15,0
2026-04-03 12:54:00,Azure,ap-northeast-1,13.79,325.14,0
2026-04-03 12:55:00,AWS,eu-west-1,10.55,993.37,0
2026-04-03 12:56:00,Azure,eu-west-1,24.86,773.83,0
2026-04-03 12:57:00,AWS,us-east-1,15.22,142.99,0
2026-04-03 12:58:00,GCP,us-east-1,5.97,910.03,0
2026-04-03 12:59:00,GCP,us-east-1,11.13,935.16,0
2026-04-03 13:00:00,GCP,eu-west-1,12.49,399.94,0
2026-04-03 13:01:00,GCP,sa-east-1,72.14846453923526,677.78,0
2026-04-03 13:02:00,Azure,ap-northeast-1,10.05,713.84,0
2026-04-03 13:03:00,Azure,eu-west-1,9.89,756.59,0
2026-04-03 13:04:00,AWS,sa-east-1,62.64180059681458,724.16,0
2026-04-03 13:05:00,GCP,eu-west-1,4.57,603.75,0
2026-04-03 13:06:00,Azure,sa-east-1,104.94307490307293,958.46,0
2026-04-03 13:07:00,AWS,eu-west-1,9.97,561.14,0
2026-04-03 13:08:00,AWS,eu-west-1,6.24,199.82,0
2026-04-03 13:09:00,Azure,sa-east-1,90.51057959321163,172.38,0
2026-04-03 13:10:00,GCP,sa-east-1,97.8281400832959,116.54,0
2026-04-03 13:11:00,AWS,sa-east-1,75.09524524253337,485.13,0
2026-04-03 13:12:00,GCP,sa-east-1,90.36294164986123,345.91,0
2026-04-03 13:13:00,GCP,sa-east-1,73.23539483778467,905.7,0
2026-04-03 13:14:00,GCP,sa-east-1,90.23758631539961,880.43,0
2026-04-03 13:15:00,AWS,sa-east-1,85.36791396670395,854.06,0
2026-04-03 13:16:00,GCP,sa-east-1,95.17319599088938,880.55,0
2026-04-03 13:17:00,AWS,eu-west-1,5.04,367.85,0
2026-04-03 13:18:00,GCP,sa-east-1,104.82536677006848,483.51,0
2026-04-03 13:19:00,AWS,sa-east-1,100.61593021328845,380.56,0
2026-04-03 13:20:00,GCP,eu-west-1,5.19,177.47,0
2026-04-03 13:21:00,Azure,eu-west-1,15.1,931.64,0
2026-04-03 13:22:00,GCP,us-east-1,26.4,654.33,0
2026-04-03 13:23:00,GCP,us-east-1,22.47,219.3,0
2026-04-03 13:24:00,AWS,sa-east-1,109.36266140173107,285.45,0
2026-04-03 13:25:00,AWS,sa-east-1,70.62346779937391,505.68,0
2026-04-03 13:26:00,GCP,us-east-1,5.16,146.7,0
2026-04-03 13:27:00,Azure,us-east-1,14.0,344.79,0
2026-04-03 13:28:00,Azure,ap-northeast-1,10.46,733.1,0
2026-04-03 13:29:00,AWS,ap-northeast-1,11.31,928.37,0
2026-04-03 13:30:00,Azure,sa-east-1,93.61387763440716,935.86,0
2026-04-03 13:31:00,GCP,ap-northeast-1,14.79,568.03,0
2026-04-03 13:32:00,AWS,us-east-1,5.89,380.94,0
2026-04-03 13:33:00,GCP,sa-east-1,88.97085952278876,928.67,0
2026-04-03 13:34:00,AWS,eu-west-1,10.72,807.97,0
2026-04-03 13:35:00,AWS,eu-west-1,5.01,628.4,0
2026-04-03 13:36:00,AWS,us-east-1,13.05,851.1,0
2026-04-03 13:37:00,AWS,ap-northeast-1,18.47,512.95,0
2026-04-03 13:38:00,Azure,eu-west-1,24.44,200.98,0
2026-04-03 13:39:00,GCP,ap-northeast-1,12.78,944.41,0
2026-04-03 13:40:00,GCP,eu-west-1,31.29,580.61,0
2026-04-03 13:41:00,GCP,ap-northeast-1,11.97,725.76,0
2026-04-03 13:42:00,AWS,eu-west-1,6.5,453.06,0
2026-04-03 13:43:00,Azure,eu-west-1,11.85,222.17,0
2026-04-03 13:44:00,GCP,sa-east-1,62.317156792809314,344.69,0
2026-04-03 13:45:00,Azure,sa-east-1,105.124051885095,139.31,0
2026-04-03 13:46:00,AWS,us-east-1,13.95,178.82,0
2026-04-03 13:47:00,GCP,eu-west-1,13.46,284.43,0
2026-04-03 13:48:00,Azure,ap-northeast-1,19.76,604.91,0
2026-04-03 13:49:00,AWS,eu-west-1,9.83,993.6,0
2026-04-03 13:50:00,Azure,ap-northeast-1,15.95,859.35,0
2026-04-03 13:51:00,GCP,ap-northeast-1,14.02,177.28,0
2026-04-03 13:52:00,GCP,eu-west-1,12.9,858.11,0
2026-04-03 13:53:00,AWS,ap-northeast-1,11.79,582.68,0
2026-04-03 13:54:00,AWS,us-east-1,6.45,694.29,0
2026-04-03 13:55:00,AWS,sa-east-1,68.41074424422867,216.79,0
2026-04-03 13:56:00,Azure,ap-northeast-1,11.08,455.9,0
2026-04-03 13:57:00,Azure,eu-west-1,8.49,895.71,0
2026-04-03 13:58:00,Azure,sa-east-1,91.24360153690878,482.83,0
2026-04-03 13:59:00,AWS,us-east-1,9.22,214.4,0
2026-04-03 14:00:00,GCP,ap-northeast-1,9.61,379.97,0
2026-04-03 14:01:00,GCP,ap-northeast-1,6.23,299.37,0
2026-04-03 14:02:00,Azure,sa-east-1,58.12119706490971,718.21,0
2026-04-03 14:03:00,Azure,ap-northeast-1,4.28,919.92,0
2026-04-03 14:04:00,GCP,eu-west-1,14.12,760.14,0
2026-04-03 14:05:00,GCP,sa-east-1,100.55437227525924,859.26,0
2026-04-03 14:06:00,Azure,sa-east-1,88.31903983616976,825.24,0
2026-04-03 14:07:00,Azure,ap-northeast-1,9.95,113.14,0
2026-04-03 14:08:00,GCP,us-east-1,6.08,211.93,0
2026-04-03 14:09:00,AWS,us-east-1,4.05,481.04,0
2026-04-03 14:10:00,Azure,us-east-1,11.98,200.88,0
2026-04-03 14:11:00,GCP,us-east-1,16.57,761.44,0
2026-04-03 14:12:00,GCP,sa-east-1,82.19384747032069,163.17,0
2026-04-03 14:13:00,GCP,sa-east-1,88.98326828469257,474.62,0
2026-04-03 14:14:00,GCP,ap-northeast-1,8.63,453.06,0
2026-04-03 14:15:00,AWS,us-east-1,20.96,589.1,0
2026-04-03 14:16:00,GCP,us-east-1,8.24,666.44,0
2026-04-03 14:17:00,Azure,ap-northeast-1,3.22,952.26,0
2026-04-03 14:18:00,AWS,ap-northeast-1,16.66,344.07,0
2026-04-03 14:19:00,GCP,ap-northeast-1,7.68,699.39,0
2026-04-03 14:20:00,AWS,eu-west-1,5.63,131.58,0
2026-04-03 14:21:00,Azure,ap-northeast-1,15.5,100.91,0
2026-04-03 14:22:00,GCP,ap-northeast-1,7.81,122.82,0
2026-04-03 14:23:00,Azure,eu-west-1,6.01,504.02,0
2026-04-03 14:24:00,GCP,us-east-1,23.47,599.51,0
2026-04-03 14:25:00,GCP,sa-east-1,82.01189696926235,105.59,0
2026-04-03 14:26:00,GCP,us-east-1,5.94,456.77,0
2026-04-03 14:27:00,GCP,sa-east-1,83.50471388133798,136.77,0
2026-04-03 14:28:00,GCP,sa-east-1,100.26447552084969,687.96,0
2026-04-03 14:29:00,AWS,ap-northeast-1,12.89,668.11,0
2026-04-03 14:30:00,GCP,ap-northeast-1,8.84,805.77,0
2026-04-03 14:31:00,GCP,eu-west-1,15.65,591.63,0
2026-04-03 14:32:00,AWS,us-east-1,9.71,660.65,0
2026-04-03 14:33:00,AWS,us-east-1,9.44,351.48,0
2026-04-03 14:34:00,AWS,sa-east-1,105.53444304598322,176.91,0
2026-04-03 14:35:00,AWS,ap-northeast-1,18.67,763.58,0
2026-04-03 14:36:00,AWS,ap-northeast-1,13.43,650.68,0
2026-04-03 14:37:00,AWS,us-east-1,24.81,944.5,0
2026-04-03 14:38:00,GCP,eu-west-1,14.2,990.3,0
2026-04-03 14:39:00,GCP,ap-northeast-1,26.15,862.56,0
2026-04-03 14:40:00,Azure,eu-west-1,16.86,987.06,0
2026-04-03 14:41:00,GCP,us-east-1,10.7,682.7,0
2026-04-03 14:42:00,GCP,us-east-1,11.39,182.75,0
2026-04-03 14:43:00,AWS,eu-west-1,30.38,180.85,0
2026-04-03 14:44:00,AWS,ap-northeast-1,23.38,826.41,0
2026-04-03 14:45:00,GCP,us-east-1,26.4,313.17,0
2026-04-03 14:46:00,Azure,sa-east-1,105.61007855480887,154.89,0
2026-04-03 14:47:00,AWS,us-east-1,4.77,525.05,0
2026-04-03 14:48:00,GCP,ap-northeast-1,7.99,383.18,0
2026-04-03 14:49:00,GCP,sa-east-1,78.22514061452766,629.33,0
2026-04-03 14:50:00,Azure,us-east-1,8.82,640.14,0
2026-04-03 14:51:00,Azure,ap-northeast-1,12.35,713.35,0
2026-04-03 14:52:00,AWS,ap-northeast-1,9.72,618.8,0
2026-04-03 14:53:00,Azure,us-east-1,5.04,442.83,0
2026-04-03 14:54:00,GCP,ap-northeast-1,15.1,121.3,0
2026-04-03 14:55:00,GCP,eu-west-1,12.37,914.58,0
2026-04-03 14:56:00,Azure,sa-east-1,112.61458695464327,394.23,0
2026-04-03 14:57:00,Azure,eu-west-1,13.2,556.44,0
2026-04-03 14:58:00,Azure,us-east-1,18.02,601.24,0
2026-04-03 14:59:00,Azure,eu-west-1,8.09,383.37,0
2026-04-03 15:00:00,AWS,us-east-1,14.49,377.63,0
2026-04-03 15:01:00,Azure,us-east-1,18.25,334.78,0
2026-04-03 15:02:00,AWS,ap-northeast-1,16.09,319.02,0
2026-04-03 15:03:00,GCP,ap-northeast-1,10.88,127.36,0
2026-04-03 15:04:00,Azure,us-east-1,14.52,962.12,0
2026-04-03 15:05:00,AWS,sa-east-1,104.21094087390331,635.77,0
2026-04-03 15:06:00,Azure,sa-east-1,115.98912019867456,197.26,0
2026-04-03 15:07:00,GCP,sa-east-1,59.39228868023804,632.76,0
2026-04-03 15:08:00,GCP,eu-west-1,6.97,309.02,0
2026-04-03 15:09:00,GCP,us-east-1,8.04,379.61,0
2026-04-03 15:10:00,Azure,ap-northeast-1,13.1,821.05,0
2026-04-03 15:11:00,Azure,eu-west-1,12.21,897.22,0
2026-04-03 15:12:00,AWS,eu-west-1,16.67,729.84,0
2026-04-03 15:13:00,GCP,ap-northeast-1,18.46,939.32,0
2026-04-03 15:14:00,Azure,us-east-1,4.75,914.52,0
2026-04-03 15:15:00,GCP,eu-west-1,9.58,596.05,0
2026-04-03 15:16:00,GCP,us-east-1,13.55,917.06,0
2026-04-03 15:17:00,AWS,us-east-1,21.28,590.5,0
2026-04-03 15:18:00,AWS,us-east-1,11.86,193.85,0
2026-04-03 15:19:00,AWS,ap-northeast-1,24.11,846.51,0
2026-04-03 15:20:00,AWS,us-east-1,16.05,218.08,0
2026-04-03 15:21:00,GCP,eu-west-1,14.74,384.36,0
2026-04-03 15:22:00,AWS,ap-northeast-1,11.53,441.81,0
2026-04-03 15:23:00,AWS,ap-northeast-1,12.03,826.56,0
2026-04-03 15:24:00,AWS,eu-west-1,14.37,175.18,0
2026-04-03 15:25:00,AWS,ap-northeast-1,11.05,500.45,0
2026-04-03 15:26:00,GCP,eu-west-1,21.25,493.04,0
2026-04-03 15:27:00,AWS,sa-east-1,85.81589973754588,623.94,0
2026-04-03 15:28:00,GCP,eu-west-1,22.18,418.48,0
2026-04-03 15:29:00,Azure,ap-northeast-1,7.24,619.45,0
2026-04-03 15:30:00,GCP,eu-west-1,7.13,987.3,0
2026-04-03 15:31:00,GCP,sa-east-1,72.79939046733405,164.39,0
2026-04-03 15:32:00,AWS,us-east-1,11.7,887.17,0
2026-04-03 15:33:00,Azure,us-east-1,13.87,377.77,0
2026-04-03 15:34:00,Azure,us-east-1,6.97,519.14,0
2026-04-03 15:35:00,Azure,ap-northeast-1,5.88,767.01,0
2026-04-03 15:36:00,Azure,sa-east-1,83.22291264315885,919.03,0
2026-04-03 15:37:00,GCP,eu-west-1,8.33,108.17,0
2026-04-03 15:38:00,Azure,eu-west-1,17.41,695.97,0
2026-04-03 15:39:00,GCP,eu-west-1,8.96,162.6,0
2026-04-03 15:40:00,GCP,eu-west-1,7.82,573.11,0
2026-04-03 15:41:00,GCP,ap-northeast-1,3.92,774.78,0
2026-04-03 15:42:00,Azure,ap-northeast-1,22.73,252.58,0
2026-04-03 15:43:00,AWS,sa-east-1,96.05140515794805,787.41,0
2026-04-03 15:44:00,AWS,eu-west-1,5.77,378.58,0
2026-04-03 15:45:00,Azure,us-east-1,4.49,649.5,0
2026-04-03 15:46:00,AWS,ap-northeast-1,9.04,692.24,0
2026-04-03 15:47:00,AWS,sa-east-1,115.00244579763606,684.08,0
2026-04-03 15:48:00,GCP,sa-east-1,101.34070198804785,116.69,0
2026-04-03 15:49:00,GCP,ap-northeast-1,10.98,237.05,0
2026-04-03 15:50:00,Azure,us-east-1,19.99,870.58,0
2026-04-03 15:51:00,Azure,us-east-1,7.43,945.86,0
2026-04-03 15:52:00,AWS,eu-west-1,8.66,607.3,0
2026-04-03 15:53:00,GCP,ap-northeast-1,13.6,637.27,0
2026-04-03 15:54:00,Azure,us-east-1,10.59,779.53,0
2026-04-03 15:55:00,Azure,ap-northeast-1,7.86,465.49,0
2026-04-03 15:56:00,Azure,sa-east-1,92.30111855048182,395.21,0
2026-04-03 15:57:00,Azure,sa-east-1,66.95510620743806,791.38,0
2026-04-03 15:58:00,Azure,sa-east-1,83.51468101328767,125.46,0
2026-04-03 15:59:00,Azure,ap-northeast-1,11.28,896.81,0
2026-04-03 16:00:00,AWS,eu-west-1,5.05,496.81,0
2026-04-03 16:01:00,GCP,eu-west-1,12.25,553.81,0
2026-04-03 16:02:00,GCP,us-east-1,6.78,670.85,0
2026-04-03 16:03:00,Azure,ap-northeast-1,4.42,346.95,0
2026-04-03 16:04:00,GCP,eu-west-1,10.62,637.65,0
2026-04-03 16:05:00,GCP,ap-northeast-1,12.82,723.74,0
2026-04-03 16:06:00,GCP,eu-west-1,27.09,206.14,0
2026-04-03 16:07:00,Azure,sa-east-1,62.000504234282594,568.42,0
2026-04-03 16:08:00,Azure,sa-east-1,99.62165333246543,396.48,0
2026-04-03 16:09:00,GCP,us-east-1,5.48,601.62,0
2026-04-03 16:10:00,GCP,sa-east-1,107.76140895752424,119.16,0
2026-04-03 16:11:00,Azure,eu-west-1,8.58,768.41,0
2026-04-03 16:12:00,AWS,us-east-1,10.3,251.56,0
2026-04-03 16:13:00,GCP,us-east-1,10.37,720.45,0
2026-04-03 16:14:00,AWS,sa-east-1,100.25012238604057,791.93,0
2026-04-03 16:15:00,GCP,ap-northeast-1,5.9,777.35,0
2026-04-03 16:16:00,AWS,sa-east-1,74.885848417199,835.75,0
2026-04-03 16:17:00,AWS,sa-east-1,104.81543597427691,376.97,0
2026-04-03 16:18:00,AWS,us-east-1,36.56,970.4,0
2026-04-03 16:19:00,Azure,sa-east-1,86.50531232667568,121.44,0
2026-04-03 16:20:00,AWS,eu-west-1,3.35,533.08,0
2026-04-03 16:21:00,AWS,us-east-1,28.43,343.26,0
2026-04-03 16:22:00,AWS,sa-east-1,95.4424337425525,765.89,0
2026-04-03 16:23:00,GCP,ap-northeast-1,8.22,824.7,0
2026-04-03 16:24:00,AWS,eu-west-1,11.99,840.15,0
2026-04-03 16:25:00,GCP,ap-northeast-1,8.16,367.21,0
2026-04-03 16:26:00,AWS,eu-west-1,4.58,346.73,0
2026-04-03 16:27:00,AWS,ap-northeast-1,11.22,709.24,0
2026-04-03 16:28:00,Azure,sa-east-1,101.95786575155458,935.37,0
2026-04-03 16:29:00,GCP,eu-west-1,14.44,328.78,0
2026-04-03 16:30:00,AWS,us-east-1,7.49,919.54,0
2026-04-03 16:31:00,GCP,us-east-1,8.27,632.32,0
2026-04-03 16:32:00,GCP,ap-northeast-1,10.09,764.14,0
2026-04-03 16:33:00,Azure,ap-northeast-1,7.46,495.9,0
2026-04-03 16:34:00,Azure,ap-northeast-1,21.51,826.17,0
2026-04-03 16:35:00,Azure,eu-west-1,18.63,973.44,0
2026-04-03 16:36:00,Azure,us-east-1,9.41,253.52,0
2026-04-03 16:37:00,Azure,sa-east-1,69.38223308684054,447.0,0
2026-04-03 16:38:00,Azure,eu-west-1,6.56,876.21,0
2026-04-03 16:39:00,Azure,ap-northeast-1,9.67,259.01,0
2026-04-03 16:40:00,Azure,us-east-1,25.32,471.67,0
2026-04-03 16:41:00,AWS,ap-northeast-1,16.83,249.5,0
2026-04-03 16:42:00,GCP,sa-east-1,74.56039034886068,683.53,0
2026-04-03 16:43:00,Azure,sa-east-1,89.65907296654419,314.49,0
2026-04-03 16:44:00,Azure,us-east-1,11.93,442.72,0
2026-04-03 16:45:00,GCP,eu-west-1,5.85,542.02,0
2026-04-03 16:46:00,AWS,sa-east-1,90.8816401639006,367.42,0
2026-04-03 16:47:00,GCP,sa-east-1,88.0382722736987,711.91,0
2026-04-03 16:48:00,GCP,sa-east-1,101.01692083556053,200.12,0
2026-04-03 16:49:00,Azure,sa-east-1,79.30117251690395,891.82,0
2026-04-03 16:50:00,GCP,ap-northeast-1,8.78,533.21,0
2026-04-03 16:51:00,GCP,ap-northeast-1,7.74,615.53,1
2026-04-03 16:52:00,Azure,eu-west-1,7.39,659.92,0
2026-04-03 16:53:00,Azure,us-east-1,10.74,153.71,0
2026-04-03 16:54:00,Azure,us-east-1,17.59,781.29,0
2026-04-03 16:55:00,Azure,us-east-1,7.93,951.35,0
2026-04-03 16:56:00,GCP,sa-east-1,62.99169507930826,567.92,0
2026-04-03 16:57:00,GCP,ap-northeast-1,12.28,451.78,0
2026-04-03 16:58:00,AWS,ap-northeast-1,19.4,806.32,0
2026-04-03 16:59:00,AWS,eu-west-1,12.26,748.32,0
2026-04-03 17:00:00,GCP,us-east-1,5.79,685.88,0
2026-04-03 17:01:00,AWS,ap-northeast-1,35.25,968.82,0
2026-04-03 17:02:00,GCP,eu-west-1,19.8,623.6,0
2026-04-03 17:03:00,AWS,us-east-1,15.51,323.54,0
2026-04-03 17:04:00,Azure,sa-east-1,76.13796392794971,122.29,0
2026-04-03 17:05:00,AWS,ap-northeast-1,10.39,508.12,0
2026-04-03 17:06:00,Azure,ap-northeast-1,5.98,687.09,0
2026-04-03 17:07:00,Azure,us-east-1,10.31,254.93,0
2026-04-03 17:08:00,Azure,sa-east-1,111.5940227082353,123.19,0
2026-04-03 17:09:00,Azure,sa-east-1,100.98178056861035,918.18,0
2026-04-03 17:10:00,AWS,ap-northeast-1,29.26,371.75,0
2026-04-03 17:11:00,GCP,us-east-1,17.04,519.44,0
2026-04-03 17:12:00,Azure,eu-west-1,19.82,181.96,0
2026-04-03 17:13:00,AWS,ap-northeast-1,15.96,443.45,0
2026-04-03 17:14:00,Azure,sa-east-1,79.12257681063764,481.4,0
2026-04-03 17:15:00,AWS,eu-west-1,15.29,912.47,0
2026-04-03 17:16:00,AWS,us-east-1,4.52,878.91,0
2026-04-03 17:17:00,AWS,sa-east-1,71.82246897003998,270.1,0
2026-04-03 17:18:00,GCP,eu-west-1,6.06,600.46,0
2026-04-03 17:19:00,AWS,ap-northeast-1,6.75,758.12,0
2026-04-03 17:20:00,AWS,sa-east-1,112.64340094455467,362.67,0
2026-04-03 17:21:00,GCP,us-east-1,7.11,454.99,0
2026-04-03 17:22:00,GCP,sa-east-1,66.28488543615666,986.39,0
2026-04-03 17:23:00,AWS,ap-northeast-1,14.8,783.76,0
2026-04-03 17:24:00,GCP,us-east-1,11.77,493.46,0
2026-04-03 17:25:00,Azure,ap-northeast-1,15.23,580.67,0
2026-04-03 17:26:00,Azure,eu-west-1,29.31,663.2,0
2026-04-03 17:27:00,GCP,sa-east-1,95.22991352284743,548.96,0
2026-04-03 17:28:00,GCP,ap-northeast-1,5.61,470.46,0
2026-04-03 17:29:00,AWS,eu-west-1,19.42,423.41,0
2026-04-03 17:30:00,GCP,us-east-1,10.91,252.08,0
2026-04-03 17:31:00,AWS,us-east-1,13.25,976.26,0
2026-04-03 17:32:00,Azure,eu-west-1,5.33,182.27,0
2026-04-03 17:33:00,GCP,eu-west-1,15.67,640.92,0
2026-04-03 17:34:00,AWS,us-east-1,6.36,963.64,0
2026-04-03 17:35:00,AWS,ap-northeast-1,15.91,437.44,0
2026-04-03 17:36:00,Azure,eu-west-1,8.49,327.18,0
2026-04-03 17:37:00,GCP,ap-northeast-1,17.48,959.97,0
2026-04-03 17:38:00,Azure,us-east-1,6.38,821.57,0
2026-04-03 17:39:00,AWS,ap-northeast-1,5.58,689.52,0
2026-04-03 17:40:00,AWS,ap-northeast-1,9.29,650.79,0
2026-04-03 17:41:00,GCP,eu-west-1,13.92,424.11,0
2026-04-03 17:42:00,AWS,ap-northeast-1,6.87,677.19,0
2026-04-03 17:43:00,GCP,ap-northeast-1,13.49,752.52,0
2026-04-03 17:44:00,Azure,ap-northeast-1,18.86,128.56,0
2026-04-03 17:45:00,GCP,us-east-1,6.29,205.92,0
2026-04-03 17:46:00,GCP,us-east-1,13.5,383.6,0
2026-04-03 17:47:00,AWS,sa-east-1,91.35802656218257,390.82,0
2026-04-03 17:48:00,AWS,us-east-1,11.06,910.46,0
2026-04-03 17:49:00,GCP,us-east-1,11.69,716.05,0
2026-04-03 17:50:00,AWS,sa-east-1,77.15345608827238,436.15,0
2026-04-03 17:51:00,AWS,sa-east-1,86.45806821455461,828.28,0
2026-04-03 17:52:00,AWS,eu-west-1,12.56,390.88,0
2026-04-03 17:53:00,GCP,eu-west-1,13.14,991.68,0
2026-04-03 17:54:00,AWS,us-east-1,34.2,803.46,0
2026-04-03 17:55:00,GCP,ap-northeast-1,10.99,827.55,0
2026-04-03 17:56:00,AWS,eu-west-1,14.32,334.88,0
2026-04-03 17:57:00,Azure,eu-west-1,23.2,230.53,0
2026-04-03 17:58:00,AWS,us-east-1,11.89,450.59,0
2026-04-03 17:59:00,AWS,ap-northeast-1,8.51,400.81,0
2026-04-03 18:00:00,GCP,sa-east-1,99.9880408239401,792.85,0
2026-04-03 18:01:00,GCP,sa-east-1,63.79184971938965,256.86,0
2026-04-03 18:02:00,AWS,us-east-1,22.19,574.72,0
2026-04-03 18:03:00,Azure,us-east-1,15.76,665.37,0
2026-04-03 18:04:00,AWS,ap-northeast-1,7.92,446.65,0
2026-04-03 18:05:00,AWS,us-east-1,6.53,280.55,0
2026-04-03 18:06:00,Azure,us-east-1,13.17,906.1,0
2026-04-03 18:07:00,GCP,us-east-1,13.84,224.96,0
2026-04-03 18:08:00,AWS,ap-northeast-1,6.54,373.42,0
2026-04-03 18:09:00,GCP,us-east-1,18.05,780.91,0
2026-04-03 18:10:00,GCP,eu-west-1,16.99,644.78,0
2026-04-03 18:11:00,Azure,ap-northeast-1,14.45,757.58,0
2026-04-03 18:12:00,Azure,eu-west-1,17.79,827.89,0
2026-04-03 18:13:00,GCP,ap-northeast-1,7.43,905.85,0
2026-04-03 18:14:00,AWS,eu-west-1,7.65,374.11,0
2026-04-03 18:15:00,GCP,ap-northeast-1,10.7,526.87,0
2026-04-03 18:16:00,AWS,sa-east-1,78.63129171337518,719.48,0
2026-04-03 18:17:00,AWS,us-east-1,15.66,815.27,0
2026-04-03 18:18:00,Azure,us-east-1,18.22,620.04,0
2026-04-03 18:19:00,AWS,ap-northeast-1,8.57,562.37,0
2026-04-03 18:20:00,AWS,eu-west-1,7.89,722.59,0
2026-04-03 18:21:00,GCP,sa-east-1,117.09906612616044,443.83,0
2026-04-03 18:22:00,Azure,eu-west-1,7.46,904.33,0
2026-04-03 18:23:00,AWS,us-east-1,10.56,291.0,0
2026-04-03 18:24:00,AWS,us-east-1,7.35,895.6,0
2026-04-03 18:25:00,Azure,eu-west-1,9.06,679.26,0
2026-04-03 18:26:00,GCP,ap-northeast-1,5.74,640.59,0
2026-04-03 18:27:00,Azure,ap-northeast-1,23.13,522.96,0
2026-04-03 18:28:00,Azure,eu-west-1,20.21,239.27,0
2026-04-03 18:29:00,AWS,us-east-1,8.14,878.44,0
2026-04-03 18:30:00,AWS,eu-west-1,15.36,147.28,0
2026-04-03 18:31:00,GCP,us-east-1,5.94,342.97,0
2026-04-03 18:32:00,AWS,eu-west-1,16.62,198.74,0
2026-04-03 18:33:00,AWS,ap-northeast-1,7.83,196.15,0
2026-04-03 18:34:00,Azure,sa-east-1,111.29797201647962,451.38,0
2026-04-03 18:35:00,AWS,us-east-1,15.73,244.38,0
2026-04-03 18:36:00,GCP,sa-east-1,61.20165344934621,623.25,0
2026-04-03 18:37:00,Azure,ap-northeast-1,9.93,664.44,0
2026-04-03 18:38:00,GCP,eu-west-1,13.1,893.88,0
2026-04-03 18:39:00,Azure,ap-northeast-1,7.68,369.7,0
2026-04-03 18:40:00,AWS,sa-east-1,93.73282074695467,378.26,0
2026-04-03 18:41:00,Azure,ap-northeast-1,14.2,321.73,0
2026-04-03 18:42:00,Azure,ap-northeast-1,19.73,803.63,0
2026-04-03 18:43:00,AWS,eu-west-1,3.58,485.25,0
2026-04-03 18:44:00,AWS,sa-east-1,68.13970892501946,597.18,0
2026-04-03 18:45:00,GCP,sa-east-1,88.02561340141546,437.16,0
2026-04-03 18:46:00,GCP,sa-east-1,67.33915463373881,241.13,0
2026-04-03 18:47:00,AWS,us-east-1,12.32,192.28,0
2026-04-03 18:48:00,AWS,ap-northeast-1,10.38,881.45,0
2026-04-03 18:49:00,AWS,sa-east-1,107.12072184698096,338.93,0
2026-04-03 18:50:00,Azure,ap-northeast-1,13.76,947.46,0
2026-04-03 18:51:00,Azure,eu-west-1,12.95,952.56,0
2026-04-03 18:52:00,Azure,eu-west-1,19.46,531.03,0
2026-04-03 18:53:00,AWS,us-east-1,9.21,962.73,0
2026-04-03 18:54:00,GCP,us-east-1,6.4,125.64,0
2026-04-03 18:55:00,AWS,eu-west-1,19.17,182.49,0
2026-04-03 18:56:00,Azure,sa-east-1,87.5597907359171,318.98,0
2026-04-03 18:57:00,Azure,eu-west-1,24.06,288.27,0
2026-04-03 18:58:00,AWS,ap-northeast-1,23.31,327.37,0
2026-04-03 18:59:00,AWS,us-east-1,3.81,507.06,0
2026-04-03 19:00:00,Azure,us-east-1,12.63,156.63,0
2026-04-03 19:01:00,Azure,eu-west-1,20.87,599.85,0
2026-04-03 19:02:00,Azure,sa-east-1,73.4354352451702,378.51,0
2026-04-03 19:03:00,AWS,sa-east-1,93.55879764802602,164.39,0
2026-04-03 19:04:00,Azure,ap-northeast-1,16.93,777.89,0
2026-04-03 19:05:00,Azure,us-east-1,11.85,688.09,0
2026-04-03 19:06:00,GCP,eu-west-1,11.9,814.09,0
2026-04-03 19:07:00,AWS,eu-west-1,22.18,945.31,0
2026-04-03 19:08:00,GCP,us-east-1,5.77,627.19,0
2026-04-03 19:09:00,GCP,eu-west-1,18.46,808.04,0
2026-04-03 19:10:00,Azure,us-east-1,15.33,279.26,0
2026-04-03 19:11:00,AWS,sa-east-1,122.61240913016965,469.33,0
2026-04-03 19:12:00,Azure,sa-east-1,69.86933176994442,577.06,0
2026-04-03 19:13:00,AWS,eu-west-1,25.49,587.09,0
2026-04-03 19:14:00,GCP,sa-east-1,84.30539697299622,746.5,0
2026-04-03 19:15:00,AWS,sa-east-1,83.89624968641012,816.35,0
2026-04-03 19:16:00,Azure,ap-northeast-1,6.81,700.17,0
2026-04-03 19:17:00,Azure,us-east-1,17.5,142.52,0
2026-04-03 19:18:00,Azure,us-east-1,8.32,416.1,0
2026-04-03 19:19:00,AWS,eu-west-1,21.49,615.2,0
2026-04-03 19:20:00,GCP,us-east-1,5.24,557.08,0
2026-04-03 19:21:00,GCP,ap-northeast-1,9.75,140.32,0
2026-04-03 19:22:00,AWS,eu-west-1,29.75,982.57,0
2026-04-03 19:23:00,Azure,eu-west-1,8.33,960.49,0
2026-04-03 19:24:00,GCP,us-east-1,20.69,796.39,0
2026-04-03 19:25:00,Azure,sa-east-1,107.72321869380315,149.82,0
2026-04-03 19:26:00,AWS,sa-east-1,72.08410919336706,487.19,0
2026-04-03 19:27:00,Azure,sa-east-1,95.44072201709545,468.79,0
2026-04-03 19:28:00,GCP,sa-east-1,110.80792389670242,602.22,0
2026-04-03 19:29:00,GCP,ap-northeast-1,9.92,150.34,0
2026-04-03 19:30:00,Azure,eu-west-1,8.63,481.29,0
2026-04-03 19:31:00,AWS,sa-east-1,113.14300191303894,782.06,0
2026-04-03 19:32:00,Azure,ap-northeast-1,10.94,998.21,0
2026-04-03 19:33:00,AWS,eu-west-1,5.77,635.9,0
2026-04-03 19:34:00,Azure,us-east-1,10.9,946.55,0
2026-04-03 19:35:00,GCP,us-east-1,9.56,998.68,0
2026-04-03 19:36:00,AWS,ap-northeast-1,11.39,491.3,0
2026-04-03 19:37:00,AWS,eu-west-1,3.66,701.82,0
2026-04-03 19:38:00,AWS,sa-east-1,72.18323653287133,291.89,0
2026-04-03 19:39:00,GCP,eu-west-1,5.38,528.08,0
2026-04-03 19:40:00,Azure,sa-east-1,117.61453728559412,170.57,0
2026-04-03 19:41:00,GCP,ap-northeast-1,20.82,126.23,0
2026-04-03 19:42:00,AWS,sa-east-1,90.57048339801638,903.63,0
2026-04-03 19:43:00,Azure,ap-northeast-1,23.28,872.56,0
2026-04-03 19:44:00,GCP,eu-west-1,11.49,380.86,0
2026-04-03 19:45:00,AWS,eu-west-1,20.87,511.26,0
2026-04-03 19:46:00,AWS,sa-east-1,92.22690103720214,544.25,0
2026-04-03 19:47:00,GCP,eu-west-1,5.91,568.63,0
2026-04-03 19:48:00,GCP,sa-east-1,71.12816174003733,221.11,0
2026-04-03 19:49:00,GCP,eu-west-1,27.31,797.55,0
2026-04-03 19:50:00,AWS,us-east-1,6.55,413.03,0
2026-04-03 19:51:00,GCP,sa-east-1,96.0250976006102,128.53,0
2026-04-03 19:52:00,AWS,ap-northeast-1,8.35,708.91,0
2026-04-03 19:53:00,GCP,us-east-1,7.75,846.89,0
2026-04-03 19:54:00,AWS,ap-northeast-1,12.07,926.31,0
2026-04-03 19:55:00,AWS,eu-west-1,36.44,706.96,0
2026-04-03 19:56:00,Azure,us-east-1,17.89,272.15,0
2026-04-03 19:57:00,GCP,eu-west-1,7.19,630.8,1
2026-04-03 19:58:00,GCP,sa-east-1,70.51964957652427,920.59,0
2026-04-03 19:59:00,AWS,ap-northeast-1,4.81,415.5,0
2026-04-03 20:00:00,AWS,eu-west-1,3.95,958.02,0
2026-04-03 20:01:00,AWS,ap-northeast-1,13.26,187.91,0
2026-04-03 20:02:00,Azure,ap-northeast-1,17.42,755.25,0
2026-04-03 20:03:00,Azure,eu-west-1,26.59,207.92,0
2026-04-03 20:04:00,AWS,sa-east-1,112.01890074287712,818.99,0
2026-04-03 20:05:00,GCP,ap-northeast-1,12.22,187.89,0
2026-04-03 20:06:00,GCP,eu-west-1,10.28,393.15,0
2026-04-03 20:07:00,Azure,sa-east-1,75.08125690466859,799.18,0
2026-04-03 20:08:00,Azure,eu-west-1,6.63,514.17,0
2026-04-03 20:09:00,AWS,sa-east-1,97.39517085023732,894.42,0
2026-04-03 20:10:00,GCP,ap-northeast-1,6.75,461.56,0
2026-04-03 20:11:00,AWS,us-east-1,9.37,995.46,0
2026-04-03 20:12:00,Azure,eu-west-1,8.48,116.81,0
2026-04-03 20:13:00,GCP,ap-northeast-1,8.2,726.46,0
2026-04-03 20:14:00,GCP,eu-west-1,8.85,924.3,0
2026-04-03 20:15:00,Azure,eu-west-1,13.54,582.39,0
2026-04-03 20:16:00,AWS,sa-east-1,90.23732286661387,989.66,0
2026-04-03 20:17:00,AWS,eu-west-1,14.07,737.22,0
2026-04-03 20:18:00,GCP,sa-east-1,69.94227870993615,486.57,0
2026-04-03 20:19:00,Azure,ap-northeast-1,15.17,563.84,0
2026-04-03 20:20:00,GCP,eu-west-1,12.87,889.72,0
2026-04-03 20:21:00,Azure,ap-northeast-1,13.26,961.83,0
2026-04-03 20:22:00,AWS,us-east-1,12.04,600.3,0
2026-04-03 20:23:00,Azure,ap-northeast-1,28.87,376.44,0
2026-04-03 20:24:00,AWS,eu-west-1,12.8,315.39,0
2026-04-03 20:25:00,Azure,us-east-1,9.2,529.34,0
2026-04-03 20:26:00,GCP,sa-east-1,98.69326096591162,366.7,0
2026-04-03 20:27:00,AWS,us-east-1,19.12,478.75,0
2026-04-03 20:28:00,GCP,eu-west-1,6.73,851.02,0
2026-04-03 20:29:00,GCP,eu-west-1,24.01,524.79,0
2026-04-03 20:30:00,AWS,ap-northeast-1,4.67,676.79,0
2026-04-03 20:31:00,AWS,sa-east-1,116.88186058717521,181.1,0
2026-04-03 20:32:00,GCP,eu-west-1,18.15,785.91,0
2026-04-03 20:33:00,GCP,eu-west-1,9.78,534.61,0
2026-04-03 20:34:00,GCP,sa-east-1,58.65105595831594,424.85,0
2026-04-03 20:35:00,GCP,sa-east-1,121.26757483747457,649.89,0
2026-04-03 20:36:00,AWS,ap-northeast-1,29.96,191.79,0
2026-04-03 20:37:00,AWS,us-east-1,8.96,472.6,0
2026-04-03 20:38:00,GCP,sa-east-1,87.37595896530924,829.88,0
2026-04-03 20:39:00,Azure,eu-west-1,19.88,335.86,0
2026-04-03 20:40:00,Azure,sa-east-1,71.2738264296302,922.69,0
2026-04-03 20:41:00,AWS,eu-west-1,12.52,643.28,0
2026-04-03 20:42:00,GCP,ap-northeast-1,10.03,586.71,0
2026-04-03 20:43:00,GCP,us-east-1,14.0,459.61,0
2026-04-03 20:44:00,AWS,ap-northeast-1,4.29,767.8,0
2026-04-03 20:45:00,Azure,sa-east-1,96.4822632804678,608.02,0
2026-04-03 20:46:00,Azure,eu-west-1,5.19,816.89,0
2026-04-03 20:47:00,Azure,sa-east-1,63.938403568300444,398.51,0
2026-04-03 20:48:00,AWS,sa-east-1,73.22907404020455,731.81,0
2026-04-03 20:49:00,Azure,sa-east-1,85.26553110985977,949.1,0
2026-04-03 20:50:00,AWS,sa-east-1,74.88987304875155,351.93,0
2026-04-03 20:51:00,AWS,us-east-1,24.65,982.9,0
2026-04-03 20:52:00,GCP,eu-west-1,29.91,469.47,0
2026-04-03 20:53:00,Azure,sa-east-1,87.8122052389107,134.68,0
2026-04-03 20:54:00,AWS,eu-west-1,18.5,421.93,0
2026-04-03 20:55:00,Azure,us-east-1,41.77,234.68,0
2026-04-03 20:56:00,Azure,eu-west-1,10.66,373.86,0
2026-04-03 20:57:00,GCP,eu-west-1,10.16,186.37,0
2026-04-03 20:58:00,Azure,us-east-1,12.25,260.38,0
2026-04-03 20:59:00,GCP,sa-east-1,84.71412488812064,214.03,0
2026-04-03 21:00:00,AWS,eu-west-1,16.33,139.13,0
2026-04-03 21:01:00,Azure,ap-northeast-1,28.9,366.57,0
2026-04-03 21:02:00,AWS,eu-west-1,12.59,946.86,0
2026-04-03 21:03:00,Azure,sa-east-1,87.58946357776388,954.45,0
2026-04-03 21:04:00,AWS,ap-northeast-1,8.7,861.98,0
2026-04-03 21:05:00,Azure,sa-east-1,115.8244557913753,110.93,0
2026-04-03 21:06:00,Azure,eu-west-1,9.51,125.31,0
2026-04-03 21:07:00,Azure,us-east-1,12.78,109.32,0
2026-04-03 21:08:00,Azure,sa-east-1,66.601254740138,429.98,0
2026-04-03 21:09:00,Azure,sa-east-1,92.30126232564761,982.23,0
2026-04-03 21:10:00,Azure,us-east-1,18.91,907.15,0
2026-04-03 21:11:00,Azure,eu-west-1,17.14,325.48,0
2026-04-03 21:12:00,Azure,sa-east-1,96.4504518763099,469.18,0
2026-04-03 21:13:00,Azure,eu-west-1,8.04,841.99,0
2026-04-03 21:14:00,AWS,eu-west-1,13.75,782.73,0
2026-04-03 21:15:00,GCP,eu-west-1,36.16,219.36,0
2026-04-03 21:16:00,Azure,us-east-1,15.75,197.0,0
2026-04-03 21:17:00,GCP,eu-west-1,9.25,589.35,0
2026-04-03 21:18:00,Azure,eu-west-1,9.88,191.9,0
2026-04-03 21:19:00,Azure,ap-northeast-1,24.76,842.52,0
2026-04-03 21:20:00,AWS,ap-northeast-1,9.33,327.99,0
2026-04-03 21:21:00,AWS,ap-northeast-1,11.02,269.5,0
2026-04-03 21:22:00,GCP,sa-east-1,106.24740127305488,267.1,0
2026-04-03 21:23:00,AWS,sa-east-1,94.66747430836953,140.71,0
2026-04-03 21:24:00,AWS,ap-northeast-1,15.43,677.65,0
2026-04-03 21:25:00,GCP,us-east-1,10.5,248.05,0
2026-04-03 21:26:00,AWS,us-east-1,12.33,310.0,0
2026-04-03 21:27:00,Azure,ap-northeast-1,6.85,776.18,0
2026-04-03 21:28:00,GCP,sa-east-1,61.85118941796649,151.73,0
2026-04-03 21:29:00,GCP,sa-east-1,94.32316942290618,282.47,0
2026-04-03 21:30:00,Azure,us-east-1,11.39,234.41,0
2026-04-03 21:31:00,AWS,eu-west-1,14.61,104.36,0
2026-04-03 21:32:00,GCP,us-east-1,8.16,585.41,0
2026-04-03 21:33:00,GCP,eu-west-1,12.5,271.03,0
2026-04-03 21:34:00,Azure,sa-east-1,78.02333212999655,669.62,0
2026-04-03 21:35:00,Azure,sa-east-1,78.9901387174906,551.6,0
2026-04-03 21:36:00,AWS,ap-northeast-1,20.62,701.09,0
2026-04-03 21:37:00,GCP,sa-east-1,80.85382006467123,983.41,0
2026-04-03 21:38:00,AWS,eu-west-1,12.68,297.89,0
2026-04-03 21:39:00,AWS,us-east-1,33.78,699.29,0
2026-04-03 21:40:00,Azure,ap-northeast-1,18.21,850.25,0
2026-04-03 21:41:00,GCP,eu-west-1,5.96,961.65,0
2026-04-03 21:42:00,GCP,us-east-1,26.34,660.1,0
2026-04-03 21:43:00,GCP,us-east-1,12.15,217.75,0
2026-04-03 21:44:00,Azure,us-east-1,21.53,148.46,0
2026-04-03 21:45:00,Azure,sa-east-1,70.88270952944264,350.66,0
2026-04-03 21:46:00,Azure,us-east-1,11.76,935.34,0
2026-04-03 21:47:00,Azure,sa-east-1,86.36879916725361,583.24,0
2026-04-03 21:48:00,Azure,us-east-1,13.76,621.37,0
2026-04-03 21:49:00,GCP,us-east-1,11.31,649.54,0
2026-04-03 21:50:00,AWS,sa-east-1,73.15222324691547,398.99,0
2026-04-03 21:51:00,GCP,sa-east-1,83.38885648819266,263.43,0
2026-04-03 21:52:00,AWS,eu-west-1,7.47,958.82,0
2026-04-03 21:53:00,Azure,us-east-1,4.8,779.85,0
2026-04-03 21:54:00,AWS,sa-east-1,104.95179106229998,559.95,0
2026-04-03 21:55:00,GCP,eu-west-1,30.86,439.03,0
2026-04-03 21:56:00,GCP,eu-west-1,21.73,534.5,0
2026-04-03 21:57:00,AWS,sa-east-1,107.68746162807123,130.3,0
2026-04-03 21:58:00,Azure,us-east-1,9.08,322.74,0
2026-04-03 21:59:00,Azure,eu-west-1,9.09,325.64,0
2026-04-03 22:00:00,GCP,us-east-1,17.78,500.81,0
2026-04-03 22:01:00,AWS,us-east-1,14.92,312.64,0
2026-04-03 22:02:00,Azure,eu-west-1,8.53,266.91,0
2026-04-03 22:03:00,Azure,sa-east-1,60.025716782772875,788.97,0
2026-04-03 22:04:00,GCP,us-east-1,20.92,904.15,0
2026-04-03 22:05:00,Azure,ap-northeast-1,26.11,160.43,0
2026-04-03 22:06:00,AWS,sa-east-1,82.46842386915415,288.69,0
2026-04-03 22:07:00,GCP,eu-west-1,11.49,796.32,0
2026-04-03 22:08:00,GCP,ap-northeast-1,12.99,834.25,0
2026-04-03 22:09:00,AWS,us-east-1,11.08,550.14,0
2026-04-03 22:10:00,GCP,sa-east-1,109.04403269185426,725.39,0
2026-04-03 22:11:00,Azure,ap-northeast-1,11.29,169.84,0
2026-04-03 22:12:00,Azure,sa-east-1,85.29474228502352,864.58,0
2026-04-03 22:13:00,AWS,us-east-1,22.21,849.46,0
2026-04-03 22:14:00,Azure,sa-east-1,105.69941945456365,724.06,0
2026-04-03 22:15:00,AWS,ap-northeast-1,12.6,924.69,0
2026-04-03 22:16:00,AWS,sa-east-1,104.3655598649206,142.87,0
2026-04-03 22:17:00,Azure,eu-west-1,10.02,307.87,0
2026-04-03 22:18:00,AWS,eu-west-1,18.83,426.29,0
2026-04-03 22:19:00,Azure,ap-northeast-1,13.78,242.73,0
2026-04-03 22:20:00,GCP,sa-east-1,95.449644639697,833.34,0
2026-04-03 22:21:00,GCP,ap-northeast-1,6.61,781.47,0
2026-04-03 22:22:00,AWS,sa-east-1,101.26726749828204,795.93,0
2026-04-03 22:23:00,Azure,us-east-1,9.46,362.16,0
2026-04-03 22:24:00,Azure,eu-west-1,10.4,786.42,0
2026-04-03 22:25:00,GCP,us-east-1,12.44,210.75,0
2026-04-03 22:26:00,GCP,sa-east-1,87.75329354533812,196.12,0
2026-04-03 22:27:00,Azure,us-east-1,19.67,625.65,0
2026-04-03 22:28:00,AWS,ap-northeast-1,29.24,143.8,0
2026-04-03 22:29:00,GCP,ap-northeast-1,3.79,944.79,0
2026-04-03 22:30:00,AWS,sa-east-1,76.14500109593303,395.96,0
2026-04-03 22:31:00,AWS,eu-west-1,42.88,529.33,0
2026-04-03 22:32:00,GCP,ap-northeast-1,13.39,831.91,0
2026-04-03 22:33:00,AWS,eu-west-1,8.98,460.05,0
2026-04-03 22:34:00,AWS,sa-east-1,74.01511604267475,487.58,0
2026-04-03 22:35:00,Azure,eu-west-1,10.44,413.15,0
2026-04-03 22:36:00,AWS,sa-east-1,78.27879390662252,416.55,0
2026-04-03 22:37:00,Azure,us-east-1,9.84,521.16,0
2026-04-03 22:38:00,GCP,sa-east-1,105.69591045898417,951.34,0
2026-04-03 22:39:00,GCP,us-east-1,7.55,942.42,0
2026-04-03 22:40:00,Azure,sa-east-1,104.56503965062856,590.65,0
2026-04-03 22:41:00,GCP,ap-northeast-1,9.91,510.36,0
2026-04-03 22:42:00,AWS,ap-northeast-1,11.97,827.35,0
2026-04-03 22:43:00,AWS,eu-west-1,5.88,712.84,0
2026-04-03 22:44:00,AWS,sa-east-1,62.053348515490434,893.41,0
2026-04-03 22:45:00,GCP,sa-east-1,98.01058530113039,757.55,0
2026-04-03 22:46:00,AWS,sa-east-1,69.35266408369012,957.11,0
2026-04-03 22:47:00,GCP,eu-west-1,24.51,897.62,0
2026-04-03 22:48:00,AWS,ap-northeast-1,11.58,869.72,0
2026-04-03 22:49:00,Azure,sa-east-1,96.17619178734151,452.39,0
2026-04-03 22:50:00,GCP,eu-west-1,13.01,447.59,0
2026-04-03 22:51:00,GCP,sa-east-1,100.83052458225663,767.08,0
2026-04-03 22:52:00,AWS,us-east-1,8.44,175.37,0
2026-04-03 22:53:00,GCP,sa-east-1,63.472489752785165,389.99,0
2026-04-03 22:54:00,GCP,us-east-1,9.4,939.0,0
2026-04-03 22:55:00,Azure,eu-west-1,7.15,505.09,0
2026-04-03 22:56:00,Azure,eu-west-1,9.56,342.91,0
2026-04-03 22:57:00,AWS,ap-northeast-1,15.3,528.81,0
2026-04-03 22:58:00,Azure,sa-east-1,78.74301947399664,359.73,0
2026-04-03 22:59:00,AWS,eu-west-1,7.42,791.43,0
2026-04-03 23:00:00,AWS,ap-northeast-1,7.92,865.54,0
2026-04-03 23:01:00,AWS,sa-east-1,81.94471808918246,804.39,0
2026-04-03 23:02:00,GCP,eu-west-1,7.44,234.14,0
2026-04-03 23:03:00,Azure,us-east-1,7.78,402.45,0
2026-04-03 23:04:00,AWS,eu-west-1,9.16,292.57,0
2026-04-03 23:05:00,Azure,us-east-1,7.49,138.52,0
2026-04-03 23:06:00,AWS,ap-northeast-1,12.81,765.26,0
2026-04-03 23:07:00,Azure,ap-northeast-1,10.45,485.52,0
2026-04-03 23:08:00,Azure,sa-east-1,122.33743119552797,348.96,0
2026-04-03 23:09:00,AWS,sa-east-1,75.35594519364136,376.77,0
2026-04-03 23:10:00,GCP,sa-east-1,84.45984428203602,221.51,0
2026-04-03 23:11:00,Azure,ap-northeast-1,13.72,844.08,0
2026-04-03 23:12:00,GCP,us-east-1,25.68,229.53,0
2026-04-03 23:13:00,GCP,sa-east-1,104.97487792999473,404.48,0
2026-04-03 23:14:00,AWS,sa-east-1,67.78466943855206,106.65,0
2026-04-03 23:15:00,AWS,ap-northeast-1,6.02,492.77,0
2026-04-03 23:16:00,AWS,us-east-1,11.32,419.32,0
2026-04-03 23:17:00,Azure,eu-west-1,4.53,747.19,0
2026-04-03 23:18:00,AWS,sa-east-1,98.19426927650007,743.78,0
2026-04-03 23:19:00,AWS,eu-west-1,13.14,134.77,0
2026-04-03 23:20:00,Azure,eu-west-1,9.03,204.28,0
2026-04-03 23:21:00,Azure,sa-east-1,82.65872756878272,914.16,0
2026-04-03 23:22:00,AWS,ap-northeast-1,7.31,812.62,0
2026-04-03 23:23:00,AWS,sa-east-1,98.56194522219108,450.54,0
2026-04-03 23:24:00,AWS,us-east-1,7.42,249.74,0
2026-04-03 23:25:00,AWS,us-east-1,11.96,334.7,0
2026-04-03 23:26:00,GCP,sa-east-1,93.47101655310571,692.22,0
2026-04-03 23:27:00,GCP,eu-west-1,16.86,950.94,0
2026-04-03 23:28:00,AWS,us-east-1,15.22,654.16,0
2026-04-03 23:29:00,GCP,us-east-1,10.49,123.8,0
2026-04-03 23:30:00,Azure,sa-east-1,74.0391236695958,685.65,0
2026-04-03 23:31:00,GCP,sa-east-1,109.89884106332877,950.28,0
2026-04-03 23:32:00,GCP,ap-northeast-1,12.98,422.78,0
2026-04-03 23:33:00,AWS,sa-east-1,79.72904756717817,940.2,0
2026-04-03 23:34:00,GCP,sa-east-1,93.75809545982244,703.56,0
2026-04-03 23:35:00,GCP,us-east-1,13.86,270.85,0
2026-04-03 23:36:00,GCP,us-east-1,15.54,230.78,0
2026-04-03 23:37:00,GCP,us-east-1,8.93,258.67,0
2026-04-03 23:38:00,Azure,eu-west-1,21.91,729.3,0
2026-04-03 23:39:00,AWS,us-east-1,36.84,630.57,0
2026-04-03 23:40:00,AWS,us-east-1,29.28,509.99,0
2026-04-03 23:41:00,Azure,sa-east-1,87.25708032785529,337.02,0
2026-04-03 23:42:00,GCP,ap-northeast-1,9.81,916.51,0
2026-04-03 23:43:00,Azure,us-east-1,18.05,292.37,0
2026-04-03 23:44:00,GCP,ap-northeast-1,17.11,355.25,0
2026-04-03 23:45:00,Azure,us-east-1,6.98,149.43,0
2026-04-03 23:46:00,AWS,us-east-1,10.79,347.79,0
2026-04-03 23:47:00,AWS,ap-northeast-1,16.96,930.61,0
2026-04-03 23:48:00,AWS,sa-east-1,101.04357378225076,268.84,0
2026-04-03 23:49:00,GCP,us-east-1,8.4,283.57,0
2026-04-03 23:50:00,GCP,ap-northeast-1,9.05,639.98,0
2026-04-03 23:51:00,Azure,us-east-1,9.98,610.26,0
2026-04-03 23:52:00,Azure,eu-west-1,5.56,258.36,0
2026-04-03 23:53:00,AWS,eu-west-1,17.23,238.84,0
2026-04-03 23:54:00,GCP,eu-west-1,8.44,205.28,0
2026-04-03 23:55:00,Azure,eu-west-1,13.48,874.98,0
2026-04-03 23:56:00,GCP,sa-east-1,79.63126778364176,688.99,0
2026-04-03 23:57:00,GCP,eu-west-1,7.35,958.1,0
2026-04-03 23:58:00,AWS,ap-northeast-1,5.04,249.25,0
2026-04-03 23:59:00,AWS,us-east-1,12.74,514.54,0
2026-04-04 00:00:00,GCP,ap-northeast-1,9.8,768.74,0
2026-04-04 00:01:00,GCP,eu-west-1,15.3,292.19,0
2026-04-04 00:02:00,GCP,sa-east-1,100.23318552301913,716.21,0
2026-04-04 00:03:00,GCP,eu-west-1,4.4,526.42,0
2026-04-04 00:04:00,AWS,eu-west-1,10.85,487.75,0
2026-04-04 00:05:00,Azure,sa-east-1,74.47931252470867,680.5,0
2026-04-04 00:06:00,AWS,sa-east-1,78.87699652706792,520.93,0
2026-04-04 00:07:00,Azure,sa-east-1,97.04688779306542,838.01,0
2026-04-04 00:08:00,GCP,sa-east-1,112.5888563387904,937.47,0
2026-04-04 00:09:00,Azure,sa-east-1,75.314669536685,629.97,0
2026-04-04 00:10:00,AWS,sa-east-1,101.14068701159295,370.54,0
2026-04-04 00:11:00,AWS,us-east-1,9.26,799.5,0
2026-04-04 00:12:00,GCP,eu-west-1,17.7,253.44,0
2026-04-04 00:13:00,AWS,eu-west-1,10.17,185.49,0
2026-04-04 00:14:00,GCP,sa-east-1,97.37924321601648,566.86,0
2026-04-04 00:15:00,AWS,ap-northeast-1,9.11,682.06,0
2026-04-04 00:16:00,AWS,sa-east-1,73.15270993689256,851.5,0
2026-04-04 00:17:00,GCP,us-east-1,9.86,959.69,0
2026-04-04 00:18:00,Azure,ap-northeast-1,7.12,886.0,0
2026-04-04 00:19:00,AWS,us-east-1,6.45,989.83,0
2026-04-04 00:20:00,Azure,ap-northeast-1,8.13,528.13,0
2026-04-04 00:21:00,AWS,ap-northeast-1,8.09,384.88,0
2026-04-04 00:22:00,AWS,sa-east-1,115.46683703846266,513.74,0
2026-04-04 00:23:00,AWS,us-east-1,10.0,679.72,0
2026-04-04 00:24:00,AWS,ap-northeast-1,10.49,556.53,0
2026-04-04 00:25:00,Azure,us-east-1,11.13,670.71,0
2026-04-04 00:26:00,Azure,sa-east-1,110.25258040324289,898.05,0
2026-04-04 00:27:00,AWS,sa-east-1,101.29579880246402,249.23,0
2026-04-04 00:28:00,AWS,sa-east-1,86.52143129020297,208.24,0
2026-04-04 00:29:00,Azure,sa-east-1,105.42630879831816,548.67,0
2026-04-04 00:30:00,GCP,eu-west-1,16.8,983.59,0
2026-04-04 00:31:00,GCP,ap-northeast-1,8.6,153.14,0
2026-04-04 00:32:00,Azure,eu-west-1,9.27,987.9,0
2026-04-04 00:33:00,AWS,sa-east-1,103.74659675940384,970.94,0
2026-04-04 00:34:00,AWS,ap-northeast-1,9.14,363.34,0
2026-04-04 00:35:00,GCP,ap-northeast-1,13.79,901.9,0
2026-04-04 00:36:00,GCP,us-east-1,5.53,106.98,0
2026-04-04 00:37:00,Azure,sa-east-1,95.54581090900787,508.66,0
2026-04-04 00:38:00,GCP,eu-west-1,11.02,461.91,0
2026-04-04 00:39:00,Azure,us-east-1,14.93,912.39,0
2026-04-04 00:40:00,GCP,ap-northeast-1,21.32,525.07,0
2026-04-04 00:41:00,GCP,eu-west-1,10.31,476.14,0
2026-04-04 00:42:00,GCP,sa-east-1,100.23944582008494,675.64,0
2026-04-04 00:43:00,AWS,eu-west-1,10.17,438.22,0
2026-04-04 00:44:00,AWS,eu-west-1,22.36,582.9,0
2026-04-04 00:45:00,AWS,eu-west-1,13.26,960.01,0
2026-04-04 00:46:00,GCP,us-east-1,7.15,282.36,0
2026-04-04 00:47:00,Azure,ap-northeast-1,11.06,513.02,0
2026-04-04 00:48:00,Azure,eu-west-1,15.55,113.84,0
2026-04-04 00:49:00,Azure,ap-northeast-1,11.44,858.01,0
2026-04-04 00:50:00,Azure,us-east-1,11.29,182.82,0
2026-04-04 00:51:00,AWS,sa-east-1,69.06097544346333,185.29,0
2026-04-04 00:52:00,AWS,sa-east-1,71.09872578136262,894.56,0
2026-04-04 00:53:00,GCP,eu-west-1,13.62,468.37,0
2026-04-04 00:54:00,GCP,us-east-1,15.58,718.57,0
2026-04-04 00:55:00,Azure,sa-east-1,107.67561696139238,872.06,0
2026-04-04 00:56:00,AWS,us-east-1,9.52,437.03,0
2026-04-04 00:57:00,Azure,us-east-1,17.78,335.39,0
2026-04-04 00:58:00,GCP,eu-west-1,9.86,252.57,0
2026-04-04 00:59:00,GCP,eu-west-1,14.08,646.41,0
2026-04-04 01:00:00,Azure,us-east-1,15.9,327.05,0
2026-04-04 01:01:00,GCP,us-east-1,6.48,670.86,0
2026-04-04 01:02:00,Azure,eu-west-1,13.06,385.43,0
2026-04-04 01:03:00,AWS,us-east-1,3.16,413.0,0
2026-04-04 01:04:00,Azure,eu-west-1,11.57,324.2,0
2026-04-04 01:05:00,AWS,ap-northeast-1,16.28,476.62,0
2026-04-04 01:06:00,AWS,us-east-1,14.42,245.92,0
2026-04-04 01:07:00,GCP,eu-west-1,18.17,387.74,0
2026-04-04 01:08:00,GCP,us-east-1,14.52,800.09,0
2026-04-04 01:09:00,GCP,eu-west-1,9.29,294.06,0
2026-04-04 01:10:00,Azure,us-east-1,5.64,952.4,0
2026-04-04 01:11:00,Azure,sa-east-1,66.24482391365852,543.63,0
2026-04-04 01:12:00,GCP,sa-east-1,67.78794161821004,196.23,0
2026-04-04 01:13:00,Azure,us-east-1,5.06,948.76,0
2026-04-04 01:14:00,GCP,sa-east-1,104.50710737997169,511.01,0
2026-04-04 01:15:00,Azure,us-east-1,12.73,601.27,0
2026-04-04 01:16:00,AWS,us-east-1,10.15,266.68,0
2026-04-04 01:17:00,AWS,ap-northeast-1,15.18,399.98,0
2026-04-04 01:18:00,GCP,ap-northeast-1,10.62,733.27,0
2026-04-04 01:19:00,Azure,sa-east-1,80.97983738097847,211.57,0
2026-04-04 01:20:00,Azure,ap-northeast-1,6.45,613.41,0
2026-04-04 01:21:00,AWS,ap-northeast-1,14.91,724.17,0
2026-04-04 01:22:00,AWS,us-east-1,6.34,101.65,0
2026-04-04 01:23:00,GCP,eu-west-1,8.65,853.82,0
2026-04-04 01:24:00,AWS,us-east-1,15.3,150.7,0
2026-04-04 01:25:00,GCP,ap-northeast-1,11.2,322.23,0
2026-04-04 01:26:00,AWS,us-east-1,28.63,967.19,0
2026-04-04 01:27:00,AWS,sa-east-1,112.20278704236024,172.94,0
2026-04-04 01:28:00,Azure,eu-west-1,17.74,843.35,0
2026-04-04 01:29:00,AWS,ap-northeast-1,18.67,686.8,0
2026-04-04 01:30:00,AWS,ap-northeast-1,10.8,638.54,0
2026-04-04 01:31:00,GCP,us-east-1,9.34,623.51,0
2026-04-04 01:32:00,AWS,us-east-1,6.64,249.81,0
2026-04-04 01:33:00,GCP,us-east-1,5.89,701.94,0
2026-04-04 01:34:00,AWS,us-east-1,21.62,956.47,0
2026-04-04 01:35:00,AWS,ap-northeast-1,8.93,169.33,0
2026-04-04 01:36:00,GCP,us-east-1,19.05,399.17,0
2026-04-04 01:37:00,Azure,ap-northeast-1,5.84,525.03,0
2026-04-04 01:38:00,GCP,us-east-1,11.12,309.06,0
2026-04-04 01:39:00,GCP,eu-west-1,22.96,766.8,0
2026-04-04 01:40:00,GCP,eu-west-1,13.92,719.76,0
2026-04-04 01:41:00,Azure,us-east-1,14.1,206.0,0
2026-04-04 01:42:00,AWS,us-east-1,9.09,612.52,0
2026-04-04 01:43:00,GCP,sa-east-1,72.79448535751838,431.99,0
2026-04-04 01:44:00,GCP,eu-west-1,11.91,305.54,0
2026-04-04 01:45:00,Azure,ap-northeast-1,6.94,863.46,0
2026-04-04 01:46:00,GCP,eu-west-1,11.55,149.21,1
2026-04-04 01:47:00,AWS,ap-northeast-1,19.9,520.65,0
2026-04-04 01:48:00,Azure,us-east-1,6.47,527.78,0
2026-04-04 01:49:00,AWS,eu-west-1,16.8,613.11,0
2026-04-04 01:50:00,AWS,eu-west-1,20.04,277.83,0
2026-04-04 01:51:00,Azure,sa-east-1,75.06159156732413,884.08,0
2026-04-04 01:52:00,GCP,sa-east-1,110.25084492263154,968.77,0
2026-04-04 01:53:00,AWS,eu-west-1,9.59,594.06,0
2026-04-04 01:54:00,AWS,eu-west-1,10.43,330.51,0
2026-04-04 01:55:00,AWS,eu-west-1,18.34,889.14,0
2026-04-04 01:56:00,AWS,ap-northeast-1,17.51,989.36,0
2026-04-04 01:57:00,Azure,us-east-1,14.83,767.69,0
2026-04-04 01:58:00,Azure,sa-east-1,94.19838847692284,400.33,0
2026-04-04 01:59:00,AWS,us-east-1,13.46,312.42,0
2026-04-04 02:00:00,GCP,sa-east-1,87.28543570319788,240.96,0
2026-04-04 02:01:00,AWS,sa-east-1,115.6438682774681,311.45,0
2026-04-04 02:02:00,GCP,sa-east-1,76.83098417346315,304.61,0
2026-04-04 02:03:00,AWS,eu-west-1,11.59,970.68,0
2026-04-04 02:04:00,GCP,sa-east-1,81.05306942589255,678.91,0
2026-04-04 02:05:00,AWS,us-east-1,6.05,250.28,0
2026-04-04 02:06:00,GCP,sa-east-1,95.20360723397602,539.24,0
2026-04-04 02:07:00,AWS,us-east-1,6.71,266.17,0
2026-04-04 02:08:00,AWS,sa-east-1,86.9010872056171,645.42,0
2026-04-04 02:09:00,GCP,sa-east-1,80.40951343441498,407.27,0
2026-04-04 02:10:00,Azure,eu-west-1,8.43,276.03,0
2026-04-04 02:11:00,GCP,us-east-1,7.89,318.51,0
2026-04-04 02:12:00,Azure,sa-east-1,68.5800527101169,707.59,0
2026-04-04 02:13:00,AWS,sa-east-1,94.04293692026899,467.23,0
2026-04-04 02:14:00,GCP,us-east-1,4.1,561.84,0
2026-04-04 02:15:00,GCP,sa-east-1,63.740197926382294,839.21,0
2026-04-04 02:16:00,GCP,ap-northeast-1,14.4,689.88,0
2026-04-04 02:17:00,Azure,eu-west-1,10.34,516.17,0
2026-04-04 02:18:00,Azure,us-east-1,12.89,958.65,0
2026-04-04 02:19:00,AWS,eu-west-1,20.58,293.05,0
2026-04-04 02:20:00,Azure,ap-northeast-1,10.19,360.09,0
2026-04-04 02:21:00,Azure,ap-northeast-1,10.88,920.29,0
2026-04-04 02:22:00,AWS,ap-northeast-1,12.06,867.9,0
2026-04-04 02:23:00,GCP,us-east-1,10.41,217.05,0
2026-04-04 02:24:00,GCP,ap-northeast-1,10.41,936.95,0
2026-04-04 02:25:00,AWS,us-east-1,28.63,109.15,0
2026-04-04 02:26:00,GCP,us-east-1,12.97,840.18,0
2026-04-04 02:27:00,Azure,sa-east-1,86.87714979846197,350.92,0
2026-04-04 02:28:00,AWS,us-east-1,24.34,269.79,0
2026-04-04 02:29:00,AWS,ap-northeast-1,20.96,503.84,0
2026-04-04 02:30:00,AWS,us-east-1,16.65,907.37,0
2026-04-04 02:31:00,GCP,us-east-1,8.98,807.31,0
2026-04-04 02:32:00,AWS,eu-west-1,47.76,970.36,0
2026-04-04 02:33:00,AWS,ap-northeast-1,5.57,586.9,0
2026-04-04 02:34:00,AWS,us-east-1,5.0,559.5,0
2026-04-04 02:35:00,GCP,sa-east-1,81.23242577368876,111.73,0
2026-04-04 02:36:00,Azure,us-east-1,10.19,262.55,0
2026-04-04 02:37:00,AWS,us-east-1,3.53,547.86,0
2026-04-04 02:38:00,Azure,eu-west-1,11.35,777.31,0
2026-04-04 02:39:00,GCP,ap-northeast-1,12.67,840.34,0
2026-04-04 02:40:00,GCP,ap-northeast-1,11.2,354.94,0
2026-04-04 02:41:00,GCP,sa-east-1,71.71544877489751,741.21,0
2026-04-04 02:42:00,GCP,sa-east-1,104.16334224670591,845.68,0
2026-04-04 02:43:00,Azure,sa-east-1,98.39705714191217,437.32,0
2026-04-04 02:44:00,AWS,us-east-1,23.43,726.0,0
2026-04-04 02:45:00,GCP,us-east-1,19.68,493.55,0
2026-04-04 02:46:00,GCP,sa-east-1,99.63494267717938,987.09,0
2026-04-04 02:47:00,Azure,ap-northeast-1,16.02,106.0,1
2026-04-04 02:48:00,Azure,ap-northeast-1,18.86,472.91,0
2026-04-04 02:49:00,GCP,sa-east-1,79.41439192363775,337.34,0
2026-04-04 02:50:00,AWS,eu-west-1,14.37,864.76,0
2026-04-04 02:51:00,AWS,ap-northeast-1,13.17,358.41,0
2026-04-04 02:52:00,GCP,ap-northeast-1,16.93,589.46,0
2026-04-04 02:53:00,Azure,sa-east-1,90.01736813230374,766.24,0
2026-04-04 02:54:00,GCP,ap-northeast-1,11.98,547.51,0
2026-04-04 02:55:00,GCP,us-east-1,8.35,469.36,0
2026-04-04 02:56:00,Azure,us-east-1,14.38,138.27,0
2026-04-04 02:57:00,GCP,ap-northeast-1,8.06,120.64,0
2026-04-04 02:58:00,GCP,us-east-1,9.28,961.59,0
2026-04-04 02:59:00,GCP,eu-west-1,12.95,678.92,0
2026-04-04 03:00:00,Azure,ap-northeast-1,7.61,842.73,0
2026-04-04 03:01:00,AWS,sa-east-1,59.95716065436685,532.39,0
2026-04-04 03:02:00,AWS,us-east-1,20.48,335.42,0
2026-04-04 03:03:00,Azure,eu-west-1,8.83,365.08,0
2026-04-04 03:04:00,AWS,eu-west-1,6.05,139.14,0
2026-04-04 03:05:00,GCP,us-east-1,7.0,811.8,0
2026-04-04 03:06:00,AWS,eu-west-1,11.59,623.41,0
2026-04-04 03:07:00,GCP,ap-northeast-1,26.8,532.72,0
2026-04-04 03:08:00,AWS,eu-west-1,11.36,867.07,0
2026-04-04 03:09:00,Azure,us-east-1,16.3,500.36,0
2026-04-04 03:10:00,AWS,eu-west-1,10.05,953.14,0
2026-04-04 03:11:00,AWS,us-east-1,13.37,111.91,0
2026-04-04 03:12:00,AWS,us-east-1,10.99,986.15,0
2026-04-04 03:13:00,Azure,eu-west-1,16.2,834.3,0
2026-04-04 03:14:00,AWS,us-east-1,6.92,419.45,0
2026-04-04 03:15:00,Azure,us-east-1,12.65,635.83,0
2026-04-04 03:16:00,GCP,sa-east-1,70.12382135908456,878.14,0
2026-04-04 03:17:00,AWS,ap-northeast-1,14.85,533.44,0
2026-04-04 03:18:00,Azure,us-east-1,6.22,145.94,0
2026-04-04 03:19:00,Azure,ap-northeast-1,9.6,913.33,0
2026-04-04 03:20:00,AWS,sa-east-1,82.57844444070996,565.31,0
2026-04-04 03:21:00,GCP,sa-east-1,86.52880236887673,590.64,0
2026-04-04 03:22:00,Azure,sa-east-1,83.68094033972862,112.35,0
2026-04-04 03:23:00,AWS,sa-east-1,87.59870803665977,190.06,0
2026-04-04 03:24:00,GCP,ap-northeast-1,4.51,799.66,0
2026-04-04 03:25:00,Azure,eu-west-1,9.65,491.45,0
2026-04-04 03:26:00,Azure,eu-west-1,3.22,998.25,0
2026-04-04 03:27:00,GCP,ap-northeast-1,17.31,726.11,0
2026-04-04 03:28:00,GCP,us-east-1,12.16,954.64,0
2026-04-04 03:29:00,AWS,ap-northeast-1,14.87,351.42,0
2026-04-04 03:30:00,AWS,us-east-1,16.1,258.54,0
2026-04-04 03:31:00,Azure,us-east-1,20.49,438.93,0
2026-04-04 03:32:00,GCP,eu-west-1,3.34,338.29,0
2026-04-04 03:33:00,GCP,sa-east-1,66.38012838757342,652.03,0
2026-04-04 03:34:00,GCP,eu-west-1,8.35,770.0,0
2026-04-04 03:35:00,Azure,eu-west-1,10.47,461.89,0
2026-04-04 03:36:00,GCP,ap-northeast-1,13.46,180.86,0
2026-04-04 03:37:00,GCP,ap-northeast-1,12.97,123.7,0
2026-04-04 03:38:00,Azure,us-east-1,13.3,296.22,0
2026-04-04 03:39:00,AWS,ap-northeast-1,5.58,759.24,0
2026-04-04 03:40:00,AWS,us-east-1,8.19,299.4,0
2026-04-04 03:41:00,Azure,us-east-1,10.37,919.88,0
2026-04-04 03:42:00,GCP,sa-east-1,100.02790017800959,686.48,0
2026-04-04 03:43:00,Azure,sa-east-1,59.513459489875906,875.88,0
2026-04-04 03:44:00,AWS,eu-west-1,13.83,447.23,0
2026-04-04 03:45:00,AWS,sa-east-1,100.19392366046331,985.19,0
2026-04-04 03:46:00,Azure,us-east-1,9.57,711.55,0
2026-04-04 03:47:00,Azure,ap-northeast-1,15.67,421.26,0
2026-04-04 03:48:00,AWS,sa-east-1,100.11895826511967,291.29,0
2026-04-04 03:49:00,Azure,sa-east-1,87.41862195112532,879.88,0
2026-04-04 03:50:00,AWS,sa-east-1,97.09668009818941,386.29,0
2026-04-04 03:51:00,Azure,sa-east-1,77.82899220044911,139.93,0
2026-04-04 03:52:00,Azure,us-east-1,10.3,350.79,0
2026-04-04 03:53:00,Azure,us-east-1,9.47,261.51,0
2026-04-04 03:54:00,AWS,eu-west-1,10.15,387.76,0
2026-04-04 03:55:00,Azure,ap-northeast-1,14.12,651.94,0
2026-04-04 03:56:00,AWS,eu-west-1,13.98,550.39,0
2026-04-04 03:57:00,AWS,eu-west-1,6.32,739.77,0
2026-04-04 03:58:00,Azure,sa-east-1,87.96931121346664,400.45,0
2026-04-04 03:59:00,Azure,ap-northeast-1,9.29,207.83,0
2026-04-04 04:00:00,AWS,sa-east-1,65.85556832054203,244.24,0
2026-04-04 04:01:00,AWS,us-east-1,7.13,817.55,0
2026-04-04 04:02:00,GCP,eu-west-1,25.31,188.19,0
2026-04-04 04:03:00,AWS,ap-northeast-1,15.94,818.31,0
2026-04-04 04:04:00,GCP,us-east-1,14.75,291.37,0
2026-04-04 04:05:00,GCP,eu-west-1,11.14,710.56,0
2026-04-04 04:06:00,GCP,ap-northeast-1,4.85,660.79,0
2026-04-04 04:07:00,Azure,eu-west-1,27.98,188.43,0
2026-04-04 04:08:00,Azure,ap-northeast-1,18.67,699.28,0
2026-04-04 04:09:00,AWS,eu-west-1,10.37,502.76,0
2026-04-04 04:10:00,GCP,sa-east-1,92.90776101400552,736.45,0
2026-04-04 04:11:00,Azure,eu-west-1,6.33,851.93,0
2026-04-04 04:12:00,Azure,eu-west-1,4.7,135.55,0
2026-04-04 04:13:00,Azure,ap-northeast-1,12.28,683.17,0
2026-04-04 04:14:00,Azure,ap-northeast-1,8.18,194.46,0
2026-04-04 04:15:00,Azure,sa-east-1,74.16712228231438,440.99,0
2026-04-04 04:16:00,GCP,ap-northeast-1,11.87,111.41,0
2026-04-04 04:17:00,GCP,eu-west-1,6.73,395.78,0
2026-04-04 04:18:00,GCP,ap-northeast-1,11.7,252.42,0
2026-04-04 04:19:00,GCP,ap-northeast-1,7.01,600.64,0
2026-04-04 04:20:00,AWS,ap-northeast-1,20.21,561.04,0
2026-04-04 04:21:00,GCP,sa-east-1,72.2244595623173,813.95,0
2026-04-04 04:22:00,Azure,sa-east-1,109.21048631694228,675.97,0
2026-04-04 04:23:00,GCP,us-east-1,5.02,743.16,0
2026-04-04 04:24:00,AWS,sa-east-1,102.61838966315935,183.23,0
2026-04-04 04:25:00,Azure,sa-east-1,125.25877746792901,124.99,0
2026-04-04 04:26:00,GCP,sa-east-1,95.99823499211021,972.59,0
2026-04-04 04:27:00,GCP,eu-west-1,15.82,484.33,0
2026-04-04 04:28:00,GCP,us-east-1,10.82,455.48,0
2026-04-04 04:29:00,Azure,eu-west-1,14.7,131.51,0
2026-04-04 04:30:00,Azure,sa-east-1,121.89830919779511,207.02,0
2026-04-04 04:31:00,AWS,sa-east-1,93.36680532025579,946.43,0
2026-04-04 04:32:00,Azure,us-east-1,14.28,725.36,0
2026-04-04 04:33:00,Azure,us-east-1,7.32,468.29,0
2026-04-04 04:34:00,GCP,ap-northeast-1,16.64,914.04,0
2026-04-04 04:35:00,Azure,sa-east-1,92.6981405801938,630.9,0
2026-04-04 04:36:00,GCP,sa-east-1,63.23122287823839,771.82,0
2026-04-04 04:37:00,GCP,eu-west-1,9.44,488.44,0
2026-04-04 04:38:00,Azure,ap-northeast-1,33.8,488.38,0
2026-04-04 04:39:00,AWS,sa-east-1,79.61852358367719,161.52,0
2026-04-04 04:40:00,AWS,eu-west-1,22.44,760.58,0
2026-04-04 04:41:00,Azure,us-east-1,18.36,189.21,0
2026-04-04 04:42:00,AWS,eu-west-1,7.74,787.84,0
2026-04-04 04:43:00,GCP,sa-east-1,106.60177410973935,271.77,0
2026-04-04 04:44:00,GCP,eu-west-1,30.54,322.63,0
2026-04-04 04:45:00,Azure,eu-west-1,15.24,926.1,0
2026-04-04 04:46:00,AWS,ap-northeast-1,20.39,524.41,0
2026-04-04 04:47:00,AWS,ap-northeast-1,5.45,212.72,0
2026-04-04 04:48:00,GCP,us-east-1,17.48,914.57,0
2026-04-04 04:49:00,Azure,ap-northeast-1,7.19,507.16,0
2026-04-04 04:50:00,AWS,eu-west-1,10.91,217.5,0
2026-04-04 04:51:00,Azure,ap-northeast-1,24.8,451.74,0
2026-04-04 04:52:00,AWS,sa-east-1,82.49426332243777,630.4,0
2026-04-04 04:53:00,GCP,eu-west-1,18.31,426.11,0
2026-04-04 04:54:00,GCP,eu-west-1,11.11,931.89,0
2026-04-04 04:55:00,Azure,eu-west-1,4.65,342.72,0
2026-04-04 04:56:00,GCP,sa-east-1,73.45162522547562,258.24,0
2026-04-04 04:57:00,AWS,eu-west-1,17.12,298.86,0
2026-04-04 04:58:00,GCP,ap-northeast-1,14.4,175.37,0
2026-04-04 04:59:00,Azure,sa-east-1,87.15915323051419,507.07,0
2026-04-04 05:00:00,Azure,eu-west-1,12.98,890.5,0
2026-04-04 05:01:00,Azure,ap-northeast-1,7.8,374.81,0
2026-04-04 05:02:00,AWS,ap-northeast-1,12.03,332.5,0
2026-04-04 05:03:00,AWS,us-east-1,20.06,853.65,0
2026-04-04 05:04:00,AWS,ap-northeast-1,5.06,375.4,0
2026-04-04 05:05:00,AWS,ap-northeast-1,14.48,529.2,0
2026-04-04 05:06:00,AWS,us-east-1,6.49,128.11,0
2026-04-04 05:07:00,GCP,us-east-1,13.22,358.36,0
2026-04-04 05:08:00,AWS,sa-east-1,91.76712605969317,217.5,0
2026-04-04 05:09:00,AWS,ap-northeast-1,16.05,195.26,0
2026-04-04 05:10:00,GCP,sa-east-1,83.9891311560312,488.28,0
2026-04-04 05:11:00,AWS,sa-east-1,90.70237801095439,349.6,0
2026-04-04 05:12:00,Azure,eu-west-1,15.75,249.8,0
2026-04-04 05:13:00,AWS,sa-east-1,99.05190353216531,560.34,0
2026-04-04 05:14:00,AWS,sa-east-1,90.24556010611606,805.64,0
2026-04-04 05:15:00,Azure,sa-east-1,79.66248060353439,761.37,0
2026-04-04 05:16:00,Azure,sa-east-1,88.76189067279415,325.69,0
2026-04-04 05:17:00,Azure,us-east-1,14.71,336.82,0
2026-04-04 05:18:00,Azure,ap-northeast-1,3.08,758.71,0
2026-04-04 05:19:00,AWS,eu-west-1,18.63,601.45,0
2026-04-04 05:20:00,Azure,us-east-1,27.85,768.17,0
2026-04-04 05:21:00,Azure,eu-west-1,15.63,101.23,0
2026-04-04 05:22:00,GCP,eu-west-1,16.89,178.42,0
2026-04-04 05:23:00,Azure,us-east-1,22.25,821.77,0
2026-04-04 05:24:00,Azure,sa-east-1,73.10420049942019,866.01,0
2026-04-04 05:25:00,GCP,us-east-1,6.45,409.1,0
2026-04-04 05:26:00,GCP,eu-west-1,11.67,962.5,0
2026-04-04 05:27:00,AWS,eu-west-1,8.32,371.41,0
2026-04-04 05:28:00,GCP,sa-east-1,103.04405871838314,901.25,0
2026-04-04 05:29:00,AWS,us-east-1,13.84,479.54,0
2026-04-04 05:30:00,GCP,ap-northeast-1,9.59,605.63,0
2026-04-04 05:31:00,GCP,eu-west-1,8.53,678.95,0
2026-04-04 05:32:00,AWS,us-east-1,4.15,219.8,0
2026-04-04 05:33:00,GCP,sa-east-1,61.20575546285501,133.4,0
2026-04-04 05:34:00,AWS,sa-east-1,108.1182556325671,484.12,0
2026-04-04 05:35:00,GCP,ap-northeast-1,10.15,244.32,0
2026-04-04 05:36:00,Azure,eu-west-1,17.56,594.04,0
2026-04-04 05:37:00,GCP,ap-northeast-1,32.55,508.28,0
2026-04-04 05:38:00,AWS,ap-northeast-1,10.19,209.89,0
2026-04-04 05:39:00,GCP,ap-northeast-1,14.78,699.21,0
2026-04-04 05:40:00,AWS,ap-northeast-1,13.83,118.45,0
2026-04-04 05:41:00,AWS,sa-east-1,93.15866027489437,213.74,0
2026-04-04 05:42:00,Azure,eu-west-1,7.72,730.15,0
2026-04-04 05:43:00,Azure,ap-northeast-1,7.61,575.07,0
2026-04-04 05:44:00,AWS,eu-west-1,8.07,353.74,0
2026-04-04 05:45:00,GCP,sa-east-1,70.61979354033944,262.22,1
2026-04-04 05:46:00,AWS,sa-east-1,93.13411872599039,678.06,0
2026-04-04 05:47:00,AWS,us-east-1,7.2,285.04,0
2026-04-04 05:48:00,GCP,us-east-1,13.81,986.15,0
2026-04-04 05:49:00,GCP,eu-west-1,3.68,882.38,0
2026-04-04 05:50:00,GCP,us-east-1,11.84,218.94,0
2026-04-04 05:51:00,GCP,ap-northeast-1,10.72,873.24,0
2026-04-04 05:52:00,AWS,eu-west-1,9.28,410.54,0
2026-04-04 05:53:00,AWS,sa-east-1,114.02485824063126,540.98,0
2026-04-04 05:54:00,Azure,sa-east-1,75.77856484454256,228.54,0
2026-04-04 05:55:00,AWS,ap-northeast-1,14.18,206.72,0
2026-04-04 05:56:00,GCP,us-east-1,8.88,878.94,0
2026-04-04 05:57:00,Azure,eu-west-1,27.92,666.91,0
2026-04-04 05:58:00,GCP,eu-west-1,11.38,514.41,0
2026-04-04 05:59:00,AWS,ap-northeast-1,17.08,132.55,0
2026-04-04 06:00:00,Azure,us-east-1,16.52,929.77,0
2026-04-04 06:01:00,GCP,eu-west-1,21.6,438.48,0
2026-04-04 06:02:00,Azure,ap-northeast-1,13.11,474.98,0
2026-04-04 06:03:00,Azure,eu-west-1,6.3,360.83,0
2026-04-04 06:04:00,AWS,sa-east-1,68.70212696139923,902.16,0
2026-04-04 06:05:00,GCP,eu-west-1,13.99,410.13,0
2026-04-04 06:06:00,Azure,eu-west-1,2.67,256.82,0
2026-04-04 06:07:00,Azure,eu-west-1,5.28,550.5,0
2026-04-04 06:08:00,GCP,us-east-1,17.34,803.34,0
2026-04-04 06:09:00,Azure,us-east-1,24.78,434.2,0
2026-04-04 06:10:00,Azure,ap-northeast-1,11.69,686.84,0
2026-04-04 06:11:00,Azure,us-east-1,18.26,373.8,0
2026-04-04 06:12:00,GCP,eu-west-1,12.87,747.79,0
2026-04-04 06:13:00,GCP,eu-west-1,12.41,701.85,0
2026-04-04 06:14:00,GCP,us-east-1,11.34,712.68,0
2026-04-04 06:15:00,GCP,us-east-1,12.68,681.32,0
2026-04-04 06:16:00,AWS,eu-west-1,14.79,240.68,0
2026-04-04 06:17:00,Azure,eu-west-1,9.97,899.19,0
2026-04-04 06:18:00,GCP,sa-east-1,90.41167660399466,627.18,0
2026-04-04 06:19:00,Azure,ap-northeast-1,7.39,444.15,0
2026-04-04 06:20:00,Azure,us-east-1,28.52,255.1,0
2026-04-04 06:21:00,AWS,ap-northeast-1,10.94,805.22,0
2026-04-04 06:22:00,GCP,eu-west-1,11.87,558.14,0
2026-04-04 06:23:00,GCP,ap-northeast-1,8.9,232.56,0
2026-04-04 06:24:00,Azure,us-east-1,14.95,929.28,0
2026-04-04 06:25:00,GCP,us-east-1,10.09,195.47,0
2026-04-04 06:26:00,Azure,ap-northeast-1,9.61,571.8,0
2026-04-04 06:27:00,Azure,us-east-1,16.55,649.52,0
2026-04-04 06:28:00,AWS,sa-east-1,72.02433346449891,999.09,0
2026-04-04 06:29:00,AWS,eu-west-1,7.24,226.82,0
2026-04-04 06:30:00,AWS,eu-west-1,18.41,652.2,0
2026-04-04 06:31:00,Azure,us-east-1,22.74,529.04,0
2026-04-04 06:32:00,GCP,eu-west-1,5.04,331.4,0
2026-04-04 06:33:00,AWS,sa-east-1,67.2321076451621,947.99,0
2026-04-04 06:34:00,GCP,us-east-1,22.46,811.76,0
2026-04-04 06:35:00,AWS,sa-east-1,67.28037781671745,799.35,0
2026-04-04 06:36:00,AWS,sa-east-1,98.01926624043953,909.27,0
2026-04-04 06:37:00,Azure,eu-west-1,11.15,752.54,0
2026-04-04 06:38:00,AWS,eu-west-1,9.37,556.07,0
2026-04-04 06:39:00,AWS,ap-northeast-1,24.06,452.38,0
2026-04-04 06:40:00,Azure,sa-east-1,61.00745846149785,733.72,0
2026-04-04 06:41:00,GCP,eu-west-1,10.78,642.53,0
2026-04-04 06:42:00,AWS,sa-east-1,115.30630417868174,588.59,0
2026-04-04 06:43:00,Azure,ap-northeast-1,16.93,630.15,0
2026-04-04 06:44:00,AWS,sa-east-1,97.27580764855023,689.81,0
2026-04-04 06:45:00,Azure,us-east-1,13.88,971.83,0
2026-04-04 06:46:00,GCP,ap-northeast-1,10.53,777.84,0
2026-04-04 06:47:00,GCP,ap-northeast-1,5.25,258.79,0
2026-04-04 06:48:00,Azure,sa-east-1,80.64666664042095,520.09,0
2026-04-04 06:49:00,Azure,sa-east-1,94.90110158961319,710.42,0
2026-04-04 06:50:00,Azure,eu-west-1,8.76,258.09,0
2026-04-04 06:51:00,GCP,us-east-1,6.68,939.44,0
2026-04-04 06:52:00,AWS,ap-northeast-1,17.94,169.32,0
2026-04-04 06:53:00,GCP,ap-northeast-1,14.16,649.88,0
2026-04-04 06:54:00,Azure,ap-northeast-1,26.29,978.34,0
2026-04-04 06:55:00,Azure,eu-west-1,7.68,755.08,0
2026-04-04 06:56:00,GCP,us-east-1,12.96,709.53,0
2026-04-04 06:57:00,Azure,ap-northeast-1,7.02,997.68,0
2026-04-04 06:58:00,GCP,ap-northeast-1,8.88,812.62,0
2026-04-04 06:59:00,Azure,eu-west-1,9.98,973.26,0
2026-04-04 07:00:00,AWS,sa-east-1,103.5480900212248,729.0,0
2026-04-04 07:01:00,AWS,ap-northeast-1,14.61,698.91,0
2026-04-04 07:02:00,Azure,us-east-1,11.43,786.31,0
2026-04-04 07:03:00,GCP,us-east-1,20.89,269.88,0
2026-04-04 07:04:00,AWS,us-east-1,17.06,825.21,0
2026-04-04 07:05:00,GCP,us-east-1,11.85,973.13,0
2026-04-04 07:06:00,Azure,eu-west-1,17.07,650.48,0
2026-04-04 07:07:00,GCP,ap-northeast-1,10.46,111.12,0
2026-04-04 07:08:00,AWS,eu-west-1,54.21,164.88,0
2026-04-04 07:09:00,GCP,us-east-1,22.42,311.24,0
2026-04-04 07:10:00,GCP,us-east-1,9.94,541.99,0
2026-04-04 07:11:00,Azure,us-east-1,17.81,472.38,0
2026-04-04 07:12:00,Azure,eu-west-1,16.03,981.29,0
2026-04-04 07:13:00,Azure,us-east-1,14.04,951.03,0
2026-04-04 07:14:00,AWS,ap-northeast-1,15.76,453.45,1
2026-04-04 07:15:00,AWS,us-east-1,8.12,814.88,0
2026-04-04 07:16:00,Azure,ap-northeast-1,9.8,672.73,0
2026-04-04 07:17:00,Azure,ap-northeast-1,27.92,318.82,0
2026-04-04 07:18:00,AWS,us-east-1,13.49,938.06,0
2026-04-04 07:19:00,AWS,eu-west-1,8.58,333.57,0
2026-04-04 07:20:00,AWS,sa-east-1,93.71407619324302,883.31,0
2026-04-04 07:21:00,AWS,sa-east-1,100.40580581976764,673.88,0
2026-04-04 07:22:00,Azure,ap-northeast-1,19.08,659.01,0
2026-04-04 07:23:00,AWS,eu-west-1,9.2,854.57,0
2026-04-04 07:24:00,Azure,sa-east-1,96.670124437701,544.88,0
2026-04-04 07:25:00,GCP,us-east-1,8.75,868.04,0
2026-04-04 07:26:00,GCP,us-east-1,36.74,595.21,0
2026-04-04 07:27:00,AWS,ap-northeast-1,16.69,986.18,0
2026-04-04 07:28:00,GCP,eu-west-1,16.36,693.94,0
2026-04-04 07:29:00,GCP,eu-west-1,17.27,436.65,0
2026-04-04 07:30:00,GCP,sa-east-1,64.22554213190827,787.03,0
2026-04-04 07:31:00,AWS,sa-east-1,78.24427854207403,558.91,0
2026-04-04 07:32:00,AWS,us-east-1,11.78,825.42,0
2026-04-04 07:33:00,GCP,ap-northeast-1,29.56,850.12,0
2026-04-04 07:34:00,Azure,eu-west-1,10.36,655.22,0
2026-04-04 07:35:00,GCP,sa-east-1,95.91524657155229,884.97,0
2026-04-04 07:36:00,AWS,sa-east-1,73.06142861059674,463.08,0
2026-04-04 07:37:00,AWS,ap-northeast-1,13.93,151.64,0
2026-04-04 07:38:00,AWS,ap-northeast-1,5.29,696.38,0
2026-04-04 07:39:00,GCP,us-east-1,7.45,788.01,0
2026-04-04 07:40:00,Azure,ap-northeast-1,25.92,165.52,0
2026-04-04 07:41:00,AWS,us-east-1,6.4,793.82,0
2026-04-04 07:42:00,AWS,us-east-1,19.03,675.25,0
2026-04-04 07:43:00,GCP,ap-northeast-1,44.7,204.77,0
2026-04-04 07:44:00,Azure,ap-northeast-1,16.06,585.95,0
2026-04-04 07:45:00,GCP,ap-northeast-1,35.28,197.87,0
2026-04-04 07:46:00,AWS,ap-northeast-1,17.22,389.46,0
2026-04-04 07:47:00,Azure,ap-northeast-1,13.89,823.59,0
2026-04-04 07:48:00,Azure,us-east-1,14.69,190.71,0
2026-04-04 07:49:00,AWS,sa-east-1,110.35465151004948,513.45,0
2026-04-04 07:50:00,Azure,eu-west-1,10.98,645.14,0
2026-04-04 07:51:00,Azure,eu-west-1,9.37,946.46,0
2026-04-04 07:52:00,GCP,us-east-1,15.05,763.54,0
2026-04-04 07:53:00,AWS,us-east-1,36.61,225.32,0
2026-04-04 07:54:00,AWS,sa-east-1,75.6447097663297,971.98,0
2026-04-04 07:55:00,AWS,ap-northeast-1,13.5,530.16,0
2026-04-04 07:56:00,AWS,us-east-1,16.56,432.75,0
2026-04-04 07:57:00,AWS,eu-west-1,11.67,215.84,0
2026-04-04 07:58:00,Azure,ap-northeast-1,24.8,940.13,0
2026-04-04 07:59:00,GCP,us-east-1,5.39,627.59,0
2026-04-04 08:00:00,AWS,ap-northeast-1,31.99,989.19,0
2026-04-04 08:01:00,GCP,eu-west-1,9.28,256.48,0
2026-04-04 08:02:00,GCP,ap-northeast-1,10.05,591.25,0
2026-04-04 08:03:00,Azure,us-east-1,6.61,198.9,0
2026-04-04 08:04:00,AWS,us-east-1,13.16,571.85,0
2026-04-04 08:05:00,Azure,eu-west-1,8.67,900.81,0
2026-04-04 08:06:00,AWS,sa-east-1,109.22630127817123,198.39,0
2026-04-04 08:07:00,Azure,sa-east-1,69.19216924583112,342.68,0
2026-04-04 08:08:00,GCP,ap-northeast-1,8.61,714.16,0
2026-04-04 08:09:00,AWS,us-east-1,7.86,168.66,0
2026-04-04 08:10:00,GCP,us-east-1,8.84,508.59,0
2026-04-04 08:11:00,GCP,eu-west-1,7.59,399.76,0
2026-04-04 08:12:00,Azure,eu-west-1,10.59,854.33,0
2026-04-04 08:13:00,AWS,us-east-1,8.0,144.17,0
2026-04-04 08:14:00,GCP,eu-west-1,21.85,877.06,0
2026-04-04 08:15:00,Azure,sa-east-1,90.04362579510294,733.27,0
2026-04-04 08:16:00,AWS,sa-east-1,87.25218348311994,367.47,0
2026-04-04 08:17:00,AWS,ap-northeast-1,16.31,277.99,0
2026-04-04 08:18:00,GCP,eu-west-1,4.82,955.16,0
2026-04-04 08:19:00,AWS,ap-northeast-1,17.4,598.52,0
2026-04-04 08:20:00,GCP,eu-west-1,5.19,410.3,0
2026-04-04 08:21:00,AWS,eu-west-1,8.03,140.02,0
2026-04-04 08:22:00,Azure,sa-east-1,98.6511603883855,249.21,0
2026-04-04 08:23:00,GCP,us-east-1,12.97,638.35,0
2026-04-04 08:24:00,GCP,eu-west-1,10.28,561.8,0
2026-04-04 08:25:00,AWS,eu-west-1,5.0,781.85,0
2026-04-04 08:26:00,AWS,eu-west-1,19.73,851.35,1
2026-04-04 08:27:00,GCP,us-east-1,15.14,457.46,0
2026-04-04 08:28:00,AWS,ap-northeast-1,7.94,190.84,0
2026-04-04 08:29:00,Azure,ap-northeast-1,7.53,812.38,0
2026-04-04 08:30:00,AWS,eu-west-1,20.36,598.37,0
2026-04-04 08:31:00,Azure,eu-west-1,14.16,981.81,0
2026-04-04 08:32:00,Azure,ap-northeast-1,6.17,816.71,0
2026-04-04 08:33:00,Azure,ap-northeast-1,8.46,396.17,0
2026-04-04 08:34:00,Azure,sa-east-1,120.51791954689271,485.64,0
2026-04-04 08:35:00,Azure,eu-west-1,20.11,312.02,0
2026-04-04 08:36:00,AWS,ap-northeast-1,12.19,560.8,0
2026-04-04 08:37:00,Azure,sa-east-1,63.98002080877051,739.65,0
2026-04-04 08:38:00,AWS,us-east-1,4.11,651.24,0
2026-04-04 08:39:00,Azure,eu-west-1,23.41,407.88,0
2026-04-04 08:40:00,GCP,ap-northeast-1,9.72,840.97,0
2026-04-04 08:41:00,Azure,eu-west-1,8.13,194.55,0
2026-04-04 08:42:00,GCP,sa-east-1,93.79302852492903,228.3,0
2026-04-04 08:43:00,Azure,ap-northeast-1,8.89,463.74,0
2026-04-04 08:44:00,Azure,us-east-1,4.9,732.02,0
2026-04-04 08:45:00,Azure,us-east-1,14.95,724.77,0
2026-04-04 08:46:00,GCP,sa-east-1,102.82698876487936,429.87,0
2026-04-04 08:47:00,GCP,us-east-1,11.83,726.95,0
2026-04-04 08:48:00,Azure,us-east-1,14.28,154.53,0
2026-04-04 08:49:00,AWS,us-east-1,10.6,361.02,0
2026-04-04 08:50:00,Azure,us-east-1,10.63,724.4,0
2026-04-04 08:51:00,GCP,us-east-1,26.46,265.64,0
2026-04-04 08:52:00,Azure,us-east-1,26.65,291.44,0
2026-04-04 08:53:00,GCP,us-east-1,7.7,178.19,0
2026-04-04 08:54:00,GCP,ap-northeast-1,9.05,428.02,0
2026-04-04 08:55:00,GCP,us-east-1,9.3,842.43,0
2026-04-04 08:56:00,Azure,ap-northeast-1,11.99,852.72,0
2026-04-04 08:57:00,GCP,eu-west-1,11.69,876.13,0
2026-04-04 08:58:00,GCP,sa-east-1,89.63916217564488,133.03,0
2026-04-04 08:59:00,Azure,us-east-1,11.1,994.14,0
2026-04-04 09:00:00,GCP,sa-east-1,61.153417233942484,552.38,0
2026-04-04 09:01:00,Azure,us-east-1,9.08,885.45,0
2026-04-04 09:02:00,GCP,ap-northeast-1,14.68,914.6,0
2026-04-04 09:03:00,AWS,us-east-1,10.71,563.05,0
2026-04-04 09:04:00,AWS,eu-west-1,14.25,145.98,0
2026-04-04 09:05:00,GCP,sa-east-1,99.32825042125812,637.72,0
2026-04-04 09:06:00,AWS,sa-east-1,104.57208952923212,400.68,0
2026-04-04 09:07:00,Azure,eu-west-1,11.66,286.09,0
2026-04-04 09:08:00,AWS,ap-northeast-1,6.63,264.25,0
2026-04-04 09:09:00,GCP,ap-northeast-1,10.24,603.34,0
2026-04-04 09:10:00,GCP,eu-west-1,36.81,194.03,0
2026-04-04 09:11:00,Azure,sa-east-1,92.10772517523304,839.48,0
2026-04-04 09:12:00,GCP,us-east-1,6.82,304.56,0
2026-04-04 09:13:00,Azure,ap-northeast-1,29.64,594.36,0
2026-04-04 09:14:00,AWS,us-east-1,13.05,212.91,0
2026-04-04 09:15:00,AWS,sa-east-1,101.05236036732967,873.67,0
2026-04-04 09:16:00,Azure,us-east-1,10.58,722.88,0
2026-04-04 09:17:00,Azure,eu-west-1,12.53,285.87,0
2026-04-04 09:18:00,GCP,ap-northeast-1,20.95,744.17,0
2026-04-04 09:19:00,AWS,ap-northeast-1,13.4,174.61,0
2026-04-04 09:20:00,Azure,eu-west-1,14.39,795.0,0
2026-04-04 09:21:00,AWS,eu-west-1,22.32,541.31,0
2026-04-04 09:22:00,Azure,ap-northeast-1,9.98,208.17,0
2026-04-04 09:23:00,AWS,ap-northeast-1,14.17,595.43,0
2026-04-04 09:24:00,GCP,ap-northeast-1,15.17,280.78,0
2026-04-04 09:25:00,AWS,sa-east-1,90.2250545272997,705.5,0
2026-04-04 09:26:00,AWS,sa-east-1,89.39801490285959,737.76,0
2026-04-04 09:27:00,AWS,sa-east-1,99.71276318999594,784.76,0
2026-04-04 09:28:00,AWS,us-east-1,19.89,905.38,0
2026-04-04 09:29:00,AWS,sa-east-1,64.146996173243,689.45,0
2026-04-04 09:30:00,GCP,ap-northeast-1,15.29,542.59,0
2026-04-04 09:31:00,Azure,sa-east-1,74.72499301940246,868.8,0
2026-04-04 09:32:00,AWS,ap-northeast-1,8.64,909.86,0
2026-04-04 09:33:00,GCP,eu-west-1,27.42,803.58,0
2026-04-04 09:34:00,AWS,us-east-1,28.74,948.19,0
2026-04-04 09:35:00,AWS,us-east-1,7.69,981.49,0
2026-04-04 09:36:00,Azure,eu-west-1,18.17,326.18,0
2026-04-04 09:37:00,AWS,ap-northeast-1,11.46,265.33,0
2026-04-04 09:38:00,GCP,us-east-1,8.7,503.73,0
2026-04-04 09:39:00,GCP,sa-east-1,86.85678173198875,997.23,0
2026-04-04 09:40:00,Azure,ap-northeast-1,18.48,179.63,0
2026-04-04 09:41:00,AWS,us-east-1,13.2,740.79,0
2026-04-04 09:42:00,GCP,eu-west-1,10.16,865.75,0
2026-04-04 09:43:00,AWS,ap-northeast-1,23.68,996.8,0
2026-04-04 09:44:00,AWS,us-east-1,24.11,657.74,0
2026-04-04 09:45:00,AWS,eu-west-1,8.66,442.09,0
2026-04-04 09:46:00,Azure,ap-northeast-1,12.75,249.84,0
2026-04-04 09:47:00,AWS,sa-east-1,59.801653800674764,983.59,0
2026-04-04 09:48:00,GCP,ap-northeast-1,18.5,931.78,0
2026-04-04 09:49:00,AWS,sa-east-1,123.4535796340194,824.07,0
2026-04-04 09:50:00,GCP,ap-northeast-1,14.8,949.4,0
2026-04-04 09:51:00,AWS,eu-west-1,7.26,154.77,0
2026-04-04 09:52:00,GCP,sa-east-1,92.99655003910436,668.34,0
2026-04-04 09:53:00,GCP,sa-east-1,131.0072276241617,347.32,0
2026-04-04 09:54:00,AWS,ap-northeast-1,9.82,789.03,0
2026-04-04 09:55:00,AWS,us-east-1,15.22,186.14,0
2026-04-04 09:56:00,GCP,sa-east-1,92.05258047495255,332.85,0
2026-04-04 09:57:00,Azure,ap-northeast-1,18.06,865.23,0
2026-04-04 09:58:00,AWS,eu-west-1,12.48,774.5,0
2026-04-04 09:59:00,Azure,ap-northeast-1,29.93,992.82,0
2026-04-04 10:00:00,AWS,ap-northeast-1,5.57,679.59,0
2026-04-04 10:01:00,AWS,sa-east-1,101.83592792334143,372.77,0
2026-04-04 10:02:00,AWS,us-east-1,12.09,593.1,0
2026-04-04 10:03:00,AWS,eu-west-1,29.13,949.57,0
2026-04-04 10:04:00,Azure,sa-east-1,93.75924638080751,686.59,0
2026-04-04 10:05:00,AWS,sa-east-1,96.50623083262805,893.35,0
2026-04-04 10:06:00,GCP,sa-east-1,138.0449303239914,120.6,0
2026-04-04 10:07:00,GCP,eu-west-1,16.07,432.6,0
2026-04-04 10:08:00,Azure,us-east-1,6.85,941.78,0
2026-04-04 10:09:00,AWS,eu-west-1,11.63,135.36,0
2026-04-04 10:10:00,GCP,eu-west-1,19.76,567.19,0
2026-04-04 10:11:00,Azure,us-east-1,22.79,411.88,0
2026-04-04 10:12:00,AWS,eu-west-1,11.79,681.58,0
2026-04-04 10:13:00,GCP,ap-northeast-1,15.82,246.0,0
2026-04-04 10:14:00,GCP,eu-west-1,11.45,687.97,0
2026-04-04 10:15:00,Azure,sa-east-1,109.13476411164845,992.66,0
2026-04-04 10:16:00,AWS,eu-west-1,17.5,344.05,0
2026-04-04 10:17:00,AWS,sa-east-1,106.91257702786012,515.29,0
2026-04-04 10:18:00,GCP,eu-west-1,6.9,126.73,0
2026-04-04 10:19:00,GCP,sa-east-1,72.19425192090965,490.64,0
2026-04-04 10:20:00,GCP,sa-east-1,86.1150811398975,465.39,0
2026-04-04 10:21:00,AWS,sa-east-1,64.65373596204198,608.24,0
2026-04-04 10:22:00,Azure,us-east-1,7.17,331.09,0
2026-04-04 10:23:00,Azure,eu-west-1,12.34,395.79,0
2026-04-04 10:24:00,AWS,eu-west-1,7.13,648.91,0
2026-04-04 10:25:00,Azure,ap-northeast-1,7.01,917.63,0
2026-04-04 10:26:00,GCP,ap-northeast-1,11.14,311.68,0
2026-04-04 10:27:00,Azure,ap-northeast-1,7.47,709.71,0
2026-04-04 10:28:00,Azure,eu-west-1,15.71,571.5,0
2026-04-04 10:29:00,Azure,us-east-1,9.59,194.15,0
2026-04-04 10:30:00,GCP,sa-east-1,73.44350347838454,608.89,0
2026-04-04 10:31:00,AWS,eu-west-1,38.97,737.93,0
2026-04-04 10:32:00,GCP,us-east-1,4.19,638.43,0
2026-04-04 10:33:00,AWS,us-east-1,18.69,193.97,0
2026-04-04 10:34:00,AWS,eu-west-1,14.48,869.09,0
2026-04-04 10:35:00,AWS,sa-east-1,99.01939687261094,136.9,0
2026-04-04 10:36:00,Azure,us-east-1,7.74,312.4,0
2026-04-04 10:37:00,Azure,eu-west-1,28.91,654.14,0
2026-04-04 10:38:00,AWS,sa-east-1,85.9283962894651,296.21,0
2026-04-04 10:39:00,AWS,ap-northeast-1,10.52,191.62,0
2026-04-04 10:40:00,Azure,us-east-1,9.79,560.73,0
2026-04-04 10:41:00,GCP,us-east-1,21.42,750.21,0
2026-04-04 10:42:00,AWS,eu-west-1,10.77,469.68,0
2026-04-04 10:43:00,GCP,eu-west-1,16.31,728.61,0
2026-04-04 10:44:00,Azure,sa-east-1,97.14320816449674,874.59,0
2026-04-04 10:45:00,AWS,ap-northeast-1,12.41,962.92,0
2026-04-04 10:46:00,GCP,ap-northeast-1,13.23,309.94,0
2026-04-04 10:47:00,GCP,eu-west-1,14.66,644.83,0
2026-04-04 10:48:00,GCP,eu-west-1,7.07,340.19,0
2026-04-04 10:49:00,Azure,sa-east-1,93.31931695403854,883.83,0
2026-04-04 10:50:00,Azure,eu-west-1,13.64,901.26,0
2026-04-04 10:51:00,GCP,sa-east-1,104.69954286465372,389.94,0
2026-04-04 10:52:00,GCP,sa-east-1,136.67330059697667,680.81,0
2026-04-04 10:53:00,Azure,ap-northeast-1,13.02,898.91,0
2026-04-04 10:54:00,GCP,sa-east-1,75.25112554319371,557.53,0
2026-04-04 10:55:00,GCP,ap-northeast-1,2.98,748.42,0
2026-04-04 10:56:00,Azure,ap-northeast-1,18.37,820.77,0
2026-04-04 10:57:00,GCP,ap-northeast-1,13.07,884.71,0
2026-04-04 10:58:00,GCP,eu-west-1,25.04,563.69,0
2026-04-04 10:59:00,GCP,ap-northeast-1,8.83,947.64,0
2026-04-04 11:00:00,Azure,sa-east-1,99.74890023009435,666.06,0
2026-04-04 11:01:00,GCP,eu-west-1,14.01,236.55,0
2026-04-04 11:02:00,Azure,sa-east-1,92.54393746049506,651.21,0
2026-04-04 11:03:00,Azure,eu-west-1,10.82,368.63,0
2026-04-04 11:04:00,AWS,sa-east-1,96.84754214596046,434.88,0
2026-04-04 11:05:00,AWS,us-east-1,8.03,827.97,0
2026-04-04 11:06:00,GCP,us-east-1,15.92,976.01,0
2026-04-04 11:07:00,Azure,us-east-1,30.39,882.87,0
2026-04-04 11:08:00,AWS,sa-east-1,81.55713814143326,393.22,0
2026-04-04 11:09:00,GCP,eu-west-1,4.94,508.29,0
2026-04-04 11:10:00,AWS,ap-northeast-1,9.54,985.15,0
2026-04-04 11:11:00,AWS,ap-northeast-1,14.09,931.18,0
2026-04-04 11:12:00,Azure,sa-east-1,100.06412016234412,979.25,0
2026-04-04 11:13:00,Azure,sa-east-1,106.88484550108288,489.63,0
2026-04-04 11:14:00,AWS,sa-east-1,94.94254720173507,820.51,0
2026-04-04 11:15:00,AWS,sa-east-1,93.92790034935163,884.1,0
2026-04-04 11:16:00,Azure,ap-northeast-1,14.37,139.84,0
2026-04-04 11:17:00,GCP,eu-west-1,14.55,339.48,1
2026-04-04 11:18:00,Azure,ap-northeast-1,23.49,895.14,0
2026-04-04 11:19:00,AWS,sa-east-1,114.37689408348427,449.87,0
2026-04-04 11:20:00,GCP,us-east-1,17.2,350.76,0
2026-04-04 11:21:00,AWS,ap-northeast-1,18.63,345.42,0
2026-04-04 11:22:00,GCP,us-east-1,6.65,437.86,0
2026-04-04 11:23:00,AWS,us-east-1,11.18,319.57,0
2026-04-04 11:24:00,GCP,sa-east-1,84.0784500421513,103.03,0
2026-04-04 11:25:00,GCP,ap-northeast-1,8.79,255.34,0
2026-04-04 11:26:00,AWS,eu-west-1,11.17,894.32,0
2026-04-04 11:27:00,GCP,ap-northeast-1,3.94,168.08,0
2026-04-04 11:28:00,Azure,eu-west-1,11.37,471.7,0
2026-04-04 11:29:00,AWS,eu-west-1,8.24,510.84,0
2026-04-04 11:30:00,Azure,sa-east-1,61.586220137461694,800.34,0
2026-04-04 11:31:00,AWS,eu-west-1,12.78,327.33,0
2026-04-04 11:32:00,GCP,ap-northeast-1,10.03,378.68,0
2026-04-04 11:33:00,GCP,ap-northeast-1,14.45,112.85,0
2026-04-04 11:34:00,GCP,us-east-1,8.81,912.55,0
2026-04-04 11:35:00,AWS,eu-west-1,11.16,717.0,0
2026-04-04 11:36:00,Azure,sa-east-1,94.36245747564723,336.56,0
2026-04-04 11:37:00,Azure,sa-east-1,106.52521078065787,898.76,0
2026-04-04 11:38:00,AWS,ap-northeast-1,7.98,177.92,0
2026-04-04 11:39:00,AWS,eu-west-1,22.64,431.56,0
2026-04-04 11:40:00,Azure,sa-east-1,78.05515672410581,607.24,0
2026-04-04 11:41:00,Azure,eu-west-1,16.43,554.96,0
2026-04-04 11:42:00,Azure,eu-west-1,8.24,689.42,0
2026-04-04 11:43:00,Azure,us-east-1,20.42,367.84,0
2026-04-04 11:44:00,AWS,sa-east-1,109.07587408623169,782.06,0
2026-04-04 11:45:00,AWS,us-east-1,23.94,464.9,0
2026-04-04 11:46:00,GCP,sa-east-1,67.17544437040368,212.77,0
2026-04-04 11:47:00,Azure,eu-west-1,10.59,766.36,0
2026-04-04 11:48:00,GCP,sa-east-1,104.58689677715977,920.75,0
2026-04-04 11:49:00,AWS,ap-northeast-1,24.66,427.98,0
2026-04-04 11:50:00,AWS,eu-west-1,39.81,630.69,0
2026-04-04 11:51:00,GCP,sa-east-1,105.73583082775177,719.04,0
2026-04-04 11:52:00,Azure,us-east-1,9.93,848.37,0
2026-04-04 11:53:00,Azure,us-east-1,8.08,278.19,0
2026-04-04 11:54:00,Azure,eu-west-1,5.81,612.98,0
2026-04-04 11:55:00,Azure,us-east-1,7.37,766.33,0
2026-04-04 11:56:00,GCP,eu-west-1,13.71,279.21,0
2026-04-04 11:57:00,GCP,eu-west-1,20.64,525.23,0
2026-04-04 11:58:00,AWS,eu-west-1,7.75,517.93,0
2026-04-04 11:59:00,Azure,sa-east-1,83.3814285946998,855.41,0
2026-04-04 12:00:00,Azure,eu-west-1,7.92,799.58,0
2026-04-04 12:01:00,Azure,us-east-1,8.41,308.73,0
2026-04-04 12:02:00,GCP,ap-northeast-1,7.14,309.66,0
2026-04-04 12:03:00,Azure,sa-east-1,100.79116024112173,751.02,0
2026-04-04 12:04:00,GCP,us-east-1,27.2,765.65,0
2026-04-04 12:05:00,Azure,eu-west-1,8.46,261.01,0
2026-04-04 12:06:00,Azure,eu-west-1,8.13,470.06,0
2026-04-04 12:07:00,AWS,ap-northeast-1,16.63,843.19,0
2026-04-04 12:08:00,Azure,us-east-1,28.91,171.48,0
2026-04-04 12:09:00,Azure,sa-east-1,124.91877320785294,436.51,0
2026-04-04 12:10:00,AWS,us-east-1,10.05,680.09,0
2026-04-04 12:11:00,GCP,eu-west-1,11.11,793.98,0
2026-04-04 12:12:00,GCP,sa-east-1,104.33774511857304,687.39,0
2026-04-04 12:13:00,Azure,eu-west-1,9.99,457.77,0
2026-04-04 12:14:00,GCP,eu-west-1,12.79,992.76,0
2026-04-04 12:15:00,Azure,us-east-1,6.2,137.38,0
2026-04-04 12:16:00,AWS,ap-northeast-1,9.28,545.28,0
2026-04-04 12:17:00,AWS,eu-west-1,13.61,559.05,0
2026-04-04 12:18:00,Azure,us-east-1,5.7,315.81,0
2026-04-04 12:19:00,AWS,sa-east-1,111.90559671724266,602.84,0
2026-04-04 12:20:00,AWS,ap-northeast-1,20.29,298.05,0
2026-04-04 12:21:00,Azure,eu-west-1,16.2,499.07,0
2026-04-04 12:22:00,Azure,eu-west-1,9.5,488.47,0
2026-04-04 12:23:00,AWS,sa-east-1,85.63533437284997,795.81,0
2026-04-04 12:24:00,GCP,us-east-1,24.38,948.33,0
2026-04-04 12:25:00,GCP,eu-west-1,14.28,282.56,0
2026-04-04 12:26:00,Azure,sa-east-1,66.10716649826385,992.37,0
2026-04-04 12:27:00,Azure,eu-west-1,8.94,946.28,0
2026-04-04 12:28:00,GCP,us-east-1,9.94,201.39,0
2026-04-04 12:29:00,AWS,ap-northeast-1,20.82,921.13,0
2026-04-04 12:30:00,GCP,us-east-1,30.71,608.12,1
2026-04-04 12:31:00,GCP,us-east-1,9.9,891.06,0
2026-04-04 12:32:00,GCP,us-east-1,11.18,951.07,0
2026-04-04 12:33:00,GCP,sa-east-1,63.94950093367598,873.02,0
2026-04-04 12:34:00,Azure,eu-west-1,9.82,462.59,0
2026-04-04 12:35:00,Azure,ap-northeast-1,6.49,673.08,0
2026-04-04 12:36:00,AWS,sa-east-1,72.19383270984392,518.29,0
2026-04-04 12:37:00,AWS,us-east-1,6.46,429.8,0
2026-04-04 12:38:00,AWS,ap-northeast-1,9.26,325.64,0
2026-04-04 12:39:00,AWS,us-east-1,11.82,497.36,0
2026-04-04 12:40:00,GCP,us-east-1,6.32,825.37,0
2026-04-04 12:41:00,Azure,us-east-1,8.27,859.62,0
2026-04-04 12:42:00,Azure,ap-northeast-1,6.94,962.2,0
2026-04-04 12:43:00,AWS,eu-west-1,21.11,361.55,0
2026-04-04 12:44:00,AWS,us-east-1,24.84,685.36,0
2026-04-04 12:45:00,GCP,eu-west-1,8.21,724.4,0
2026-04-04 12:46:00,GCP,ap-northeast-1,48.5,272.2,0
2026-04-04 12:47:00,AWS,ap-northeast-1,7.64,430.19,0
2026-04-04 12:48:00,Azure,us-east-1,9.86,408.03,0
2026-04-04 12:49:00,Azure,eu-west-1,15.59,987.32,0
2026-04-04 12:50:00,Azure,eu-west-1,16.34,962.54,0
2026-04-04 12:51:00,AWS,us-east-1,10.39,839.59,0
2026-04-04 12:52:00,Azure,sa-east-1,104.6339080357839,525.55,0
2026-04-04 12:53:00,GCP,sa-east-1,112.30186569708155,337.66,0
2026-04-04 12:54:00,GCP,ap-northeast-1,12.14,924.37,0
2026-04-04 12:55:00,AWS,ap-northeast-1,11.3,341.24,0
2026-04-04 12:56:00,GCP,sa-east-1,61.49628600189553,569.75,0
2026-04-04 12:57:00,AWS,sa-east-1,101.760265075737,320.57,0
2026-04-04 12:58:00,Azure,sa-east-1,95.52518510948369,974.13,0
2026-04-04 12:59:00,Azure,us-east-1,15.99,137.59,1
2026-04-04 13:00:00,Azure,us-east-1,12.19,256.91,0
2026-04-04 13:01:00,GCP,us-east-1,10.78,788.54,0
2026-04-04 13:02:00,AWS,us-east-1,9.16,236.3,0
2026-04-04 13:03:00,Azure,us-east-1,9.26,981.41,0
2026-04-04 13:04:00,AWS,us-east-1,11.91,389.22,0
2026-04-04 13:05:00,Azure,ap-northeast-1,11.45,926.78,0
2026-04-04 13:06:00,GCP,eu-west-1,12.18,696.05,0
2026-04-04 13:07:00,GCP,ap-northeast-1,9.75,670.71,0
2026-04-04 13:08:00,AWS,eu-west-1,8.71,923.84,0
2026-04-04 13:09:00,GCP,ap-northeast-1,12.23,561.95,0
2026-04-04 13:10:00,GCP,ap-northeast-1,16.86,460.7,0
2026-04-04 13:11:00,AWS,us-east-1,9.45,295.86,0
2026-04-04 13:12:00,Azure,us-east-1,3.69,230.08,0
2026-04-04 13:13:00,GCP,eu-west-1,6.15,812.59,0
2026-04-04 13:14:00,AWS,eu-west-1,20.85,215.14,0
2026-04-04 13:15:00,GCP,us-east-1,20.02,454.62,0
2026-04-04 13:16:00,GCP,ap-northeast-1,16.83,468.3,0
2026-04-04 13:17:00,GCP,eu-west-1,15.74,698.05,0
2026-04-04 13:18:00,GCP,sa-east-1,96.77428881692727,350.66,0
2026-04-04 13:19:00,AWS,sa-east-1,109.75801596398095,854.41,0
2026-04-04 13:20:00,AWS,sa-east-1,76.31930730737798,286.74,0
2026-04-04 13:21:00,AWS,eu-west-1,8.28,810.23,1
2026-04-04 13:22:00,GCP,us-east-1,11.16,864.78,0
2026-04-04 13:23:00,GCP,us-east-1,31.44,273.86,0
2026-04-04 13:24:00,GCP,us-east-1,8.06,828.47,0
2026-04-04 13:25:00,AWS,eu-west-1,6.8,742.37,0
2026-04-04 13:26:00,GCP,eu-west-1,11.06,886.94,0
2026-04-04 13:27:00,Azure,sa-east-1,70.87039174949474,558.97,0
2026-04-04 13:28:00,GCP,eu-west-1,13.92,310.47,0
2026-04-04 13:29:00,Azure,sa-east-1,84.85014276523586,920.84,0
2026-04-04 13:30:00,GCP,sa-east-1,86.42603653275958,811.04,0
2026-04-04 13:31:00,AWS,us-east-1,34.93,118.89,0
2026-04-04 13:32:00,GCP,eu-west-1,22.54,945.47,0
2026-04-04 13:33:00,Azure,us-east-1,8.32,953.67,0
2026-04-04 13:34:00,Azure,us-east-1,11.71,419.77,0
2026-04-04 13:35:00,GCP,eu-west-1,15.87,109.02,0
2026-04-04 13:36:00,Azure,eu-west-1,8.05,597.28,0
2026-04-04 13:37:00,Azure,ap-northeast-1,4.34,922.31,0
2026-04-04 13:38:00,AWS,sa-east-1,101.3118615401656,212.0,0
2026-04-04 13:39:00,GCP,ap-northeast-1,7.0,631.46,0
2026-04-04 13:40:00,GCP,sa-east-1,110.13505491079167,758.59,0
2026-04-04 13:41:00,GCP,sa-east-1,112.01452152184939,221.22,0
2026-04-04 13:42:00,Azure,sa-east-1,106.43338373846669,561.95,0
2026-04-04 13:43:00,GCP,us-east-1,32.46,179.92,0
2026-04-04 13:44:00,GCP,us-east-1,12.58,602.31,0
2026-04-04 13:45:00,AWS,eu-west-1,13.05,497.9,0
2026-04-04 13:46:00,AWS,sa-east-1,96.56255728942223,338.23,0
2026-04-04 13:47:00,AWS,sa-east-1,84.64562270371837,867.77,0
2026-04-04 13:48:00,Azure,sa-east-1,91.47075993356628,443.61,0
2026-04-04 13:49:00,GCP,us-east-1,23.3,729.84,0
2026-04-04 13:50:00,AWS,eu-west-1,4.8,811.61,0
2026-04-04 13:51:00,AWS,us-east-1,13.1,260.77,0
2026-04-04 13:52:00,AWS,ap-northeast-1,12.69,207.2,0
2026-04-04 13:53:00,GCP,ap-northeast-1,22.66,107.05,0
2026-04-04 13:54:00,GCP,ap-northeast-1,20.25,375.23,0
2026-04-04 13:55:00,GCP,eu-west-1,13.07,834.36,0
2026-04-04 13:56:00,Azure,ap-northeast-1,11.63,795.49,0
2026-04-04 13:57:00,Azure,eu-west-1,8.5,884.63,0
2026-04-04 13:58:00,AWS,us-east-1,6.87,784.54,0
2026-04-04 13:59:00,GCP,us-east-1,8.91,121.59,0
2026-04-04 14:00:00,AWS,eu-west-1,7.0,446.97,0
2026-04-04 14:01:00,GCP,us-east-1,11.56,105.33,0
2026-04-04 14:02:00,GCP,us-east-1,11.97,132.45,0
2026-04-04 14:03:00,GCP,eu-west-1,10.62,530.7,0
2026-04-04 14:04:00,Azure,ap-northeast-1,12.87,424.0,0
2026-04-04 14:05:00,Azure,eu-west-1,9.68,602.67,0
2026-04-04 14:06:00,GCP,sa-east-1,77.88457169464306,159.54,0
2026-04-04 14:07:00,AWS,us-east-1,13.66,629.47,0
2026-04-04 14:08:00,GCP,eu-west-1,9.56,158.5,0
2026-04-04 14:09:00,GCP,us-east-1,6.8,481.32,0
2026-04-04 14:10:00,AWS,ap-northeast-1,11.7,417.12,0
2026-04-04 14:11:00,GCP,us-east-1,21.55,301.55,0
2026-04-04 14:12:00,AWS,eu-west-1,16.36,380.77,0
2026-04-04 14:13:00,Azure,ap-northeast-1,17.8,100.47,0
2026-04-04 14:14:00,Azure,ap-northeast-1,17.5,391.68,0
2026-04-04 14:15:00,AWS,ap-northeast-1,22.37,170.57,0
2026-04-04 14:16:00,Azure,sa-east-1,81.91061296495934,929.17,0
2026-04-04 14:17:00,Azure,eu-west-1,13.13,166.9,0
2026-04-04 14:18:00,AWS,eu-west-1,9.94,957.8,0
2026-04-04 14:19:00,Azure,ap-northeast-1,18.88,542.28,0
2026-04-04 14:20:00,GCP,us-east-1,3.63,561.86,0
2026-04-04 14:21:00,GCP,ap-northeast-1,22.96,809.31,0
2026-04-04 14:22:00,AWS,sa-east-1,117.06297261907353,725.84,0
2026-04-04 14:23:00,Azure,ap-northeast-1,27.64,313.36,0
2026-04-04 14:24:00,GCP,eu-west-1,6.96,122.92,0
2026-04-04 14:25:00,GCP,ap-northeast-1,21.78,800.6,1
2026-04-04 14:26:00,Azure,us-east-1,16.98,216.77,0
2026-04-04 14:27:00,Azure,eu-west-1,8.99,638.53,0
2026-04-04 14:28:00,GCP,us-east-1,11.38,948.37,0
2026-04-04 14:29:00,GCP,ap-northeast-1,10.99,594.5,0
2026-04-04 14:30:00,AWS,eu-west-1,10.15,357.02,0
2026-04-04 14:31:00,AWS,sa-east-1,69.27491969757729,260.92,0
2026-04-04 14:32:00,GCP,eu-west-1,21.91,124.25,0
2026-04-04 14:33:00,AWS,us-east-1,7.59,660.92,0
2026-04-04 14:34:00,GCP,eu-west-1,7.21,602.2,0
2026-04-04 14:35:00,GCP,sa-east-1,95.53367691377447,515.55,0
2026-04-04 14:36:00,AWS,sa-east-1,75.30550339155731,274.39,0
2026-04-04 14:37:00,AWS,sa-east-1,94.88292256180657,312.97,0
2026-04-04 14:38:00,Azure,sa-east-1,74.1848335650208,962.68,0
2026-04-04 14:39:00,Azure,us-east-1,27.62,118.36,0
2026-04-04 14:40:00,Azure,eu-west-1,21.58,427.09,0
2026-04-04 14:41:00,GCP,ap-northeast-1,8.08,134.93,1
2026-04-04 14:42:00,AWS,sa-east-1,91.54749795879815,272.41,0
2026-04-04 14:43:00,GCP,ap-northeast-1,17.88,939.82,0
2026-04-04 14:44:00,AWS,ap-northeast-1,15.13,234.61,0
2026-04-04 14:45:00,GCP,eu-west-1,10.21,640.71,0
2026-04-04 14:46:00,Azure,ap-northeast-1,9.74,412.25,0
2026-04-04 14:47:00,Azure,ap-northeast-1,10.84,669.74,0
2026-04-04 14:48:00,Azure,us-east-1,19.12,866.93,0
2026-04-04 14:49:00,GCP,ap-northeast-1,26.72,357.89,0
2026-04-04 14:50:00,AWS,eu-west-1,30.31,170.76,0
2026-04-04 14:51:00,AWS,ap-northeast-1,8.44,283.76,0
2026-04-04 14:52:00,Azure,eu-west-1,12.54,495.18,0
2026-04-04 14:53:00,Azure,sa-east-1,121.89009815694587,563.56,0
2026-04-04 14:54:00,Azure,ap-northeast-1,7.88,947.71,0
2026-04-04 14:55:00,Azure,ap-northeast-1,8.66,114.49,0
2026-04-04 14:56:00,AWS,ap-northeast-1,18.15,781.86,0
2026-04-04 14:57:00,GCP,sa-east-1,72.25933368550099,165.26,0
2026-04-04 14:58:00,GCP,us-east-1,5.83,170.13,0
2026-04-04 14:59:00,GCP,ap-northeast-1,8.06,688.72,0
2026-04-04 15:00:00,GCP,eu-west-1,19.99,918.04,0
2026-04-04 15:01:00,Azure,us-east-1,13.8,358.93,0
2026-04-04 15:02:00,Azure,us-east-1,5.58,342.38,0
2026-04-04 15:03:00,Azure,us-east-1,8.98,655.94,0
2026-04-04 15:04:00,GCP,ap-northeast-1,30.31,798.65,0
2026-04-04 15:05:00,Azure,sa-east-1,80.30385505916139,882.06,0
2026-04-04 15:06:00,Azure,sa-east-1,77.8987565649029,324.74,0
2026-04-04 15:07:00,AWS,ap-northeast-1,12.23,766.18,0
2026-04-04 15:08:00,AWS,eu-west-1,13.5,376.49,1
2026-04-04 15:09:00,Azure,eu-west-1,10.02,590.33,0
2026-04-04 15:10:00,AWS,eu-west-1,23.81,271.77,0
2026-04-04 15:11:00,AWS,ap-northeast-1,9.63,231.4,0
2026-04-04 15:12:00,Azure,sa-east-1,85.03786379936173,941.77,0
2026-04-04 15:13:00,Azure,ap-northeast-1,30.3,592.48,0
2026-04-04 15:14:00,Azure,sa-east-1,78.22424339986031,104.13,0
2026-04-04 15:15:00,Azure,us-east-1,7.22,814.09,0
2026-04-04 15:16:00,GCP,ap-northeast-1,13.38,721.78,0
2026-04-04 15:17:00,GCP,sa-east-1,90.69213407279929,393.29,0
2026-04-04 15:18:00,Azure,us-east-1,19.09,517.57,0
2026-04-04 15:19:00,AWS,us-east-1,13.51,504.89,0
2026-04-04 15:20:00,Azure,ap-northeast-1,11.48,347.29,0
2026-04-04 15:21:00,Azure,sa-east-1,84.76549517759402,982.5,0
2026-04-04 15:22:00,AWS,us-east-1,4.8,589.5,0
2026-04-04 15:23:00,GCP,ap-northeast-1,8.12,907.55,0
2026-04-04 15:24:00,Azure,us-east-1,16.87,626.82,0
2026-04-04 15:25:00,Azure,eu-west-1,22.01,721.16,0
2026-04-04 15:26:00,GCP,ap-northeast-1,10.43,126.59,0
2026-04-04 15:27:00,GCP,us-east-1,7.6,560.64,0
2026-04-04 15:28:00,AWS,ap-northeast-1,13.39,749.15,0
2026-04-04 15:29:00,GCP,ap-northeast-1,17.19,209.68,0
2026-04-04 15:30:00,GCP,sa-east-1,93.40333285189847,710.49,0
2026-04-04 15:31:00,GCP,sa-east-1,103.45937401899579,175.85,0
2026-04-04 15:32:00,AWS,us-east-1,34.3,826.32,0
2026-04-04 15:33:00,GCP,ap-northeast-1,22.98,980.01,0
2026-04-04 15:34:00,GCP,ap-northeast-1,6.61,664.06,0
2026-04-04 15:35:00,AWS,eu-west-1,5.85,169.37,0
2026-04-04 15:36:00,GCP,ap-northeast-1,6.92,628.08,0
2026-04-04 15:37:00,GCP,sa-east-1,79.17651097702092,766.78,0
2026-04-04 15:38:00,AWS,ap-northeast-1,5.18,939.79,0
2026-04-04 15:39:00,Azure,sa-east-1,73.79626709387134,140.91,0
2026-04-04 15:40:00,AWS,eu-west-1,11.19,797.54,0
2026-04-04 15:41:00,GCP,us-east-1,6.54,219.32,0
2026-04-04 15:42:00,GCP,sa-east-1,89.45305325832439,811.53,0
2026-04-04 15:43:00,GCP,us-east-1,11.15,899.84,0
2026-04-04 15:44:00,AWS,us-east-1,18.24,875.12,0
2026-04-04 15:45:00,GCP,us-east-1,5.4,687.59,0
2026-04-04 15:46:00,GCP,us-east-1,7.79,550.69,0
2026-04-04 15:47:00,AWS,sa-east-1,75.55635768802847,887.13,0
2026-04-04 15:48:00,Azure,eu-west-1,16.96,567.16,0
2026-04-04 15:49:00,Azure,ap-northeast-1,10.82,271.1,0
2026-04-04 15:50:00,GCP,sa-east-1,80.67944515104189,948.55,0
2026-04-04 15:51:00,AWS,eu-west-1,9.98,435.96,0
2026-04-04 15:52:00,GCP,ap-northeast-1,13.6,661.91,0
2026-04-04 15:53:00,AWS,us-east-1,25.59,279.23,0
2026-04-04 15:54:00,AWS,ap-northeast-1,5.02,199.49,0
2026-04-04 15:55:00,Azure,ap-northeast-1,12.36,595.93,0
2026-04-04 15:56:00,Azure,eu-west-1,11.99,599.14,0
2026-04-04 15:57:00,AWS,ap-northeast-1,8.22,432.77,0
2026-04-04 15:58:00,GCP,us-east-1,11.22,380.56,0
2026-04-04 15:59:00,Azure,sa-east-1,98.77163309703245,436.76,0
2026-04-04 16:00:00,GCP,sa-east-1,83.19375175195908,815.63,0
2026-04-04 16:01:00,Azure,eu-west-1,12.52,421.96,0
2026-04-04 16:02:00,Azure,us-east-1,7.32,929.24,0
2026-04-04 16:03:00,GCP,us-east-1,11.0,201.67,0
2026-04-04 16:04:00,Azure,ap-northeast-1,19.38,938.42,0
2026-04-04 16:05:00,Azure,eu-west-1,19.84,720.59,0
2026-04-04 16:06:00,GCP,us-east-1,21.9,409.92,0
2026-04-04 16:07:00,Azure,us-east-1,11.58,106.17,0
2026-04-04 16:08:00,Azure,us-east-1,10.35,822.19,0
2026-04-04 16:09:00,Azure,sa-east-1,77.73191163083956,972.39,0
2026-04-04 16:10:00,GCP,sa-east-1,85.05026433443938,984.2,0
2026-04-04 16:11:00,AWS,sa-east-1,98.85263299114028,481.06,0
2026-04-04 16:12:00,GCP,ap-northeast-1,25.95,163.45,0
2026-04-04 16:13:00,AWS,ap-northeast-1,17.38,382.38,0
2026-04-04 16:14:00,Azure,ap-northeast-1,9.16,378.77,0
2026-04-04 16:15:00,AWS,us-east-1,9.73,192.14,0
2026-04-04 16:16:00,GCP,sa-east-1,78.31366111090102,572.24,0
2026-04-04 16:17:00,GCP,us-east-1,5.56,644.12,0
2026-04-04 16:18:00,Azure,us-east-1,9.24,755.94,0
2026-04-04 16:19:00,AWS,eu-west-1,21.55,145.91,0
2026-04-04 16:20:00,Azure,us-east-1,23.87,347.86,0
2026-04-04 16:21:00,Azure,ap-northeast-1,14.06,419.68,0
2026-04-04 16:22:00,GCP,sa-east-1,75.51592453008075,903.02,0
2026-04-04 16:23:00,AWS,sa-east-1,108.71005295561673,911.25,0
2026-04-04 16:24:00,AWS,us-east-1,8.85,333.97,0
2026-04-04 16:25:00,AWS,ap-northeast-1,16.2,538.6,0
2026-04-04 16:26:00,AWS,ap-northeast-1,9.78,482.28,0
2026-04-04 16:27:00,Azure,ap-northeast-1,28.37,574.04,0
2026-04-04 16:28:00,Azure,sa-east-1,69.34223437873227,357.5,0
2026-04-04 16:29:00,GCP,ap-northeast-1,15.22,516.63,0
2026-04-04 16:30:00,Azure,ap-northeast-1,7.17,230.83,0
2026-04-04 16:31:00,Azure,us-east-1,3.82,738.6,0
2026-04-04 16:32:00,GCP,eu-west-1,15.22,432.77,0
2026-04-04 16:33:00,GCP,ap-northeast-1,9.5,588.18,1
2026-04-04 16:34:00,GCP,us-east-1,19.93,644.14,0
2026-04-04 16:35:00,Azure,us-east-1,7.72,852.87,0
2026-04-04 16:36:00,Azure,ap-northeast-1,9.34,173.58,0
2026-04-04 16:37:00,GCP,eu-west-1,21.32,534.47,0
2026-04-04 16:38:00,GCP,sa-east-1,72.5057016943834,904.66,0
2026-04-04 16:39:00,GCP,eu-west-1,7.38,396.82,0
2026-04-04 16:40:00,Azure,ap-northeast-1,12.39,500.07,0
2026-04-04 16:41:00,Azure,eu-west-1,31.56,176.57,0
2026-04-04 16:42:00,AWS,us-east-1,13.09,775.61,0
2026-04-04 16:43:00,Azure,us-east-1,11.31,176.52,0
2026-04-04 16:44:00,Azure,eu-west-1,19.06,667.88,0
2026-04-04 16:45:00,Azure,sa-east-1,100.39392739945748,436.82,0
2026-04-04 16:46:00,GCP,eu-west-1,25.07,404.34,0
2026-04-04 16:47:00,Azure,ap-northeast-1,17.77,626.95,0
2026-04-04 16:48:00,GCP,sa-east-1,90.45556424681004,610.9,0
2026-04-04 16:49:00,AWS,eu-west-1,25.69,464.91,0
2026-04-04 16:50:00,AWS,eu-west-1,10.49,350.51,0
2026-04-04 16:51:00,GCP,sa-east-1,96.67656518022264,557.35,0
2026-04-04 16:52:00,GCP,eu-west-1,6.22,340.39,0
2026-04-04 16:53:00,GCP,ap-northeast-1,10.96,192.38,0
2026-04-04 16:54:00,Azure,us-east-1,6.33,819.24,0
2026-04-04 16:55:00,AWS,ap-northeast-1,14.63,732.08,0
2026-04-04 16:56:00,GCP,eu-west-1,8.96,175.92,0
2026-04-04 16:57:00,Azure,us-east-1,19.71,246.35,0
2026-04-04 16:58:00,AWS,sa-east-1,95.61890326572875,190.15,0
2026-04-04 16:59:00,Azure,ap-northeast-1,10.03,811.64,0
2026-04-04 17:00:00,AWS,sa-east-1,71.86077465240638,795.58,0
2026-04-04 17:01:00,Azure,us-east-1,13.13,467.23,0
2026-04-04 17:02:00,AWS,eu-west-1,5.02,839.26,0
2026-04-04 17:03:00,AWS,us-east-1,7.43,976.56,0
2026-04-04 17:04:00,Azure,us-east-1,8.48,973.42,0
2026-04-04 17:05:00,GCP,sa-east-1,96.45739682212317,982.77,0
2026-04-04 17:06:00,AWS,ap-northeast-1,9.83,861.75,0
2026-04-04 17:07:00,GCP,us-east-1,9.35,295.29,0
2026-04-04 17:08:00,Azure,eu-west-1,16.29,151.68,0
2026-04-04 17:09:00,GCP,us-east-1,18.06,830.49,0
2026-04-04 17:10:00,GCP,sa-east-1,99.22816823101918,377.69,0
2026-04-04 17:11:00,GCP,ap-northeast-1,7.97,403.98,0
2026-04-04 17:12:00,GCP,eu-west-1,22.92,165.7,0
2026-04-04 17:13:00,GCP,sa-east-1,125.2437435278439,743.24,0
2026-04-04 17:14:00,AWS,us-east-1,7.61,487.68,0
2026-04-04 17:15:00,AWS,us-east-1,19.02,283.84,0
2026-04-04 17:16:00,AWS,ap-northeast-1,11.36,687.21,0
2026-04-04 17:17:00,Azure,sa-east-1,82.4579646410878,981.9,0
2026-04-04 17:18:00,GCP,sa-east-1,58.33609228352236,548.56,0
2026-04-04 17:19:00,AWS,ap-northeast-1,6.52,645.73,0
2026-04-04 17:20:00,Azure,eu-west-1,6.95,246.57,0
2026-04-04 17:21:00,AWS,sa-east-1,104.52412119649009,244.86,0
2026-04-04 17:22:00,AWS,ap-northeast-1,10.83,512.42,0
2026-04-04 17:23:00,GCP,sa-east-1,104.88898665257952,860.28,0
2026-04-04 17:24:00,Azure,ap-northeast-1,8.03,918.24,0
2026-04-04 17:25:00,GCP,us-east-1,8.86,677.58,0
2026-04-04 17:26:00,GCP,us-east-1,34.48,424.47,0
2026-04-04 17:27:00,AWS,sa-east-1,64.7498440205903,775.04,0
2026-04-04 17:28:00,GCP,sa-east-1,106.07959080293601,362.75,0
2026-04-04 17:29:00,Azure,us-east-1,17.68,297.6,0
2026-04-04 17:30:00,GCP,eu-west-1,9.38,815.88,0
2026-04-04 17:31:00,GCP,ap-northeast-1,12.07,776.19,0
2026-04-04 17:32:00,GCP,eu-west-1,10.37,893.89,0
2026-04-04 17:33:00,AWS,eu-west-1,11.69,618.84,0
2026-04-04 17:34:00,Azure,eu-west-1,18.57,907.04,0
2026-04-04 17:35:00,AWS,us-east-1,17.07,123.83,0
2026-04-04 17:36:00,AWS,sa-east-1,56.54305757243433,328.34,0
2026-04-04 17:37:00,AWS,eu-west-1,20.06,824.01,0
2026-04-04 17:38:00,AWS,us-east-1,10.25,481.29,0
2026-04-04 17:39:00,AWS,ap-northeast-1,14.84,315.45,0
2026-04-04 17:40:00,Azure,sa-east-1,95.51380584659373,816.53,0
2026-04-04 17:41:00,GCP,ap-northeast-1,11.87,840.04,0
2026-04-04 17:42:00,AWS,eu-west-1,23.52,510.63,0
2026-04-04 17:43:00,AWS,sa-east-1,99.11335938081105,519.93,0
2026-04-04 17:44:00,Azure,eu-west-1,22.92,802.84,0
2026-04-04 17:45:00,Azure,sa-east-1,107.68740556187699,794.2,0
2026-04-04 17:46:00,GCP,eu-west-1,11.27,879.91,0
2026-04-04 17:47:00,Azure,ap-northeast-1,12.26,680.98,0
2026-04-04 17:48:00,GCP,ap-northeast-1,6.46,267.3,0
2026-04-04 17:49:00,AWS,eu-west-1,3.17,594.74,0
2026-04-04 17:50:00,AWS,sa-east-1,66.52148468258468,444.15,0
2026-04-04 17:51:00,GCP,ap-northeast-1,20.36,124.34,0
2026-04-04 17:52:00,Azure,sa-east-1,103.15356250252003,276.85,0
2026-04-04 17:53:00,GCP,sa-east-1,81.71519332636716,285.02,0
2026-04-04 17:54:00,Azure,ap-northeast-1,23.18,174.1,0
2026-04-04 17:55:00,AWS,us-east-1,9.06,507.99,0
2026-04-04 17:56:00,Azure,us-east-1,5.97,557.23,0
2026-04-04 17:57:00,GCP,sa-east-1,72.4389609202136,406.01,0
2026-04-04 17:58:00,GCP,ap-northeast-1,9.46,471.12,0
2026-04-04 17:59:00,AWS,us-east-1,45.05,594.54,0
2026-04-04 18:00:00,Azure,eu-west-1,8.7,208.44,0
2026-04-04 18:01:00,Azure,sa-east-1,92.52538840822965,606.05,0
2026-04-04 18:02:00,Azure,us-east-1,7.48,738.93,0
2026-04-04 18:03:00,AWS,ap-northeast-1,13.13,887.29,0
2026-04-04 18:04:00,Azure,ap-northeast-1,18.15,371.42,0
2026-04-04 18:05:00,GCP,sa-east-1,67.83146736054984,772.67,0
2026-04-04 18:06:00,Azure,ap-northeast-1,16.91,645.42,1
2026-04-04 18:07:00,AWS,eu-west-1,9.93,552.52,0
2026-04-04 18:08:00,Azure,eu-west-1,7.92,927.6,0
2026-04-04 18:09:00,Azure,us-east-1,6.05,658.01,0
2026-04-04 18:10:00,GCP,ap-northeast-1,19.87,429.46,0
2026-04-04 18:11:00,Azure,eu-west-1,14.06,741.64,0
2026-04-04 18:12:00,GCP,sa-east-1,75.73457834901268,963.89,0
2026-04-04 18:13:00,GCP,ap-northeast-1,17.99,926.36,0
2026-04-04 18:14:00,AWS,us-east-1,15.88,982.24,0
2026-04-04 18:15:00,GCP,sa-east-1,80.86769611487306,185.58,0
2026-04-04 18:16:00,GCP,sa-east-1,80.46615970577294,499.1,0
2026-04-04 18:17:00,AWS,sa-east-1,71.91140667758613,489.42,0
2026-04-04 18:18:00,GCP,eu-west-1,32.01,445.43,0
2026-04-04 18:19:00,AWS,sa-east-1,85.23540259799397,260.64,0
2026-04-04 18:20:00,Azure,eu-west-1,18.02,848.98,0
2026-04-04 18:21:00,AWS,sa-east-1,84.096278255168,705.77,0
2026-04-04 18:22:00,GCP,eu-west-1,12.87,645.39,0
2026-04-04 18:23:00,AWS,ap-northeast-1,13.78,502.17,0
2026-04-04 18:24:00,GCP,eu-west-1,13.57,449.67,0
2026-04-04 18:25:00,Azure,eu-west-1,11.53,807.82,0
2026-04-04 18:26:00,AWS,ap-northeast-1,16.83,574.15,0
2026-04-04 18:27:00,Azure,sa-east-1,74.7378138447235,646.89,0
2026-04-04 18:28:00,GCP,ap-northeast-1,5.28,190.0,0
2026-04-04 18:29:00,GCP,sa-east-1,120.01569475310468,524.34,0
2026-04-04 18:30:00,Azure,eu-west-1,5.82,217.28,0
2026-04-04 18:31:00,AWS,sa-east-1,71.52932879781449,148.45,0
2026-04-04 18:32:00,AWS,eu-west-1,7.82,720.37,0
2026-04-04 18:33:00,GCP,sa-east-1,91.07723309860175,347.33,0
2026-04-04 18:34:00,Azure,eu-west-1,20.97,968.55,0
2026-04-04 18:35:00,Azure,eu-west-1,12.95,644.95,0
2026-04-04 18:36:00,AWS,us-east-1,17.14,680.65,0
2026-04-04 18:37:00,AWS,sa-east-1,74.58907165953545,277.14,0
2026-04-04 18:38:00,AWS,sa-east-1,94.43663486901039,215.99,0
2026-04-04 18:39:00,Azure,us-east-1,9.22,572.87,0
2026-04-04 18:40:00,AWS,eu-west-1,17.71,933.0,0
2026-04-04 18:41:00,AWS,eu-west-1,16.92,150.17,0
2026-04-04 18:42:00,GCP,us-east-1,5.06,557.35,0
2026-04-04 18:43:00,AWS,us-east-1,20.39,278.84,0
2026-04-04 18:44:00,AWS,ap-northeast-1,16.58,803.79,0
2026-04-04 18:45:00,Azure,eu-west-1,7.53,713.75,0
2026-04-04 18:46:00,Azure,ap-northeast-1,14.94,187.49,0
2026-04-04 18:47:00,GCP,sa-east-1,64.4356361632205,654.7,0
2026-04-04 18:48:00,AWS,ap-northeast-1,15.58,985.24,0
2026-04-04 18:49:00,GCP,us-east-1,4.95,575.33,0
2026-04-04 18:50:00,Azure,us-east-1,10.21,356.9,0
2026-04-04 18:51:00,GCP,us-east-1,21.98,236.92,0
2026-04-04 18:52:00,Azure,us-east-1,15.95,990.68,0
2026-04-04 18:53:00,GCP,ap-northeast-1,18.1,607.43,0
2026-04-04 18:54:00,GCP,ap-northeast-1,10.84,437.23,0
2026-04-04 18:55:00,AWS,ap-northeast-1,16.15,292.88,0
2026-04-04 18:56:00,GCP,us-east-1,11.23,955.18,0
2026-04-04 18:57:00,AWS,us-east-1,7.67,664.33,0
2026-04-04 18:58:00,AWS,eu-west-1,10.74,151.9,0
2026-04-04 18:59:00,AWS,eu-west-1,25.2,153.5,0
2026-04-04 19:00:00,AWS,us-east-1,21.46,945.49,0
2026-04-04 19:01:00,GCP,eu-west-1,7.42,739.09,0
2026-04-04 19:02:00,Azure,sa-east-1,96.76966590918282,193.09,0
2026-04-04 19:03:00,Azure,sa-east-1,77.32827179728092,661.38,0
2026-04-04 19:04:00,Azure,us-east-1,13.33,477.49,0
2026-04-04 19:05:00,GCP,ap-northeast-1,20.06,809.83,0
2026-04-04 19:06:00,AWS,sa-east-1,106.9259652318851,346.34,0
2026-04-04 19:07:00,Azure,sa-east-1,74.28595892500776,444.56,0
2026-04-04 19:08:00,GCP,ap-northeast-1,18.71,250.65,0
2026-04-04 19:09:00,AWS,eu-west-1,12.14,327.24,0
2026-04-04 19:10:00,Azure,ap-northeast-1,10.14,270.24,0
2026-04-04 19:11:00,AWS,eu-west-1,7.63,121.87,0
2026-04-04 19:12:00,Azure,eu-west-1,29.66,141.55,0
2026-04-04 19:13:00,Azure,ap-northeast-1,5.4,852.06,0
2026-04-04 19:14:00,Azure,eu-west-1,9.54,823.42,0
2026-04-04 19:15:00,AWS,sa-east-1,84.74237237458189,226.65,0
2026-04-04 19:16:00,GCP,us-east-1,15.28,701.11,0
2026-04-04 19:17:00,AWS,eu-west-1,22.72,771.08,0
2026-04-04 19:18:00,Azure,sa-east-1,58.106260307311516,146.15,0
2026-04-04 19:19:00,AWS,ap-northeast-1,16.65,179.69,0
2026-04-04 19:20:00,GCP,eu-west-1,11.81,606.72,0
2026-04-04 19:21:00,AWS,sa-east-1,63.737467259347675,436.74,0
2026-04-04 19:22:00,GCP,eu-west-1,9.68,729.45,0
2026-04-04 19:23:00,GCP,ap-northeast-1,13.21,601.92,0
2026-04-04 19:24:00,AWS,us-east-1,11.35,127.92,0
2026-04-04 19:25:00,Azure,eu-west-1,10.19,715.31,0
2026-04-04 19:26:00,GCP,us-east-1,9.37,283.53,0
2026-04-04 19:27:00,AWS,eu-west-1,14.68,381.34,0
2026-04-04 19:28:00,GCP,eu-west-1,6.26,762.75,0
2026-04-04 19:29:00,Azure,ap-northeast-1,11.07,794.13,0
2026-04-04 19:30:00,AWS,eu-west-1,8.3,411.23,0
2026-04-04 19:31:00,AWS,sa-east-1,101.15681155468275,180.3,0
2026-04-04 19:32:00,AWS,sa-east-1,72.2042508329284,792.71,0
2026-04-04 19:33:00,Azure,us-east-1,18.79,883.19,0
2026-04-04 19:34:00,GCP,us-east-1,16.94,967.88,0
2026-04-04 19:35:00,AWS,sa-east-1,94.46486847031807,386.04,0
2026-04-04 19:36:00,GCP,us-east-1,13.28,211.47,0
2026-04-04 19:37:00,GCP,us-east-1,11.07,943.89,0
2026-04-04 19:38:00,Azure,sa-east-1,93.63627080422312,459.79,0
2026-04-04 19:39:00,AWS,sa-east-1,89.97905946990483,184.18,0
2026-04-04 19:40:00,GCP,sa-east-1,97.44708521170053,548.9,0
2026-04-04 19:41:00,AWS,ap-northeast-1,13.92,271.47,0
2026-04-04 19:42:00,AWS,ap-northeast-1,22.2,419.75,0
2026-04-04 19:43:00,Azure,sa-east-1,90.66934107805807,388.32,0
2026-04-04 19:44:00,AWS,eu-west-1,22.88,988.56,0
2026-04-04 19:45:00,AWS,sa-east-1,90.14523602036999,675.56,0
2026-04-04 19:46:00,GCP,ap-northeast-1,9.15,542.62,0
2026-04-04 19:47:00,Azure,us-east-1,26.38,562.38,0
2026-04-04 19:48:00,AWS,eu-west-1,14.61,643.68,0
2026-04-04 19:49:00,GCP,eu-west-1,28.09,885.48,0
2026-04-04 19:50:00,Azure,us-east-1,13.27,231.38,0
2026-04-04 19:51:00,Azure,eu-west-1,18.24,639.67,0
2026-04-04 19:52:00,GCP,us-east-1,20.38,389.96,0
2026-04-04 19:53:00,GCP,ap-northeast-1,10.58,614.26,0
2026-04-04 19:54:00,GCP,eu-west-1,14.48,565.96,0
2026-04-04 19:55:00,GCP,eu-west-1,13.16,126.94,0
2026-04-04 19:56:00,GCP,us-east-1,18.47,624.22,0
2026-04-04 19:57:00,AWS,us-east-1,7.15,738.29,0
2026-04-04 19:58:00,AWS,ap-northeast-1,16.45,321.4,0
2026-04-04 19:59:00,Azure,us-east-1,19.3,196.18,0
2026-04-04 20:00:00,AWS,us-east-1,8.66,290.48,0
2026-04-04 20:01:00,AWS,ap-northeast-1,7.84,672.77,0
2026-04-04 20:02:00,AWS,sa-east-1,101.72893311600893,521.91,0
2026-04-04 20:03:00,GCP,sa-east-1,117.66926075352126,878.77,0
2026-04-04 20:04:00,Azure,us-east-1,8.45,356.49,0
2026-04-04 20:05:00,Azure,ap-northeast-1,24.75,428.59,0
2026-04-04 20:06:00,Azure,sa-east-1,78.62674809886649,575.25,0
2026-04-04 20:07:00,Azure,ap-northeast-1,21.1,514.02,0
2026-04-04 20:08:00,AWS,us-east-1,16.29,592.99,0
2026-04-04 20:09:00,AWS,us-east-1,34.85,380.88,0
2026-04-04 20:10:00,GCP,ap-northeast-1,25.1,250.0,0
2026-04-04 20:11:00,Azure,eu-west-1,13.55,822.98,0
2026-04-04 20:12:00,AWS,us-east-1,14.22,135.37,0
2026-04-04 20:13:00,AWS,us-east-1,17.11,432.73,0
2026-04-04 20:14:00,GCP,us-east-1,46.56,178.66,0
2026-04-04 20:15:00,GCP,us-east-1,12.6,762.7,0
2026-04-04 20:16:00,GCP,ap-northeast-1,6.38,428.96,0
2026-04-04 20:17:00,AWS,ap-northeast-1,13.77,127.04,0
2026-04-04 20:18:00,AWS,ap-northeast-1,8.84,168.29,0
2026-04-04 20:19:00,GCP,ap-northeast-1,13.54,278.74,0
2026-04-04 20:20:00,Azure,eu-west-1,21.66,808.22,0
2026-04-04 20:21:00,GCP,ap-northeast-1,15.67,819.27,0
2026-04-04 20:22:00,GCP,ap-northeast-1,9.06,996.95,0
2026-04-04 20:23:00,GCP,us-east-1,11.01,316.83,0
2026-04-04 20:24:00,GCP,eu-west-1,7.15,154.39,0
2026-04-04 20:25:00,AWS,us-east-1,23.05,354.82,0
2026-04-04 20:26:00,Azure,eu-west-1,18.36,260.94,0
2026-04-04 20:27:00,GCP,sa-east-1,74.90181911160113,739.35,0
2026-04-04 20:28:00,Azure,eu-west-1,42.97,972.32,0
2026-04-04 20:29:00,Azure,eu-west-1,10.93,345.72,0
2026-04-04 20:30:00,Azure,us-east-1,14.12,395.77,0
2026-04-04 20:31:00,GCP,eu-west-1,10.29,416.0,0
2026-04-04 20:32:00,AWS,eu-west-1,15.03,871.26,0
2026-04-04 20:33:00,GCP,us-east-1,12.77,620.22,0
2026-04-04 20:34:00,Azure,sa-east-1,60.040338353335336,976.58,0
2026-04-04 20:35:00,Azure,sa-east-1,121.49926391071563,664.45,0
2026-04-04 20:36:00,AWS,sa-east-1,102.5882810509218,735.29,0
2026-04-04 20:37:00,GCP,eu-west-1,19.27,180.25,0
2026-04-04 20:38:00,Azure,us-east-1,10.85,956.51,0
2026-04-04 20:39:00,AWS,sa-east-1,64.72344497240476,665.25,0
2026-04-04 20:40:00,Azure,sa-east-1,108.58894762183358,568.16,0
2026-04-04 20:41:00,AWS,sa-east-1,69.97120691973802,448.66,0
2026-04-04 20:42:00,AWS,sa-east-1,79.62244715117602,169.35,0
2026-04-04 20:43:00,GCP,us-east-1,8.55,220.01,0
2026-04-04 20:44:00,Azure,sa-east-1,104.49927779163417,110.53,0
2026-04-04 20:45:00,GCP,eu-west-1,7.28,998.82,0
2026-04-04 20:46:00,Azure,eu-west-1,7.72,807.66,0
2026-04-04 20:47:00,GCP,us-east-1,16.27,817.71,0
2026-04-04 20:48:00,Azure,ap-northeast-1,20.59,757.08,1
2026-04-04 20:49:00,GCP,sa-east-1,100.5507230339536,535.7,0
2026-04-04 20:50:00,AWS,sa-east-1,100.9774869163774,179.38,0
2026-04-04 20:51:00,Azure,eu-west-1,8.03,165.04,0
2026-04-04 20:52:00,Azure,us-east-1,6.8,924.74,0
2026-04-04 20:53:00,AWS,ap-northeast-1,18.53,100.28,0
2026-04-04 20:54:00,GCP,eu-west-1,12.95,729.19,0
2026-04-04 20:55:00,Azure,ap-northeast-1,18.23,665.72,0
2026-04-04 20:56:00,Azure,us-east-1,7.29,551.1,0
2026-04-04 20:57:00,GCP,us-east-1,9.76,977.46,0
2026-04-04 20:58:00,AWS,us-east-1,29.12,278.32,0
2026-04-04 20:59:00,GCP,eu-west-1,11.02,806.76,0
2026-04-04 21:00:00,GCP,us-east-1,24.86,707.36,0
2026-04-04 21:01:00,GCP,eu-west-1,17.96,976.99,0
2026-04-04 21:02:00,Azure,eu-west-1,10.56,940.66,0
2026-04-04 21:03:00,AWS,sa-east-1,123.06717647315918,215.71,0
2026-04-04 21:04:00,AWS,eu-west-1,14.34,376.94,0
2026-04-04 21:05:00,GCP,eu-west-1,12.27,865.72,0
2026-04-04 21:06:00,Azure,sa-east-1,86.1907490527019,305.79,0
2026-04-04 21:07:00,GCP,ap-northeast-1,15.17,440.69,0
2026-04-04 21:08:00,Azure,sa-east-1,69.8480140965915,663.37,0
2026-04-04 21:09:00,Azure,sa-east-1,69.55299461946552,606.62,0
2026-04-04 21:10:00,Azure,us-east-1,15.19,676.55,0
2026-04-04 21:11:00,Azure,us-east-1,9.16,742.14,0
2026-04-04 21:12:00,AWS,sa-east-1,99.82503992627984,755.89,0
2026-04-04 21:13:00,Azure,us-east-1,10.75,763.8,0
2026-04-04 21:14:00,Azure,sa-east-1,83.57547767737611,992.51,0
2026-04-04 21:15:00,GCP,us-east-1,13.17,420.93,0
2026-04-04 21:16:00,GCP,eu-west-1,13.13,139.77,0
2026-04-04 21:17:00,AWS,us-east-1,17.06,413.98,0
2026-04-04 21:18:00,GCP,us-east-1,6.85,920.42,0
2026-04-04 21:19:00,Azure,eu-west-1,11.79,175.05,0
2026-04-04 21:20:00,GCP,sa-east-1,103.26688274880065,682.25,0
2026-04-04 21:21:00,AWS,us-east-1,15.34,480.85,0
2026-04-04 21:22:00,GCP,us-east-1,19.09,929.42,0
2026-04-04 21:23:00,GCP,eu-west-1,11.0,935.72,0
2026-04-04 21:24:00,AWS,eu-west-1,12.51,806.72,0
2026-04-04 21:25:00,AWS,eu-west-1,8.41,188.67,0
2026-04-04 21:26:00,Azure,ap-northeast-1,14.79,122.24,0
2026-04-04 21:27:00,GCP,eu-west-1,7.88,222.93,0
2026-04-04 21:28:00,Azure,sa-east-1,104.92268758359374,389.64,0
2026-04-04 21:29:00,GCP,us-east-1,21.99,317.29,0
2026-04-04 21:30:00,GCP,us-east-1,15.4,432.78,0
2026-04-04 21:31:00,Azure,ap-northeast-1,23.14,228.77,0
2026-04-04 21:32:00,GCP,us-east-1,9.71,777.25,0
2026-04-04 21:33:00,GCP,us-east-1,6.69,860.77,0
2026-04-04 21:34:00,GCP,sa-east-1,63.41833597009436,539.16,0
2026-04-04 21:35:00,AWS,us-east-1,8.96,960.87,0
2026-04-04 21:36:00,Azure,sa-east-1,100.5986976403684,208.31,0
2026-04-04 21:37:00,AWS,ap-northeast-1,4.01,195.23,0
2026-04-04 21:38:00,Azure,sa-east-1,77.75739044610137,280.36,0
2026-04-04 21:39:00,Azure,eu-west-1,12.31,983.72,0
2026-04-04 21:40:00,GCP,eu-west-1,18.57,474.85,0
2026-04-04 21:41:00,Azure,ap-northeast-1,16.06,931.7,0
2026-04-04 21:42:00,AWS,us-east-1,11.16,281.81,0
2026-04-04 21:43:00,AWS,sa-east-1,111.29154198197689,861.49,0
2026-04-04 21:44:00,AWS,eu-west-1,18.98,379.02,0
2026-04-04 21:45:00,Azure,sa-east-1,84.15859672372892,760.96,0
2026-04-04 21:46:00,AWS,eu-west-1,13.44,977.02,0
2026-04-04 21:47:00,Azure,sa-east-1,105.50954741776798,939.72,0
2026-04-04 21:48:00,AWS,us-east-1,14.34,848.2,0
2026-04-04 21:49:00,AWS,ap-northeast-1,8.08,145.19,0
2026-04-04 21:50:00,Azure,us-east-1,6.95,646.99,0
2026-04-04 21:51:00,AWS,sa-east-1,60.90852881476479,851.9,0
2026-04-04 21:52:00,GCP,eu-west-1,4.38,459.39,0
2026-04-04 21:53:00,Azure,eu-west-1,9.56,758.07,0
2026-04-04 21:54:00,Azure,ap-northeast-1,11.16,224.3,0
2026-04-04 21:55:00,Azure,us-east-1,7.48,259.09,0
2026-04-04 21:56:00,GCP,us-east-1,8.65,679.34,0
2026-04-04 21:57:00,Azure,us-east-1,7.56,493.4,0
2026-04-04 21:58:00,AWS,eu-west-1,5.53,296.43,0
2026-04-04 21:59:00,AWS,ap-northeast-1,11.19,354.59,0
2026-04-04 22:00:00,AWS,eu-west-1,17.02,657.03,0
2026-04-04 22:01:00,Azure,us-east-1,9.44,752.83,0
2026-04-04 22:02:00,AWS,sa-east-1,90.4644485499916,286.85,0
2026-04-04 22:03:00,Azure,eu-west-1,13.15,959.67,0
2026-04-04 22:04:00,AWS,ap-northeast-1,19.04,107.36,0
2026-04-04 22:05:00,GCP,us-east-1,12.38,730.06,0
2026-04-04 22:06:00,GCP,sa-east-1,115.58471171689959,361.9,0
2026-04-04 22:07:00,GCP,eu-west-1,6.02,530.66,0
2026-04-04 22:08:00,GCP,sa-east-1,114.85452339645374,612.86,0
2026-04-04 22:09:00,Azure,sa-east-1,111.93006656495902,605.37,0
2026-04-04 22:10:00,AWS,ap-northeast-1,21.09,798.65,0
2026-04-04 22:11:00,GCP,eu-west-1,10.74,841.45,0
2026-04-04 22:12:00,Azure,ap-northeast-1,29.1,166.01,0
2026-04-04 22:13:00,GCP,us-east-1,15.91,732.71,0
2026-04-04 22:14:00,GCP,sa-east-1,83.26078196044921,459.15,0
2026-04-04 22:15:00,Azure,ap-northeast-1,21.41,836.73,0
2026-04-04 22:16:00,Azure,ap-northeast-1,7.18,648.0,0
2026-04-04 22:17:00,AWS,us-east-1,6.98,109.21,0
2026-04-04 22:18:00,AWS,eu-west-1,23.21,699.82,0
2026-04-04 22:19:00,GCP,ap-northeast-1,14.41,933.14,0
2026-04-04 22:20:00,GCP,sa-east-1,103.5437119093531,174.79,0
2026-04-04 22:21:00,AWS,sa-east-1,82.22245222079098,544.81,0
2026-04-04 22:22:00,AWS,sa-east-1,115.53006474652253,663.27,0
2026-04-04 22:23:00,Azure,sa-east-1,109.92952502960263,276.28,0
2026-04-04 22:24:00,AWS,ap-northeast-1,13.47,685.62,0
2026-04-04 22:25:00,AWS,sa-east-1,100.81964328593165,144.82,0
2026-04-04 22:26:00,GCP,ap-northeast-1,11.84,915.11,0
2026-04-04 22:27:00,AWS,eu-west-1,13.3,786.39,0
2026-04-04 22:28:00,GCP,sa-east-1,96.96816322743021,946.92,0
2026-04-04 22:29:00,AWS,eu-west-1,14.42,476.58,0
2026-04-04 22:30:00,Azure,ap-northeast-1,10.31,130.78,0
2026-04-04 22:31:00,AWS,us-east-1,14.05,407.38,0
2026-04-04 22:32:00,AWS,eu-west-1,19.89,564.18,0
2026-04-04 22:33:00,AWS,sa-east-1,105.2476967892073,942.28,0
2026-04-04 22:34:00,GCP,us-east-1,11.22,894.76,0
2026-04-04 22:35:00,Azure,eu-west-1,13.52,634.66,0
2026-04-04 22:36:00,AWS,ap-northeast-1,7.68,756.78,0
2026-04-04 22:37:00,GCP,ap-northeast-1,19.39,958.51,0
2026-04-04 22:38:00,Azure,ap-northeast-1,16.44,865.53,0
2026-04-04 22:39:00,GCP,eu-west-1,20.07,692.94,0
2026-04-04 22:40:00,GCP,ap-northeast-1,35.87,586.05,0
2026-04-04 22:41:00,Azure,eu-west-1,14.37,528.44,0
2026-04-04 22:42:00,AWS,sa-east-1,109.75713595901641,780.95,0
2026-04-04 22:43:00,GCP,sa-east-1,93.23395335720957,827.9,0
2026-04-04 22:44:00,GCP,eu-west-1,9.08,295.88,0
2026-04-04 22:45:00,AWS,eu-west-1,15.36,526.62,0
2026-04-04 22:46:00,AWS,us-east-1,20.46,794.04,0
2026-04-04 22:47:00,Azure,ap-northeast-1,18.47,708.14,0
2026-04-04 22:48:00,Azure,sa-east-1,89.80857067474938,632.42,0
2026-04-04 22:49:00,Azure,sa-east-1,70.0010372319256,391.35,0
2026-04-04 22:50:00,AWS,us-east-1,17.37,648.3,0
2026-04-04 22:51:00,GCP,eu-west-1,12.76,650.93,0
2026-04-04 22:52:00,GCP,eu-west-1,13.83,489.19,0
2026-04-04 22:53:00,Azure,us-east-1,13.83,964.27,0
2026-04-04 22:54:00,AWS,ap-northeast-1,15.95,687.81,0
2026-04-04 22:55:00,GCP,eu-west-1,11.98,865.63,0
2026-04-04 22:56:00,Azure,eu-west-1,5.99,216.06,0
2026-04-04 22:57:00,GCP,ap-northeast-1,13.16,781.1,0
2026-04-04 22:58:00,GCP,ap-northeast-1,14.6,641.68,0
2026-04-04 22:59:00,AWS,us-east-1,11.93,377.45,0
2026-04-04 23:00:00,AWS,us-east-1,15.15,222.73,0
2026-04-04 23:01:00,GCP,us-east-1,11.45,441.68,0
2026-04-04 23:02:00,Azure,eu-west-1,10.64,497.24,0
2026-04-04 23:03:00,AWS,us-east-1,24.42,226.69,0
2026-04-04 23:04:00,GCP,eu-west-1,37.66,703.11,0
2026-04-04 23:05:00,AWS,sa-east-1,102.76062082051203,376.4,0
2026-04-04 23:06:00,AWS,ap-northeast-1,9.14,825.44,0
2026-04-04 23:07:00,AWS,ap-northeast-1,13.63,683.51,0
2026-04-04 23:08:00,GCP,sa-east-1,64.86988251433854,379.45,0
2026-04-04 23:09:00,Azure,us-east-1,17.04,424.02,0
2026-04-04 23:10:00,Azure,eu-west-1,13.38,947.93,0
2026-04-04 23:11:00,Azure,eu-west-1,16.57,953.31,0
2026-04-04 23:12:00,AWS,eu-west-1,29.79,476.53,0
2026-04-04 23:13:00,GCP,ap-northeast-1,4.85,711.25,0
2026-04-04 23:14:00,AWS,us-east-1,9.46,981.97,0
2026-04-04 23:15:00,Azure,eu-west-1,19.68,994.65,0
2026-04-04 23:16:00,Azure,eu-west-1,11.92,164.92,0
2026-04-04 23:17:00,GCP,eu-west-1,16.39,598.15,0
2026-04-04 23:18:00,AWS,sa-east-1,99.27139142177485,753.96,0
2026-04-04 23:19:00,Azure,eu-west-1,26.58,268.18,0
2026-04-04 23:20:00,GCP,sa-east-1,74.3360217826363,839.71,0
2026-04-04 23:21:00,AWS,eu-west-1,14.14,521.61,0
2026-04-04 23:22:00,AWS,eu-west-1,28.14,547.98,0
2026-04-04 23:23:00,Azure,eu-west-1,14.22,346.89,0
2026-04-04 23:24:00,Azure,sa-east-1,75.85859715995328,370.13,0
2026-04-04 23:25:00,AWS,eu-west-1,25.41,175.76,0
2026-04-04 23:26:00,AWS,us-east-1,6.05,938.36,0
2026-04-04 23:27:00,Azure,eu-west-1,13.25,443.68,0
2026-04-04 23:28:00,AWS,sa-east-1,89.43986437118681,246.01,0
2026-04-04 23:29:00,Azure,sa-east-1,65.77164656442804,228.12,0
2026-04-04 23:30:00,AWS,us-east-1,8.39,466.67,0
2026-04-04 23:31:00,Azure,ap-northeast-1,11.75,668.99,0
2026-04-04 23:32:00,GCP,us-east-1,5.72,800.0,0
2026-04-04 23:33:00,Azure,us-east-1,26.49,932.14,0
2026-04-04 23:34:00,Azure,sa-east-1,78.97488346545782,672.13,0
2026-04-04 23:35:00,GCP,eu-west-1,12.64,478.6,0
2026-04-04 23:36:00,AWS,eu-west-1,10.43,479.75,0
2026-04-04 23:37:00,GCP,ap-northeast-1,5.82,616.94,0
2026-04-04 23:38:00,Azure,ap-northeast-1,8.79,584.24,0
2026-04-04 23:39:00,AWS,ap-northeast-1,25.57,676.73,0
2026-04-04 23:40:00,GCP,ap-northeast-1,12.23,553.07,0
2026-04-04 23:41:00,AWS,us-east-1,9.42,153.09,0
2026-04-04 23:42:00,AWS,us-east-1,12.47,550.66,0
2026-04-04 23:43:00,GCP,eu-west-1,9.3,120.28,0
2026-04-04 23:44:00,AWS,us-east-1,5.54,262.55,0
2026-04-04 23:45:00,GCP,eu-west-1,10.45,448.68,0
2026-04-04 23:46:00,Azure,eu-west-1,7.22,596.18,0
2026-04-04 23:47:00,AWS,eu-west-1,15.09,266.34,0
2026-04-04 23:48:00,Azure,eu-west-1,19.38,348.67,0
2026-04-04 23:49:00,Azure,sa-east-1,82.520117879233,436.79,0
2026-04-04 23:50:00,AWS,eu-west-1,13.43,277.49,0
2026-04-04 23:51:00,GCP,us-east-1,12.09,998.89,0
2026-04-04 23:52:00,AWS,us-east-1,8.43,824.24,0
2026-04-04 23:53:00,Azure,us-east-1,3.9,829.84,0
2026-04-04 23:54:00,Azure,us-east-1,7.3,611.98,0
2026-04-04 23:55:00,GCP,sa-east-1,102.59781181368662,965.19,0
2026-04-04 23:56:00,AWS,ap-northeast-1,13.09,758.98,0
2026-04-04 23:57:00,Azure,ap-northeast-1,13.76,397.79,0
2026-04-04 23:58:00,Azure,eu-west-1,22.66,649.47,0
2026-04-04 23:59:00,Azure,eu-west-1,7.27,589.33,0
2026-04-05 00:00:00,GCP,us-east-1,8.09,622.26,0
2026-04-05 00:01:00,Azure,us-east-1,8.83,835.95,0
2026-04-05 00:02:00,Azure,ap-northeast-1,11.08,558.61,0
2026-04-05 00:03:00,AWS,ap-northeast-1,13.6,755.78,0
2026-04-05 00:04:00,AWS,us-east-1,15.11,325.54,0
2026-04-05 00:05:00,Azure,eu-west-1,4.75,938.86,0
2026-04-05 00:06:00,Azure,sa-east-1,92.55572127010998,177.74,0
2026-04-05 00:07:00,AWS,sa-east-1,75.42396720928016,994.22,0
2026-04-05 00:08:00,GCP,ap-northeast-1,18.94,669.41,0
2026-04-05 00:09:00,GCP,ap-northeast-1,3.69,522.96,0
2026-04-05 00:10:00,GCP,ap-northeast-1,18.47,379.7,0
2026-04-05 00:11:00,GCP,sa-east-1,77.82753405683269,464.63,0
2026-04-05 00:12:00,GCP,sa-east-1,95.85172382776054,804.18,0
2026-04-05 00:13:00,GCP,us-east-1,24.95,225.49,0
2026-04-05 00:14:00,GCP,eu-west-1,16.93,327.42,0
2026-04-05 00:15:00,GCP,ap-northeast-1,8.69,211.35,0
2026-04-05 00:16:00,AWS,us-east-1,18.14,483.99,0
2026-04-05 00:17:00,GCP,sa-east-1,66.65813192833882,448.5,0
2026-04-05 00:18:00,GCP,us-east-1,9.94,683.91,0
2026-04-05 00:19:00,GCP,sa-east-1,66.98727244469777,996.14,0
2026-04-05 00:20:00,Azure,eu-west-1,10.08,903.12,0
2026-04-05 00:21:00,AWS,sa-east-1,87.91909802880927,892.34,0
2026-04-05 00:22:00,AWS,us-east-1,14.69,681.14,0
2026-04-05 00:23:00,AWS,eu-west-1,15.67,343.55,0
2026-04-05 00:24:00,GCP,sa-east-1,115.72471170268992,445.68,0
2026-04-05 00:25:00,GCP,ap-northeast-1,19.54,325.11,0
2026-04-05 00:26:00,Azure,sa-east-1,100.7778583256705,221.58,0
2026-04-05 00:27:00,AWS,eu-west-1,9.36,492.43,0
2026-04-05 00:28:00,GCP,us-east-1,5.7,907.78,0
2026-04-05 00:29:00,AWS,eu-west-1,11.09,769.46,0
2026-04-05 00:30:00,Azure,us-east-1,9.55,986.35,0
2026-04-05 00:31:00,Azure,sa-east-1,98.33106365082762,275.34,0
2026-04-05 00:32:00,Azure,sa-east-1,69.32589610976095,550.49,0
2026-04-05 00:33:00,AWS,eu-west-1,23.64,813.74,0
2026-04-05 00:34:00,GCP,ap-northeast-1,5.11,514.42,0
2026-04-05 00:35:00,GCP,sa-east-1,87.52676539870998,419.55,0
2026-04-05 00:36:00,Azure,ap-northeast-1,14.68,834.3,0
2026-04-05 00:37:00,GCP,ap-northeast-1,7.48,487.28,0
2026-04-05 00:38:00,Azure,eu-west-1,19.15,921.67,0
2026-04-05 00:39:00,AWS,sa-east-1,87.73613675606114,341.56,0
2026-04-05 00:40:00,Azure,ap-northeast-1,9.82,906.81,0
2026-04-05 00:41:00,AWS,sa-east-1,101.334768478359,350.61,0
2026-04-05 00:42:00,Azure,us-east-1,6.97,360.61,0
2026-04-05 00:43:00,GCP,ap-northeast-1,6.21,478.53,0
2026-04-05 00:44:00,GCP,eu-west-1,9.61,564.23,0
2026-04-05 00:45:00,Azure,eu-west-1,13.4,476.4,0
2026-04-05 00:46:00,GCP,ap-northeast-1,5.44,875.93,0
2026-04-05 00:47:00,GCP,sa-east-1,73.00313314550638,816.01,0
2026-04-05 00:48:00,GCP,us-east-1,41.69,378.88,0
2026-04-05 00:49:00,AWS,us-east-1,6.07,560.37,0
2026-04-05 00:50:00,GCP,eu-west-1,13.44,487.93,0
2026-04-05 00:51:00,AWS,eu-west-1,19.67,150.46,0
2026-04-05 00:52:00,Azure,sa-east-1,100.12717074552084,773.33,0
2026-04-05 00:53:00,GCP,eu-west-1,35.84,263.5,0
2026-04-05 00:54:00,GCP,sa-east-1,107.49103186245256,940.73,0
2026-04-05 00:55:00,GCP,ap-northeast-1,32.88,458.0,0
2026-04-05 00:56:00,Azure,us-east-1,11.82,660.03,0
2026-04-05 00:57:00,AWS,ap-northeast-1,9.44,836.47,0
2026-04-05 00:58:00,AWS,eu-west-1,31.17,262.27,0
2026-04-05 00:59:00,GCP,us-east-1,10.14,587.02,0
2026-04-05 01:00:00,Azure,us-east-1,20.81,313.68,0
2026-04-05 01:01:00,Azure,ap-northeast-1,9.52,558.7,0
2026-04-05 01:02:00,Azure,sa-east-1,61.754987319564776,621.49,0
2026-04-05 01:03:00,Azure,us-east-1,6.45,252.23,0
2026-04-05 01:04:00,Azure,sa-east-1,92.08452165479488,622.74,0
2026-04-05 01:05:00,AWS,ap-northeast-1,7.16,509.42,0
2026-04-05 01:06:00,AWS,ap-northeast-1,10.97,569.8,0
2026-04-05 01:07:00,AWS,sa-east-1,71.19632138667066,914.47,0
2026-04-05 01:08:00,GCP,ap-northeast-1,7.85,535.42,0
2026-04-05 01:09:00,Azure,us-east-1,8.34,528.53,0
2026-04-05 01:10:00,GCP,ap-northeast-1,13.51,523.36,0
2026-04-05 01:11:00,Azure,ap-northeast-1,2.75,660.79,0
2026-04-05 01:12:00,AWS,us-east-1,18.58,430.77,0
2026-04-05 01:13:00,GCP,sa-east-1,70.46041156594396,821.22,0
2026-04-05 01:14:00,AWS,ap-northeast-1,6.8,357.45,0
2026-04-05 01:15:00,Azure,sa-east-1,67.14271333324852,369.59,0
2026-04-05 01:16:00,Azure,us-east-1,13.94,629.88,0
2026-04-05 01:17:00,Azure,sa-east-1,102.61457400271077,333.9,0
2026-04-05 01:18:00,AWS,sa-east-1,64.21564884972294,180.95,0
2026-04-05 01:19:00,Azure,eu-west-1,15.16,285.03,0
2026-04-05 01:20:00,AWS,eu-west-1,15.95,922.29,0
2026-04-05 01:21:00,GCP,ap-northeast-1,17.65,109.63,0
2026-04-05 01:22:00,Azure,eu-west-1,7.38,220.12,0
2026-04-05 01:23:00,Azure,eu-west-1,27.02,782.24,0
2026-04-05 01:24:00,Azure,eu-west-1,10.31,981.87,0
2026-04-05 01:25:00,GCP,sa-east-1,101.14486953935806,719.37,0
2026-04-05 01:26:00,Azure,sa-east-1,91.63649767378128,930.1,0
2026-04-05 01:27:00,AWS,eu-west-1,9.75,869.71,0
2026-04-05 01:28:00,AWS,us-east-1,19.49,531.97,0
2026-04-05 01:29:00,Azure,eu-west-1,16.74,400.17,0
2026-04-05 01:30:00,Azure,us-east-1,4.08,669.01,0
2026-04-05 01:31:00,GCP,sa-east-1,84.26154907565777,580.2,0
2026-04-05 01:32:00,GCP,us-east-1,34.77,123.25,0
2026-04-05 01:33:00,GCP,sa-east-1,74.26251358599666,961.57,0
2026-04-05 01:34:00,Azure,us-east-1,9.44,613.22,0
2026-04-05 01:35:00,GCP,sa-east-1,86.87596606326423,887.04,0
2026-04-05 01:36:00,GCP,sa-east-1,106.95763831341905,761.17,0
2026-04-05 01:37:00,AWS,eu-west-1,6.86,406.75,0
2026-04-05 01:38:00,GCP,ap-northeast-1,11.11,911.04,0
2026-04-05 01:39:00,AWS,ap-northeast-1,11.08,811.38,0
2026-04-05 01:40:00,AWS,sa-east-1,101.85530717054466,486.81,0
2026-04-05 01:41:00,GCP,eu-west-1,9.38,856.43,0
2026-04-05 01:42:00,AWS,ap-northeast-1,33.3,344.4,0
2026-04-05 01:43:00,Azure,ap-northeast-1,7.63,703.62,0
2026-04-05 01:44:00,Azure,eu-west-1,13.11,203.12,0
2026-04-05 01:45:00,GCP,eu-west-1,8.38,879.19,0
2026-04-05 01:46:00,Azure,ap-northeast-1,9.31,756.49,0
2026-04-05 01:47:00,AWS,ap-northeast-1,10.59,237.31,0
2026-04-05 01:48:00,Azure,us-east-1,13.49,119.2,0
2026-04-05 01:49:00,GCP,us-east-1,18.2,450.88,0
2026-04-05 01:50:00,GCP,sa-east-1,73.61778188987083,707.75,0
2026-04-05 01:51:00,AWS,ap-northeast-1,5.76,354.83,0
2026-04-05 01:52:00,GCP,eu-west-1,24.16,975.93,0
2026-04-05 01:53:00,Azure,eu-west-1,7.47,941.21,0
2026-04-05 01:54:00,GCP,ap-northeast-1,10.77,638.15,0
2026-04-05 01:55:00,AWS,sa-east-1,99.66589199988793,384.04,0
2026-04-05 01:56:00,GCP,eu-west-1,11.58,906.64,0
2026-04-05 01:57:00,Azure,ap-northeast-1,6.01,823.12,0
2026-04-05 01:58:00,AWS,ap-northeast-1,18.75,177.54,0
2026-04-05 01:59:00,Azure,sa-east-1,78.18204516177182,528.69,0
2026-04-05 02:00:00,AWS,ap-northeast-1,19.88,983.09,0
2026-04-05 02:01:00,GCP,eu-west-1,21.72,508.51,0
2026-04-05 02:02:00,AWS,us-east-1,19.14,939.62,0
2026-04-05 02:03:00,AWS,sa-east-1,62.86088195776506,979.56,0
2026-04-05 02:04:00,GCP,ap-northeast-1,13.0,448.62,0
2026-04-05 02:05:00,Azure,sa-east-1,89.596805536245,968.1,0
2026-04-05 02:06:00,GCP,ap-northeast-1,12.61,224.15,0
2026-04-05 02:07:00,AWS,us-east-1,16.69,244.11,0
2026-04-05 02:08:00,GCP,sa-east-1,68.74473250597666,348.89,0
2026-04-05 02:09:00,AWS,ap-northeast-1,11.39,520.8,0
2026-04-05 02:10:00,GCP,us-east-1,9.6,262.92,0
2026-04-05 02:11:00,GCP,eu-west-1,21.9,406.16,0
2026-04-05 02:12:00,Azure,ap-northeast-1,7.61,193.29,0
2026-04-05 02:13:00,AWS,us-east-1,16.66,487.01,0
2026-04-05 02:14:00,Azure,us-east-1,11.87,844.73,0
2026-04-05 02:15:00,AWS,sa-east-1,81.93294307563117,635.55,0
2026-04-05 02:16:00,GCP,ap-northeast-1,16.91,829.14,0
2026-04-05 02:17:00,AWS,eu-west-1,10.05,222.14,0
2026-04-05 02:18:00,Azure,ap-northeast-1,12.83,459.49,0
2026-04-05 02:19:00,Azure,us-east-1,21.23,135.39,0
2026-04-05 02:20:00,Azure,eu-west-1,8.26,432.98,0
2026-04-05 02:21:00,AWS,us-east-1,13.95,653.05,0
2026-04-05 02:22:00,Azure,sa-east-1,92.85337974781837,611.98,0
2026-04-05 02:23:00,Azure,ap-northeast-1,15.39,154.29,0
2026-04-05 02:24:00,Azure,us-east-1,23.12,155.85,0
2026-04-05 02:25:00,GCP,us-east-1,11.47,374.56,0
2026-04-05 02:26:00,GCP,ap-northeast-1,17.04,794.26,0
2026-04-05 02:27:00,AWS,eu-west-1,21.14,118.52,0
2026-04-05 02:28:00,AWS,us-east-1,5.23,654.33,0
2026-04-05 02:29:00,Azure,ap-northeast-1,9.94,265.33,0
2026-04-05 02:30:00,GCP,sa-east-1,104.68539394402382,949.88,0
2026-04-05 02:31:00,Azure,sa-east-1,98.30342115820444,487.19,0
2026-04-05 02:32:00,Azure,ap-northeast-1,13.76,143.1,0
2026-04-05 02:33:00,GCP,us-east-1,24.49,742.27,0
2026-04-05 02:34:00,GCP,ap-northeast-1,9.33,536.15,0
2026-04-05 02:35:00,GCP,ap-northeast-1,6.57,893.12,0
2026-04-05 02:36:00,AWS,us-east-1,18.13,686.64,0
2026-04-05 02:37:00,AWS,eu-west-1,11.51,723.27,0
2026-04-05 02:38:00,Azure,eu-west-1,8.01,790.53,0
2026-04-05 02:39:00,AWS,sa-east-1,95.62482073900968,478.32,0
2026-04-05 02:40:00,GCP,eu-west-1,17.7,813.29,0
2026-04-05 02:41:00,GCP,ap-northeast-1,16.87,145.56,0
2026-04-05 02:42:00,AWS,us-east-1,27.02,788.97,0
2026-04-05 02:43:00,Azure,sa-east-1,92.90242991114081,672.68,0
2026-04-05 02:44:00,Azure,eu-west-1,24.7,610.0,0
2026-04-05 02:45:00,AWS,ap-northeast-1,15.02,386.34,0
2026-04-05 02:46:00,Azure,sa-east-1,68.6747539691666,202.7,0
2026-04-05 02:47:00,Azure,us-east-1,12.14,682.48,0
2026-04-05 02:48:00,Azure,eu-west-1,13.37,524.5,0
2026-04-05 02:49:00,GCP,ap-northeast-1,21.25,296.06,0
2026-04-05 02:50:00,GCP,us-east-1,6.2,139.03,0
2026-04-05 02:51:00,AWS,ap-northeast-1,5.08,584.89,0
2026-04-05 02:52:00,GCP,ap-northeast-1,8.22,213.67,0
2026-04-05 02:53:00,Azure,ap-northeast-1,11.78,936.48,0
2026-04-05 02:54:00,GCP,us-east-1,17.41,235.57,0
2026-04-05 02:55:00,AWS,sa-east-1,100.8296352808207,128.82,0
2026-04-05 02:56:00,GCP,ap-northeast-1,15.01,335.84,0
2026-04-05 02:57:00,Azure,sa-east-1,87.23151453330965,257.46,0
2026-04-05 02:58:00,Azure,sa-east-1,83.13659143250356,812.11,0
2026-04-05 02:59:00,AWS,eu-west-1,11.38,360.41,0
2026-04-05 03:00:00,GCP,eu-west-1,40.84,320.72,0
2026-04-05 03:01:00,GCP,sa-east-1,68.79640719458715,995.33,0
2026-04-05 03:02:00,GCP,eu-west-1,8.1,235.06,0
2026-04-05 03:03:00,Azure,eu-west-1,15.81,176.5,0
2026-04-05 03:04:00,AWS,sa-east-1,75.62815134896755,375.06,0
2026-04-05 03:05:00,GCP,us-east-1,20.86,464.58,0
2026-04-05 03:06:00,Azure,eu-west-1,41.99,784.38,0
2026-04-05 03:07:00,Azure,eu-west-1,12.65,959.9,0
2026-04-05 03:08:00,Azure,us-east-1,47.89,787.31,0
2026-04-05 03:09:00,GCP,us-east-1,9.71,753.97,0
2026-04-05 03:10:00,GCP,us-east-1,11.2,992.3,0
2026-04-05 03:11:00,GCP,sa-east-1,78.66442343298031,788.83,0
2026-04-05 03:12:00,GCP,us-east-1,9.73,225.58,0
2026-04-05 03:13:00,GCP,sa-east-1,79.18097686540885,515.38,0
2026-04-05 03:14:00,GCP,ap-northeast-1,14.98,553.15,0
2026-04-05 03:15:00,GCP,ap-northeast-1,6.53,374.33,0
2026-04-05 03:16:00,GCP,us-east-1,9.4,247.85,0
2026-04-05 03:17:00,GCP,us-east-1,9.52,740.57,0
2026-04-05 03:18:00,Azure,ap-northeast-1,19.04,349.75,0
2026-04-05 03:19:00,GCP,sa-east-1,109.60332732063077,662.19,0
2026-04-05 03:20:00,AWS,sa-east-1,74.09453732456016,390.33,0
2026-04-05 03:21:00,Azure,us-east-1,12.7,555.61,0
2026-04-05 03:22:00,GCP,us-east-1,5.09,403.35,0
2026-04-05 03:23:00,AWS,us-east-1,27.21,470.58,0
2026-04-05 03:24:00,GCP,ap-northeast-1,7.67,758.86,0
2026-04-05 03:25:00,AWS,eu-west-1,19.01,895.44,0
2026-04-05 03:26:00,AWS,us-east-1,10.89,557.87,0
2026-04-05 03:27:00,AWS,sa-east-1,67.97749179960236,649.23,0
2026-04-05 03:28:00,AWS,eu-west-1,20.53,877.97,0
2026-04-05 03:29:00,Azure,sa-east-1,82.58681704334451,228.9,0
2026-04-05 03:30:00,Azure,eu-west-1,7.0,245.98,0
2026-04-05 03:31:00,AWS,ap-northeast-1,13.18,423.31,0
2026-04-05 03:32:00,GCP,eu-west-1,13.38,378.16,0
2026-04-05 03:33:00,AWS,sa-east-1,115.79579965116693,987.74,0
2026-04-05 03:34:00,Azure,eu-west-1,17.43,607.68,0
2026-04-05 03:35:00,GCP,ap-northeast-1,11.77,571.52,0
2026-04-05 03:36:00,Azure,sa-east-1,88.00644032184812,620.85,0
2026-04-05 03:37:00,Azure,us-east-1,11.33,887.64,0
2026-04-05 03:38:00,GCP,eu-west-1,24.75,319.19,0
2026-04-05 03:39:00,AWS,sa-east-1,105.42872385056967,559.87,0
2026-04-05 03:40:00,AWS,eu-west-1,12.38,343.87,0
2026-04-05 03:41:00,AWS,ap-northeast-1,17.9,802.52,0
2026-04-05 03:42:00,AWS,sa-east-1,80.73777018986948,799.4,0
2026-04-05 03:43:00,GCP,us-east-1,8.72,961.69,0
2026-04-05 03:44:00,GCP,us-east-1,7.5,502.14,0
2026-04-05 03:45:00,GCP,eu-west-1,6.55,242.79,0
2026-04-05 03:46:00,Azure,ap-northeast-1,10.26,906.77,0
2026-04-05 03:47:00,GCP,ap-northeast-1,13.83,901.54,0
2026-04-05 03:48:00,AWS,eu-west-1,9.62,311.2,0
2026-04-05 03:49:00,Azure,sa-east-1,67.79281898576275,348.64,0
2026-04-05 03:50:00,AWS,sa-east-1,76.93726023481216,382.07,0
2026-04-05 03:51:00,AWS,eu-west-1,16.52,506.58,0
2026-04-05 03:52:00,GCP,sa-east-1,95.01992566930116,846.14,0
2026-04-05 03:53:00,GCP,sa-east-1,84.85250049452955,229.93,0
2026-04-05 03:54:00,AWS,sa-east-1,68.94622323916425,730.35,0
2026-04-05 03:55:00,AWS,eu-west-1,21.73,417.52,0
2026-04-05 03:56:00,Azure,us-east-1,7.63,276.1,0
2026-04-05 03:57:00,GCP,ap-northeast-1,18.65,404.59,0
2026-04-05 03:58:00,Azure,us-east-1,12.98,579.95,0
2026-04-05 03:59:00,Azure,sa-east-1,90.5287075681935,929.27,0
2026-04-05 04:00:00,Azure,eu-west-1,17.72,665.44,0
2026-04-05 04:01:00,AWS,ap-northeast-1,9.59,646.37,0
2026-04-05 04:02:00,Azure,sa-east-1,104.65236587089348,197.87,0
2026-04-05 04:03:00,Azure,ap-northeast-1,10.97,171.82,0
2026-04-05 04:04:00,AWS,ap-northeast-1,3.15,216.52,0
2026-04-05 04:05:00,GCP,us-east-1,17.06,185.99,0
2026-04-05 04:06:00,GCP,sa-east-1,102.23981848809792,618.73,0
2026-04-05 04:07:00,Azure,ap-northeast-1,9.52,507.35,0
2026-04-05 04:08:00,AWS,us-east-1,16.8,104.49,0
2026-04-05 04:09:00,GCP,eu-west-1,7.88,415.96,0
2026-04-05 04:10:00,Azure,ap-northeast-1,7.96,214.63,0
2026-04-05 04:11:00,Azure,sa-east-1,100.12287774440365,989.31,0
2026-04-05 04:12:00,AWS,eu-west-1,8.6,514.14,0
2026-04-05 04:13:00,Azure,ap-northeast-1,11.42,483.51,0
2026-04-05 04:14:00,GCP,ap-northeast-1,7.62,679.76,0
2026-04-05 04:15:00,AWS,sa-east-1,71.79033934055578,421.38,0
2026-04-05 04:16:00,GCP,ap-northeast-1,13.52,743.96,0
2026-04-05 04:17:00,GCP,sa-east-1,90.04041551038382,914.31,0
2026-04-05 04:18:00,GCP,sa-east-1,64.43526568375839,549.01,0
2026-04-05 04:19:00,Azure,sa-east-1,78.48406693554908,444.63,0
2026-04-05 04:20:00,Azure,sa-east-1,99.3561375873968,569.71,0
2026-04-05 04:21:00,GCP,ap-northeast-1,7.1,643.2,0
2026-04-05 04:22:00,GCP,eu-west-1,6.96,862.93,0
2026-04-05 04:23:00,AWS,eu-west-1,9.01,455.03,0
2026-04-05 04:24:00,AWS,us-east-1,20.3,146.29,0
2026-04-05 04:25:00,Azure,sa-east-1,103.17547955583613,667.66,0
2026-04-05 04:26:00,Azure,ap-northeast-1,14.59,988.19,0
2026-04-05 04:27:00,AWS,ap-northeast-1,6.5,868.81,0
2026-04-05 04:28:00,GCP,us-east-1,13.37,782.43,0
2026-04-05 04:29:00,Azure,eu-west-1,14.42,258.85,0
2026-04-05 04:30:00,GCP,ap-northeast-1,26.92,773.76,0
2026-04-05 04:31:00,AWS,us-east-1,12.07,173.33,0
2026-04-05 04:32:00,Azure,eu-west-1,10.01,544.53,0
2026-04-05 04:33:00,Azure,ap-northeast-1,8.3,433.81,0
2026-04-05 04:34:00,AWS,sa-east-1,109.59000198183192,914.76,0
2026-04-05 04:35:00,Azure,us-east-1,11.05,243.85,0
2026-04-05 04:36:00,AWS,ap-northeast-1,21.35,810.0,0
2026-04-05 04:37:00,Azure,us-east-1,19.13,143.66,0
2026-04-05 04:38:00,AWS,us-east-1,7.41,731.58,0
2026-04-05 04:39:00,Azure,us-east-1,12.05,364.4,1
2026-04-05 04:40:00,GCP,sa-east-1,139.85816112112002,978.32,0
2026-04-05 04:41:00,GCP,eu-west-1,5.85,704.57,0
2026-04-05 04:42:00,GCP,eu-west-1,11.1,378.01,0
2026-04-05 04:43:00,Azure,ap-northeast-1,17.75,311.97,0
2026-04-05 04:44:00,Azure,sa-east-1,109.45362585871106,675.38,0
2026-04-05 04:45:00,GCP,eu-west-1,10.37,345.46,0
2026-04-05 04:46:00,GCP,ap-northeast-1,9.63,268.12,0
2026-04-05 04:47:00,AWS,ap-northeast-1,7.16,682.9,0
2026-04-05 04:48:00,AWS,us-east-1,11.2,751.86,0
2026-04-05 04:49:00,AWS,sa-east-1,78.21906510478539,314.23,0
2026-04-05 04:50:00,GCP,eu-west-1,6.45,582.29,0
2026-04-05 04:51:00,GCP,sa-east-1,69.95167973058145,697.27,0
2026-04-05 04:52:00,GCP,sa-east-1,114.64411355683298,947.73,0
2026-04-05 04:53:00,AWS,eu-west-1,12.06,823.09,0
2026-04-05 04:54:00,Azure,eu-west-1,9.87,478.73,0
2026-04-05 04:55:00,GCP,sa-east-1,86.2268755964152,859.97,0
2026-04-05 04:56:00,Azure,ap-northeast-1,7.77,497.52,0
2026-04-05 04:57:00,Azure,sa-east-1,82.89916834805095,217.11,0
2026-04-05 04:58:00,Azure,eu-west-1,11.21,406.99,0
2026-04-05 04:59:00,AWS,sa-east-1,89.25361221920048,824.25,0
2026-04-05 05:00:00,Azure,eu-west-1,28.17,960.22,0
2026-04-05 05:01:00,GCP,ap-northeast-1,21.72,985.23,0
2026-04-05 05:02:00,AWS,sa-east-1,98.12062274112841,675.19,0
2026-04-05 05:03:00,GCP,ap-northeast-1,8.09,530.51,0
2026-04-05 05:04:00,GCP,sa-east-1,68.46202476121155,245.85,0
2026-04-05 05:05:00,AWS,sa-east-1,107.61062115476619,192.27,0
2026-04-05 05:06:00,GCP,eu-west-1,14.33,566.65,0
2026-04-05 05:07:00,GCP,us-east-1,4.53,755.0,0
2026-04-05 05:08:00,AWS,eu-west-1,14.42,391.53,0
2026-04-05 05:09:00,GCP,sa-east-1,129.37305167611268,707.21,0
2026-04-05 05:10:00,Azure,us-east-1,31.45,613.73,0
2026-04-05 05:11:00,GCP,us-east-1,8.59,946.67,0
2026-04-05 05:12:00,Azure,ap-northeast-1,17.38,288.6,0
2026-04-05 05:13:00,GCP,sa-east-1,95.18531836704761,631.95,0
2026-04-05 05:14:00,AWS,eu-west-1,11.61,472.42,0
2026-04-05 05:15:00,AWS,us-east-1,8.08,335.42,0
2026-04-05 05:16:00,GCP,us-east-1,6.79,421.56,0
2026-04-05 05:17:00,AWS,eu-west-1,18.95,365.08,0
2026-04-05 05:18:00,GCP,eu-west-1,14.06,574.88,0
2026-04-05 05:19:00,AWS,us-east-1,15.21,602.25,0
2026-04-05 05:20:00,Azure,eu-west-1,16.72,878.99,0
2026-04-05 05:21:00,GCP,ap-northeast-1,13.45,803.18,0
2026-04-05 05:22:00,Azure,us-east-1,7.25,372.26,0
2026-04-05 05:23:00,Azure,ap-northeast-1,13.53,938.19,0
2026-04-05 05:24:00,GCP,sa-east-1,63.33360588540757,881.52,0
2026-04-05 05:25:00,Azure,ap-northeast-1,11.07,663.28,0
2026-04-05 05:26:00,GCP,eu-west-1,7.6,116.77,0
2026-04-05 05:27:00,Azure,us-east-1,5.74,288.22,0
2026-04-05 05:28:00,GCP,ap-northeast-1,9.17,810.39,0
2026-04-05 05:29:00,GCP,eu-west-1,16.0,508.38,0
2026-04-05 05:30:00,AWS,eu-west-1,11.77,213.36,0
2026-04-05 05:31:00,GCP,ap-northeast-1,29.71,467.43,0
2026-04-05 05:32:00,GCP,us-east-1,11.79,290.71,0
2026-04-05 05:33:00,Azure,ap-northeast-1,13.43,903.31,0
2026-04-05 05:34:00,GCP,sa-east-1,68.17582652680933,900.33,0
2026-04-05 05:35:00,AWS,ap-northeast-1,7.16,448.36,0
2026-04-05 05:36:00,Azure,ap-northeast-1,12.05,223.65,0
2026-04-05 05:37:00,Azure,us-east-1,7.14,422.95,0
2026-04-05 05:38:00,AWS,ap-northeast-1,11.77,215.87,0
2026-04-05 05:39:00,Azure,eu-west-1,5.05,373.64,0
2026-04-05 05:40:00,Azure,us-east-1,11.77,794.06,0
2026-04-05 05:41:00,Azure,eu-west-1,13.12,362.75,0
2026-04-05 05:42:00,Azure,us-east-1,13.6,589.78,0
2026-04-05 05:43:00,AWS,sa-east-1,73.25055500114051,206.99,0
2026-04-05 05:44:00,AWS,sa-east-1,93.32551287447163,412.86,0
2026-04-05 05:45:00,Azure,sa-east-1,97.41572945524004,135.67,0
2026-04-05 05:46:00,Azure,ap-northeast-1,7.55,593.35,0
2026-04-05 05:47:00,AWS,sa-east-1,74.93976251623721,412.86,0
2026-04-05 05:48:00,AWS,us-east-1,13.39,884.8,0
2026-04-05 05:49:00,AWS,sa-east-1,109.83206270723852,453.3,0
2026-04-05 05:50:00,Azure,us-east-1,16.18,602.0,0
2026-04-05 05:51:00,Azure,eu-west-1,27.41,978.98,0
2026-04-05 05:52:00,GCP,ap-northeast-1,11.35,678.44,0
2026-04-05 05:53:00,AWS,eu-west-1,9.52,550.42,0
2026-04-05 05:54:00,Azure,eu-west-1,34.48,188.31,0
2026-04-05 05:55:00,AWS,sa-east-1,87.6485192934901,838.87,0
2026-04-05 05:56:00,Azure,sa-east-1,86.21735327695313,678.15,0
2026-04-05 05:57:00,AWS,sa-east-1,70.72589198003378,197.67,0
2026-04-05 05:58:00,Azure,eu-west-1,5.45,321.1,0
2026-04-05 05:59:00,GCP,ap-northeast-1,10.45,583.88,0
2026-04-05 06:00:00,GCP,ap-northeast-1,21.23,140.56,0
2026-04-05 06:01:00,AWS,eu-west-1,8.13,746.48,0
2026-04-05 06:02:00,Azure,ap-northeast-1,23.55,305.01,0
2026-04-05 06:03:00,Azure,eu-west-1,17.85,540.74,0
2026-04-05 06:04:00,AWS,eu-west-1,7.37,317.48,0
2026-04-05 06:05:00,Azure,ap-northeast-1,6.67,540.27,0
2026-04-05 06:06:00,AWS,us-east-1,6.58,270.71,0
2026-04-05 06:07:00,Azure,us-east-1,9.93,634.53,0
2026-04-05 06:08:00,AWS,sa-east-1,104.6121741832383,919.37,0
2026-04-05 06:09:00,Azure,ap-northeast-1,22.42,826.6,0
2026-04-05 06:10:00,AWS,sa-east-1,79.10979173687498,317.37,0
2026-04-05 06:11:00,Azure,eu-west-1,7.8,548.3,0
2026-04-05 06:12:00,GCP,us-east-1,26.03,480.8,0
2026-04-05 06:13:00,Azure,ap-northeast-1,10.68,968.93,0
2026-04-05 06:14:00,AWS,ap-northeast-1,15.04,818.94,0
2026-04-05 06:15:00,GCP,ap-northeast-1,15.37,196.69,0
2026-04-05 06:16:00,Azure,us-east-1,5.89,251.7,0
2026-04-05 06:17:00,GCP,sa-east-1,74.0892730271519,731.83,0
2026-04-05 06:18:00,Azure,us-east-1,16.55,243.87,0
2026-04-05 06:19:00,GCP,sa-east-1,97.59824498624742,955.42,0
2026-04-05 06:20:00,AWS,eu-west-1,8.68,993.65,0
2026-04-05 06:21:00,Azure,eu-west-1,14.06,800.53,0
2026-04-05 06:22:00,Azure,sa-east-1,78.67762262508819,124.12,0
2026-04-05 06:23:00,AWS,eu-west-1,12.76,534.45,0
2026-04-05 06:24:00,GCP,eu-west-1,8.26,465.47,0
2026-04-05 06:25:00,AWS,ap-northeast-1,11.08,819.58,0
2026-04-05 06:26:00,AWS,ap-northeast-1,19.85,358.31,0
2026-04-05 06:27:00,GCP,us-east-1,4.65,447.51,0
2026-04-05 06:28:00,AWS,us-east-1,10.15,184.15,0
2026-04-05 06:29:00,Azure,us-east-1,16.77,408.37,0
2026-04-05 06:30:00,Azure,ap-northeast-1,7.07,976.47,0
2026-04-05 06:31:00,Azure,us-east-1,14.88,947.93,0
2026-04-05 06:32:00,AWS,us-east-1,15.4,775.23,0
2026-04-05 06:33:00,Azure,ap-northeast-1,11.28,916.54,0
2026-04-05 06:34:00,Azure,sa-east-1,104.5598184499639,290.05,0
2026-04-05 06:35:00,Azure,ap-northeast-1,27.5,659.65,0
2026-04-05 06:36:00,Azure,sa-east-1,85.9732858015303,549.98,0
2026-04-05 06:37:00,Azure,ap-northeast-1,6.09,480.42,0
2026-04-05 06:38:00,Azure,us-east-1,9.85,392.35,0
2026-04-05 06:39:00,AWS,eu-west-1,7.41,879.69,0
2026-04-05 06:40:00,Azure,eu-west-1,14.77,536.05,0
2026-04-05 06:41:00,Azure,sa-east-1,64.98496016459848,751.63,0
2026-04-05 06:42:00,GCP,sa-east-1,104.08027462159158,735.36,0
2026-04-05 06:43:00,AWS,sa-east-1,79.32333050853437,222.46,0
2026-04-05 06:44:00,AWS,eu-west-1,8.65,144.04,0
2026-04-05 06:45:00,AWS,sa-east-1,78.0922002815245,855.97,0
2026-04-05 06:46:00,AWS,ap-northeast-1,6.07,541.29,0
2026-04-05 06:47:00,Azure,ap-northeast-1,20.61,829.08,0
2026-04-05 06:48:00,Azure,eu-west-1,15.84,367.36,0
2026-04-05 06:49:00,GCP,ap-northeast-1,9.92,875.65,0
2026-04-05 06:50:00,GCP,sa-east-1,105.28221430034034,847.74,0
2026-04-05 06:51:00,AWS,eu-west-1,7.01,443.5,0
2026-04-05 06:52:00,GCP,sa-east-1,63.19265942968021,470.53,0
2026-04-05 06:53:00,GCP,ap-northeast-1,7.48,415.8,0
2026-04-05 06:54:00,AWS,sa-east-1,112.87895929999628,131.34,0
2026-04-05 06:55:00,AWS,eu-west-1,9.0,718.89,0
2026-04-05 06:56:00,GCP,sa-east-1,90.99431592992802,345.46,0
2026-04-05 06:57:00,Azure,ap-northeast-1,12.75,895.61,0
2026-04-05 06:58:00,GCP,us-east-1,16.22,907.64,0
2026-04-05 06:59:00,GCP,eu-west-1,11.38,750.32,0
2026-04-05 07:00:00,Azure,sa-east-1,81.16968797086176,263.41,0
2026-04-05 07:01:00,Azure,eu-west-1,18.2,180.36,0
2026-04-05 07:02:00,AWS,sa-east-1,74.2162604969982,834.8,0
2026-04-05 07:03:00,AWS,us-east-1,18.03,903.76,0
2026-04-05 07:04:00,GCP,ap-northeast-1,13.71,416.84,0
2026-04-05 07:05:00,Azure,sa-east-1,83.76677528554835,417.66,0
2026-04-05 07:06:00,AWS,sa-east-1,79.21289758426714,451.25,0
2026-04-05 07:07:00,GCP,us-east-1,9.43,844.86,0
2026-04-05 07:08:00,Azure,eu-west-1,7.81,736.36,0
2026-04-05 07:09:00,GCP,ap-northeast-1,9.14,209.78,0
2026-04-05 07:10:00,AWS,sa-east-1,57.335242762334914,671.22,0
2026-04-05 07:11:00,AWS,sa-east-1,99.4109376066201,108.8,0
2026-04-05 07:12:00,Azure,ap-northeast-1,7.17,739.35,0
2026-04-05 07:13:00,GCP,us-east-1,18.3,788.17,0
2026-04-05 07:14:00,Azure,eu-west-1,23.65,833.45,0
2026-04-05 07:15:00,AWS,ap-northeast-1,8.31,663.08,0
2026-04-05 07:16:00,AWS,eu-west-1,9.23,262.53,0
2026-04-05 07:17:00,GCP,us-east-1,15.63,814.37,0
2026-04-05 07:18:00,GCP,us-east-1,9.79,909.81,0
2026-04-05 07:19:00,GCP,ap-northeast-1,8.17,670.42,0
2026-04-05 07:20:00,Azure,sa-east-1,80.62741890440947,347.61,0
2026-04-05 07:21:00,GCP,us-east-1,8.41,261.42,0
2026-04-05 07:22:00,GCP,us-east-1,35.48,308.32,0
2026-04-05 07:23:00,AWS,ap-northeast-1,16.13,115.21,0
2026-04-05 07:24:00,AWS,ap-northeast-1,17.02,109.15,0
2026-04-05 07:25:00,GCP,ap-northeast-1,11.65,367.33,0
2026-04-05 07:26:00,GCP,us-east-1,30.92,930.66,0
2026-04-05 07:27:00,AWS,eu-west-1,8.4,659.19,0
2026-04-05 07:28:00,GCP,us-east-1,17.82,447.5,0
2026-04-05 07:29:00,Azure,ap-northeast-1,6.24,109.76,0
2026-04-05 07:30:00,Azure,sa-east-1,104.44913172692458,990.73,0
2026-04-05 07:31:00,Azure,sa-east-1,76.46859016688474,510.26,0
2026-04-05 07:32:00,GCP,ap-northeast-1,7.61,992.35,0
2026-04-05 07:33:00,AWS,sa-east-1,72.86891287362238,748.13,0
2026-04-05 07:34:00,GCP,us-east-1,20.73,146.11,0
2026-04-05 07:35:00,GCP,eu-west-1,7.79,873.12,0
2026-04-05 07:36:00,AWS,us-east-1,9.68,577.36,0
2026-04-05 07:37:00,AWS,ap-northeast-1,7.41,507.46,0
2026-04-05 07:38:00,AWS,us-east-1,15.48,782.07,0
2026-04-05 07:39:00,Azure,sa-east-1,70.55710097445734,797.32,0
2026-04-05 07:40:00,GCP,us-east-1,12.38,816.79,0
2026-04-05 07:41:00,AWS,eu-west-1,8.14,784.48,0
2026-04-05 07:42:00,GCP,sa-east-1,105.29300009231802,677.14,0
2026-04-05 07:43:00,Azure,eu-west-1,8.52,708.06,0
2026-04-05 07:44:00,Azure,eu-west-1,15.52,872.72,0
2026-04-05 07:45:00,AWS,eu-west-1,7.2,721.49,0
2026-04-05 07:46:00,AWS,us-east-1,8.17,191.22,0
2026-04-05 07:47:00,GCP,us-east-1,18.31,680.95,0
2026-04-05 07:48:00,AWS,us-east-1,9.78,252.99,0
2026-04-05 07:49:00,GCP,us-east-1,29.38,112.83,0
2026-04-05 07:50:00,AWS,sa-east-1,90.0938945273412,292.75,0
2026-04-05 07:51:00,GCP,us-east-1,4.92,238.96,0
2026-04-05 07:52:00,GCP,sa-east-1,79.75130192903245,191.89,0
2026-04-05 07:53:00,GCP,eu-west-1,9.07,293.49,0
2026-04-05 07:54:00,GCP,sa-east-1,102.88338809062401,607.21,0
2026-04-05 07:55:00,Azure,ap-northeast-1,16.79,236.32,0
2026-04-05 07:56:00,GCP,us-east-1,9.57,351.49,0
2026-04-05 07:57:00,AWS,ap-northeast-1,22.56,864.63,0
2026-04-05 07:58:00,Azure,sa-east-1,80.34838640801613,899.25,0
2026-04-05 07:59:00,Azure,us-east-1,10.39,399.78,0
2026-04-05 08:00:00,GCP,ap-northeast-1,21.9,909.06,1
2026-04-05 08:01:00,Azure,us-east-1,8.14,627.15,0
2026-04-05 08:02:00,GCP,sa-east-1,107.1912230545026,303.73,0
2026-04-05 08:03:00,AWS,ap-northeast-1,16.92,778.86,0
2026-04-05 08:04:00,GCP,sa-east-1,76.45977742762997,929.88,0
2026-04-05 08:05:00,Azure,ap-northeast-1,11.27,693.31,0
2026-04-05 08:06:00,AWS,eu-west-1,18.83,281.2,0
2026-04-05 08:07:00,GCP,eu-west-1,30.59,177.29,0
2026-04-05 08:08:00,AWS,eu-west-1,11.27,306.47,0
2026-04-05 08:09:00,AWS,eu-west-1,12.6,404.66,0
2026-04-05 08:10:00,Azure,eu-west-1,19.35,400.36,0
2026-04-05 08:11:00,AWS,sa-east-1,100.80317643149216,548.69,0
2026-04-05 08:12:00,Azure,eu-west-1,10.52,554.65,1
2026-04-05 08:13:00,AWS,sa-east-1,59.62236445773146,524.29,0
2026-04-05 08:14:00,GCP,eu-west-1,5.14,409.44,0
2026-04-05 08:15:00,AWS,us-east-1,6.91,196.15,0
2026-04-05 08:16:00,GCP,eu-west-1,18.75,476.49,0
2026-04-05 08:17:00,GCP,us-east-1,7.29,987.18,0
2026-04-05 08:18:00,AWS,sa-east-1,73.38197152821132,688.49,0
2026-04-05 08:19:00,GCP,eu-west-1,25.6,495.8,0
2026-04-05 08:20:00,AWS,ap-northeast-1,13.19,175.14,0
2026-04-05 08:21:00,AWS,sa-east-1,102.47272707728456,291.92,0
2026-04-05 08:22:00,GCP,eu-west-1,11.4,617.18,0
2026-04-05 08:23:00,GCP,sa-east-1,70.18041873855182,548.09,0
2026-04-05 08:24:00,Azure,ap-northeast-1,14.77,117.28,0
2026-04-05 08:25:00,GCP,eu-west-1,12.92,177.61,0
2026-04-05 08:26:00,Azure,ap-northeast-1,16.71,420.41,0
2026-04-05 08:27:00,GCP,eu-west-1,20.08,226.74,0
2026-04-05 08:28:00,AWS,us-east-1,9.58,962.06,0
2026-04-05 08:29:00,GCP,sa-east-1,86.8678695420105,130.71,0
2026-04-05 08:30:00,AWS,ap-northeast-1,14.37,976.64,0
2026-04-05 08:31:00,AWS,sa-east-1,56.13485001650413,690.9,0
2026-04-05 08:32:00,AWS,ap-northeast-1,11.09,466.5,0
2026-04-05 08:33:00,Azure,sa-east-1,91.1032267824674,585.49,0
2026-04-05 08:34:00,GCP,sa-east-1,87.29553855474093,469.11,0
2026-04-05 08:35:00,AWS,sa-east-1,90.78432844024366,615.89,0
2026-04-05 08:36:00,AWS,us-east-1,13.13,236.81,0
2026-04-05 08:37:00,Azure,eu-west-1,5.99,208.01,0
2026-04-05 08:38:00,GCP,us-east-1,8.04,575.73,0
2026-04-05 08:39:00,GCP,sa-east-1,72.43902807029126,164.21,0
2026-04-05 08:40:00,Azure,ap-northeast-1,6.61,363.24,0
2026-04-05 08:41:00,Azure,sa-east-1,89.50526857715204,934.21,0
2026-04-05 08:42:00,GCP,eu-west-1,21.54,888.59,0
2026-04-05 08:43:00,Azure,us-east-1,22.66,848.26,0
2026-04-05 08:44:00,GCP,eu-west-1,26.38,556.45,0
2026-04-05 08:45:00,GCP,ap-northeast-1,17.95,125.1,0
2026-04-05 08:46:00,AWS,eu-west-1,15.07,209.23,0
2026-04-05 08:47:00,AWS,us-east-1,16.61,927.51,0
2026-04-05 08:48:00,GCP,ap-northeast-1,12.62,852.77,0
2026-04-05 08:49:00,GCP,eu-west-1,10.11,438.87,0
2026-04-05 08:50:00,GCP,us-east-1,17.9,756.08,0
2026-04-05 08:51:00,GCP,us-east-1,15.25,869.08,0
2026-04-05 08:52:00,GCP,sa-east-1,87.50386314470288,658.3,0
2026-04-05 08:53:00,GCP,eu-west-1,10.98,868.17,0
2026-04-05 08:54:00,Azure,ap-northeast-1,11.47,320.21,0
2026-04-05 08:55:00,GCP,sa-east-1,90.38159776476073,515.92,0
2026-04-05 08:56:00,Azure,eu-west-1,11.43,621.14,0
2026-04-05 08:57:00,Azure,eu-west-1,50.45,668.04,0
2026-04-05 08:58:00,GCP,ap-northeast-1,32.05,988.29,0
2026-04-05 08:59:00,GCP,sa-east-1,76.9616580225354,861.34,1
2026-04-05 09:00:00,Azure,sa-east-1,110.64778928319308,149.73,0
2026-04-05 09:01:00,Azure,ap-northeast-1,15.23,252.22,0
2026-04-05 09:02:00,GCP,sa-east-1,75.6315231473356,691.43,0
2026-04-05 09:03:00,GCP,us-east-1,9.75,316.46,0
2026-04-05 09:04:00,Azure,ap-northeast-1,12.45,243.07,0
2026-04-05 09:05:00,Azure,eu-west-1,10.12,699.99,0
2026-04-05 09:06:00,Azure,ap-northeast-1,13.35,582.78,0
2026-04-05 09:07:00,AWS,us-east-1,14.66,824.67,0
2026-04-05 09:08:00,Azure,ap-northeast-1,2.48,387.43,0
2026-04-05 09:09:00,AWS,eu-west-1,4.65,396.73,0
2026-04-05 09:10:00,GCP,eu-west-1,7.97,235.44,0
2026-04-05 09:11:00,GCP,ap-northeast-1,14.01,687.03,0
2026-04-05 09:12:00,Azure,ap-northeast-1,8.29,738.0,0
2026-04-05 09:13:00,GCP,us-east-1,38.67,224.58,0
2026-04-05 09:14:00,GCP,us-east-1,19.05,328.7,0
2026-04-05 09:15:00,GCP,eu-west-1,32.43,238.84,0
2026-04-05 09:16:00,GCP,sa-east-1,103.92856144202561,772.91,0
2026-04-05 09:17:00,AWS,sa-east-1,73.83501716700609,288.19,0
2026-04-05 09:18:00,AWS,sa-east-1,83.48169980477525,237.02,0
2026-04-05 09:19:00,Azure,sa-east-1,70.76339909767987,162.87,0
2026-04-05 09:20:00,Azure,eu-west-1,6.7,848.17,0
2026-04-05 09:21:00,Azure,sa-east-1,79.55956024256035,211.58,0
2026-04-05 09:22:00,GCP,sa-east-1,109.86958539970203,126.7,0
2026-04-05 09:23:00,GCP,ap-northeast-1,13.5,157.87,0
2026-04-05 09:24:00,AWS,sa-east-1,101.29696347681414,430.15,0
2026-04-05 09:25:00,AWS,ap-northeast-1,31.92,636.99,0
2026-04-05 09:26:00,Azure,eu-west-1,10.64,458.38,0
2026-04-05 09:27:00,AWS,ap-northeast-1,6.16,509.87,0
2026-04-05 09:28:00,AWS,us-east-1,6.73,927.37,0
2026-04-05 09:29:00,AWS,ap-northeast-1,21.64,783.03,0
2026-04-05 09:30:00,AWS,sa-east-1,86.95057659880823,406.94,0
2026-04-05 09:31:00,AWS,ap-northeast-1,7.81,238.88,0
2026-04-05 09:32:00,Azure,ap-northeast-1,17.36,774.26,0
2026-04-05 09:33:00,Azure,eu-west-1,7.11,616.17,0
2026-04-05 09:34:00,AWS,eu-west-1,5.02,966.02,0
2026-04-05 09:35:00,Azure,sa-east-1,86.53866590165245,917.6,0
2026-04-05 09:36:00,GCP,us-east-1,5.91,607.28,0
2026-04-05 09:37:00,AWS,us-east-1,21.73,162.92,0
2026-04-05 09:38:00,GCP,ap-northeast-1,11.01,127.86,0
2026-04-05 09:39:00,Azure,us-east-1,11.98,853.77,0
2026-04-05 09:40:00,Azure,eu-west-1,13.38,728.24,0
2026-04-05 09:41:00,GCP,sa-east-1,68.52263314353091,604.14,0
2026-04-05 09:42:00,Azure,sa-east-1,100.67863833830056,720.03,0
2026-04-05 09:43:00,AWS,eu-west-1,10.06,585.81,0
2026-04-05 09:44:00,GCP,sa-east-1,70.0617941710898,620.5,0
2026-04-05 09:45:00,AWS,ap-northeast-1,9.56,303.3,0
2026-04-05 09:46:00,GCP,sa-east-1,88.58648436991353,509.95,0
2026-04-05 09:47:00,Azure,us-east-1,10.76,109.97,0
2026-04-05 09:48:00,GCP,sa-east-1,71.48902132605056,701.86,0
2026-04-05 09:49:00,GCP,sa-east-1,88.288299490777,399.07,0
2026-04-05 09:50:00,AWS,eu-west-1,26.38,690.69,0
2026-04-05 09:51:00,Azure,eu-west-1,7.27,933.82,0
2026-04-05 09:52:00,AWS,us-east-1,9.35,632.48,0
2026-04-05 09:53:00,Azure,eu-west-1,14.84,395.28,0
2026-04-05 09:54:00,AWS,us-east-1,16.59,286.44,0
2026-04-05 09:55:00,GCP,ap-northeast-1,6.67,326.54,0
2026-04-05 09:56:00,AWS,us-east-1,11.57,988.57,0
2026-04-05 09:57:00,Azure,sa-east-1,92.31781642678645,653.83,0
2026-04-05 09:58:00,Azure,us-east-1,5.47,496.49,1
2026-04-05 09:59:00,GCP,ap-northeast-1,11.66,307.88,0
2026-04-05 10:00:00,Azure,sa-east-1,69.82233272132397,795.75,1
2026-04-05 10:01:00,AWS,us-east-1,8.11,448.7,0
2026-04-05 10:02:00,GCP,eu-west-1,12.71,371.01,0
2026-04-05 10:03:00,Azure,eu-west-1,10.93,300.07,0
2026-04-05 10:04:00,Azure,eu-west-1,6.89,267.07,0
2026-04-05 10:05:00,AWS,us-east-1,22.44,346.04,0
2026-04-05 10:06:00,AWS,us-east-1,10.31,664.48,0
2026-04-05 10:07:00,GCP,ap-northeast-1,16.04,315.86,0
2026-04-05 10:08:00,Azure,sa-east-1,91.18629532811525,154.54,0
2026-04-05 10:09:00,AWS,sa-east-1,59.18057397764577,423.12,0
2026-04-05 10:10:00,GCP,sa-east-1,67.93583134370071,626.37,0
2026-04-05 10:11:00,Azure,sa-east-1,95.03287610656905,154.2,0
2026-04-05 10:12:00,Azure,us-east-1,6.08,507.36,0
2026-04-05 10:13:00,GCP,us-east-1,22.28,147.06,0
2026-04-05 10:14:00,GCP,ap-northeast-1,12.81,791.36,0
2026-04-05 10:15:00,AWS,sa-east-1,95.24879406893452,884.69,0
2026-04-05 10:16:00,Azure,us-east-1,5.42,967.43,0
2026-04-05 10:17:00,Azure,us-east-1,6.44,722.14,0
2026-04-05 10:18:00,Azure,us-east-1,11.54,668.86,0
2026-04-05 10:19:00,GCP,us-east-1,6.24,724.67,0
2026-04-05 10:20:00,AWS,sa-east-1,94.0650944140072,869.18,0
2026-04-05 10:21:00,Azure,sa-east-1,64.17556120562276,826.38,0
2026-04-05 10:22:00,GCP,us-east-1,5.58,494.65,0
2026-04-05 10:23:00,Azure,eu-west-1,8.75,685.97,0
2026-04-05 10:24:00,AWS,ap-northeast-1,7.16,245.73,0
2026-04-05 10:25:00,Azure,sa-east-1,103.65351048048991,725.43,0
2026-04-05 10:26:00,AWS,sa-east-1,89.69160823181652,757.69,0
2026-04-05 10:27:00,AWS,eu-west-1,12.8,821.18,0
2026-04-05 10:28:00,Azure,sa-east-1,69.4287384282728,835.88,0
2026-04-05 10:29:00,Azure,eu-west-1,31.13,495.92,0
2026-04-05 10:30:00,AWS,eu-west-1,20.01,913.17,0
2026-04-05 10:31:00,GCP,us-east-1,27.54,982.86,0
2026-04-05 10:32:00,AWS,sa-east-1,100.99437112905134,980.24,0
2026-04-05 10:33:00,Azure,ap-northeast-1,9.09,627.18,0
2026-04-05 10:34:00,Azure,eu-west-1,14.33,603.53,0
2026-04-05 10:35:00,GCP,ap-northeast-1,10.47,511.6,0
2026-04-05 10:36:00,AWS,us-east-1,14.44,369.81,0
2026-04-05 10:37:00,AWS,sa-east-1,74.59288497931982,400.38,0
2026-04-05 10:38:00,AWS,us-east-1,16.42,294.18,0
2026-04-05 10:39:00,Azure,us-east-1,12.23,960.15,0
2026-04-05 10:40:00,AWS,ap-northeast-1,12.59,657.84,0
2026-04-05 10:41:00,GCP,ap-northeast-1,13.6,941.02,0
2026-04-05 10:42:00,Azure,eu-west-1,21.18,448.41,0
2026-04-05 10:43:00,Azure,sa-east-1,98.50942398886349,368.38,0
2026-04-05 10:44:00,AWS,us-east-1,10.7,219.47,0
2026-04-05 10:45:00,GCP,eu-west-1,9.45,370.22,0
2026-04-05 10:46:00,Azure,eu-west-1,13.05,901.14,0
2026-04-05 10:47:00,Azure,us-east-1,16.75,624.05,0
2026-04-05 10:48:00,AWS,us-east-1,14.15,507.23,0
2026-04-05 10:49:00,AWS,eu-west-1,11.84,611.42,0
2026-04-05 10:50:00,GCP,us-east-1,20.83,903.42,0
2026-04-05 10:51:00,AWS,us-east-1,8.19,273.54,0
2026-04-05 10:52:00,GCP,ap-northeast-1,5.76,969.09,0
2026-04-05 10:53:00,Azure,sa-east-1,88.35620996901903,699.57,0
2026-04-05 10:54:00,GCP,eu-west-1,11.94,869.82,0
2026-04-05 10:55:00,GCP,us-east-1,11.21,572.87,0
2026-04-05 10:56:00,GCP,eu-west-1,6.3,312.97,0
2026-04-05 10:57:00,Azure,sa-east-1,83.91842301319289,610.69,0
2026-04-05 10:58:00,AWS,eu-west-1,29.89,161.15,0
2026-04-05 10:59:00,Azure,eu-west-1,6.26,866.98,0
2026-04-05 11:00:00,AWS,eu-west-1,11.26,684.62,0
2026-04-05 11:01:00,GCP,ap-northeast-1,12.65,354.57,0
2026-04-05 11:02:00,GCP,sa-east-1,60.21731577875191,347.02,0
2026-04-05 11:03:00,GCP,sa-east-1,95.85379223302327,912.53,0
2026-04-05 11:04:00,GCP,eu-west-1,9.74,856.82,1
2026-04-05 11:05:00,GCP,eu-west-1,13.15,786.8,0
2026-04-05 11:06:00,AWS,sa-east-1,102.17006247742911,473.31,0
2026-04-05 11:07:00,AWS,us-east-1,9.31,885.25,0
2026-04-05 11:08:00,GCP,ap-northeast-1,11.72,322.2,0
2026-04-05 11:09:00,Azure,sa-east-1,79.91485525596812,121.83,0
2026-04-05 11:10:00,Azure,eu-west-1,5.59,489.49,0
2026-04-05 11:11:00,GCP,us-east-1,17.24,927.57,0
2026-04-05 11:12:00,AWS,us-east-1,8.48,614.1,0
2026-04-05 11:13:00,Azure,us-east-1,16.6,306.49,0
2026-04-05 11:14:00,Azure,ap-northeast-1,8.72,685.74,0
2026-04-05 11:15:00,Azure,ap-northeast-1,17.4,770.49,0
2026-04-05 11:16:00,GCP,sa-east-1,62.47843362098965,595.3,0
2026-04-05 11:17:00,Azure,sa-east-1,96.4158275492518,858.34,0
2026-04-05 11:18:00,Azure,sa-east-1,91.56323044204105,633.14,0
2026-04-05 11:19:00,Azure,sa-east-1,110.9744352782788,186.42,0
2026-04-05 11:20:00,Azure,eu-west-1,12.5,828.59,0
2026-04-05 11:21:00,AWS,ap-northeast-1,9.69,231.72,0
2026-04-05 11:22:00,GCP,us-east-1,21.55,894.48,0
2026-04-05 11:23:00,GCP,eu-west-1,18.68,569.66,0
2026-04-05 11:24:00,AWS,sa-east-1,84.91583021607721,758.68,0
2026-04-05 11:25:00,AWS,sa-east-1,84.04726136661992,974.89,0
2026-04-05 11:26:00,GCP,eu-west-1,5.05,488.75,0
2026-04-05 11:27:00,Azure,us-east-1,18.84,513.75,0
2026-04-05 11:28:00,Azure,ap-northeast-1,12.21,843.26,0
2026-04-05 11:29:00,GCP,ap-northeast-1,17.03,199.21,0
2026-04-05 11:30:00,Azure,us-east-1,4.64,124.93,0
2026-04-05 11:31:00,AWS,ap-northeast-1,10.59,643.88,0
2026-04-05 11:32:00,Azure,sa-east-1,74.2179633320781,250.77,0
2026-04-05 11:33:00,Azure,sa-east-1,58.16190616619338,330.16,0
2026-04-05 11:34:00,Azure,sa-east-1,90.4822815325939,978.65,0
2026-04-05 11:35:00,GCP,sa-east-1,103.7798815747104,687.83,0
2026-04-05 11:36:00,AWS,us-east-1,5.07,870.19,0
2026-04-05 11:37:00,Azure,ap-northeast-1,9.42,908.01,0
2026-04-05 11:38:00,GCP,ap-northeast-1,15.31,209.22,0
2026-04-05 11:39:00,Azure,eu-west-1,7.72,935.0,0
2026-04-05 11:40:00,AWS,us-east-1,11.91,879.87,0
2026-04-05 11:41:00,Azure,ap-northeast-1,9.81,140.81,0
2026-04-05 11:42:00,AWS,ap-northeast-1,4.49,979.49,0
2026-04-05 11:43:00,Azure,eu-west-1,16.64,512.49,0
2026-04-05 11:44:00,AWS,sa-east-1,71.20732377114749,977.04,0
2026-04-05 11:45:00,Azure,ap-northeast-1,21.64,841.47,0
2026-04-05 11:46:00,AWS,sa-east-1,111.69474722872106,496.12,0
2026-04-05 11:47:00,Azure,eu-west-1,15.52,560.4,0
2026-04-05 11:48:00,Azure,ap-northeast-1,5.44,347.59,0
2026-04-05 11:49:00,GCP,sa-east-1,111.0895895284309,538.23,0
2026-04-05 11:50:00,GCP,us-east-1,10.39,196.74,0
2026-04-05 11:51:00,AWS,sa-east-1,93.75690753510406,917.77,0
2026-04-05 11:52:00,Azure,sa-east-1,102.68053964410453,741.89,0
2026-04-05 11:53:00,AWS,sa-east-1,99.03639634984746,824.69,0
2026-04-05 11:54:00,GCP,sa-east-1,75.56920423954469,578.01,0
2026-04-05 11:55:00,AWS,us-east-1,13.96,213.07,0
2026-04-05 11:56:00,AWS,eu-west-1,7.7,583.52,0
2026-04-05 11:57:00,GCP,sa-east-1,113.72452369425415,396.29,0
2026-04-05 11:58:00,Azure,sa-east-1,111.07779606238302,109.1,0
2026-04-05 11:59:00,AWS,ap-northeast-1,12.01,653.53,0
2026-04-05 12:00:00,GCP,ap-northeast-1,7.29,868.28,0
2026-04-05 12:01:00,Azure,us-east-1,19.01,739.5,0
2026-04-05 12:02:00,GCP,us-east-1,2.38,301.18,0
2026-04-05 12:03:00,AWS,us-east-1,14.76,837.22,0
2026-04-05 12:04:00,Azure,ap-northeast-1,15.72,378.55,0
2026-04-05 12:05:00,Azure,sa-east-1,113.14603984891195,296.64,0
2026-04-05 12:06:00,GCP,ap-northeast-1,18.52,965.03,0
2026-04-05 12:07:00,GCP,eu-west-1,9.18,114.94,0
2026-04-05 12:08:00,GCP,us-east-1,16.03,250.81,0
2026-04-05 12:09:00,Azure,us-east-1,8.71,520.3,0
2026-04-05 12:10:00,Azure,us-east-1,8.04,250.36,0
2026-04-05 12:11:00,AWS,eu-west-1,7.27,250.18,1
2026-04-05 12:12:00,Azure,sa-east-1,102.64436984439023,670.91,0
2026-04-05 12:13:00,AWS,sa-east-1,80.2140848940685,837.13,0
2026-04-05 12:14:00,GCP,sa-east-1,108.30687106437892,695.46,0
2026-04-05 12:15:00,GCP,us-east-1,10.64,191.31,0
2026-04-05 12:16:00,Azure,sa-east-1,81.05777402031623,905.84,0
2026-04-05 12:17:00,GCP,ap-northeast-1,23.68,930.47,0
2026-04-05 12:18:00,GCP,us-east-1,15.13,352.9,0
2026-04-05 12:19:00,Azure,eu-west-1,12.36,597.8,0
2026-04-05 12:20:00,AWS,eu-west-1,7.01,536.71,0
2026-04-05 12:21:00,Azure,sa-east-1,98.98323309937642,701.4,0
2026-04-05 12:22:00,AWS,us-east-1,12.77,980.15,0
2026-04-05 12:23:00,Azure,ap-northeast-1,12.18,987.74,0
2026-04-05 12:24:00,Azure,ap-northeast-1,15.97,558.23,0
2026-04-05 12:25:00,GCP,us-east-1,12.32,182.75,0
2026-04-05 12:26:00,Azure,sa-east-1,96.8819212059417,401.03,0
2026-04-05 12:27:00,Azure,eu-west-1,20.2,472.21,0
2026-04-05 12:28:00,AWS,eu-west-1,9.2,581.17,0
2026-04-05 12:29:00,GCP,ap-northeast-1,12.72,964.33,0
2026-04-05 12:30:00,AWS,ap-northeast-1,9.09,336.18,0
2026-04-05 12:31:00,AWS,ap-northeast-1,31.33,583.02,0
2026-04-05 12:32:00,GCP,eu-west-1,8.49,361.94,0
2026-04-05 12:33:00,GCP,ap-northeast-1,11.48,927.52,0
2026-04-05 12:34:00,GCP,eu-west-1,14.61,990.96,0
2026-04-05 12:35:00,Azure,eu-west-1,15.69,883.67,0
2026-04-05 12:36:00,GCP,sa-east-1,70.44785427344664,404.87,0
2026-04-05 12:37:00,GCP,sa-east-1,110.47508655261822,350.1,0
2026-04-05 12:38:00,GCP,sa-east-1,116.14834241144054,488.05,0
2026-04-05 12:39:00,AWS,ap-northeast-1,9.81,772.82,0
2026-04-05 12:40:00,AWS,eu-west-1,9.27,108.38,0
2026-04-05 12:41:00,Azure,ap-northeast-1,12.42,995.6,0
2026-04-05 12:42:00,AWS,eu-west-1,9.25,895.07,0
2026-04-05 12:43:00,Azure,sa-east-1,69.25662636341652,121.43,0
2026-04-05 12:44:00,AWS,sa-east-1,90.96778009919007,443.89,0
2026-04-05 12:45:00,GCP,ap-northeast-1,34.85,719.05,0
2026-04-05 12:46:00,AWS,eu-west-1,26.36,317.27,0
2026-04-05 12:47:00,Azure,ap-northeast-1,10.81,228.55,0
2026-04-05 12:48:00,AWS,us-east-1,4.34,666.39,0
2026-04-05 12:49:00,GCP,ap-northeast-1,9.07,913.17,0
2026-04-05 12:50:00,Azure,sa-east-1,95.74848667137064,960.03,0
2026-04-05 12:51:00,GCP,eu-west-1,5.57,109.24,0
2026-04-05 12:52:00,GCP,eu-west-1,16.48,887.01,0
2026-04-05 12:53:00,Azure,ap-northeast-1,15.96,604.69,0
2026-04-05 12:54:00,GCP,sa-east-1,107.11475750462512,313.93,0
2026-04-05 12:55:00,GCP,us-east-1,11.96,655.25,0
2026-04-05 12:56:00,AWS,ap-northeast-1,7.75,996.21,0
2026-04-05 12:57:00,GCP,eu-west-1,17.26,348.56,0
2026-04-05 12:58:00,GCP,sa-east-1,99.42508814670282,349.2,0
2026-04-05 12:59:00,GCP,eu-west-1,9.58,729.05,0
2026-04-05 13:00:00,GCP,eu-west-1,8.23,138.89,0
2026-04-05 13:01:00,Azure,eu-west-1,6.71,838.49,0
2026-04-05 13:02:00,AWS,eu-west-1,14.67,687.28,0
2026-04-05 13:03:00,GCP,us-east-1,11.01,857.07,0
2026-04-05 13:04:00,GCP,sa-east-1,98.5630935558137,307.67,0
2026-04-05 13:05:00,Azure,ap-northeast-1,5.58,862.47,0
2026-04-05 13:06:00,GCP,sa-east-1,104.64521027409823,503.75,0
2026-04-05 13:07:00,Azure,sa-east-1,89.84382956983463,219.45,0
2026-04-05 13:08:00,AWS,sa-east-1,90.56787943514396,911.28,0
2026-04-05 13:09:00,AWS,ap-northeast-1,13.27,734.51,0
2026-04-05 13:10:00,GCP,sa-east-1,63.17530354347363,251.46,0
2026-04-05 13:11:00,GCP,ap-northeast-1,21.17,321.85,0
2026-04-05 13:12:00,GCP,ap-northeast-1,19.73,341.98,0
2026-04-05 13:13:00,Azure,us-east-1,21.17,967.0,0
2026-04-05 13:14:00,GCP,eu-west-1,10.79,897.56,0
2026-04-05 13:15:00,GCP,ap-northeast-1,6.01,411.71,0
2026-04-05 13:16:00,AWS,eu-west-1,28.6,519.97,0
2026-04-05 13:17:00,GCP,sa-east-1,111.148209870276,356.75,0
2026-04-05 13:18:00,AWS,eu-west-1,16.0,768.38,0
2026-04-05 13:19:00,GCP,eu-west-1,17.08,245.09,0
2026-04-05 13:20:00,AWS,eu-west-1,48.51,404.75,0
2026-04-05 13:21:00,GCP,sa-east-1,91.07636812750064,645.49,0
2026-04-05 13:22:00,AWS,sa-east-1,109.09581899114012,889.61,0
2026-04-05 13:23:00,Azure,ap-northeast-1,7.95,672.0,0
2026-04-05 13:24:00,AWS,ap-northeast-1,18.31,945.75,0
2026-04-05 13:25:00,AWS,us-east-1,29.72,937.73,0
2026-04-05 13:26:00,AWS,sa-east-1,87.16485194477876,746.47,0
2026-04-05 13:27:00,GCP,us-east-1,4.67,350.83,0
2026-04-05 13:28:00,GCP,sa-east-1,85.86116125923903,714.77,0
2026-04-05 13:29:00,GCP,eu-west-1,10.93,273.46,0
2026-04-05 13:30:00,Azure,us-east-1,18.58,399.88,0
2026-04-05 13:31:00,Azure,us-east-1,9.65,782.11,0
2026-04-05 13:32:00,AWS,us-east-1,40.2,865.57,0
2026-04-05 13:33:00,Azure,sa-east-1,88.04437320931866,475.09,0
2026-04-05 13:34:00,AWS,ap-northeast-1,18.09,571.09,0
2026-04-05 13:35:00,AWS,us-east-1,7.39,447.52,0
2026-04-05 13:36:00,AWS,ap-northeast-1,6.77,531.37,0
2026-04-05 13:37:00,Azure,sa-east-1,58.795197622300215,561.24,0
2026-04-05 13:38:00,GCP,us-east-1,6.39,722.65,0
2026-04-05 13:39:00,Azure,sa-east-1,106.99561999528748,775.47,0
2026-04-05 13:40:00,AWS,ap-northeast-1,9.01,977.51,0
2026-04-05 13:41:00,AWS,ap-northeast-1,6.46,493.89,0
2026-04-05 13:42:00,Azure,us-east-1,8.6,174.83,0
2026-04-05 13:43:00,AWS,ap-northeast-1,17.32,719.35,0
2026-04-05 13:44:00,AWS,eu-west-1,17.1,548.45,0
2026-04-05 13:45:00,Azure,eu-west-1,20.05,856.92,0
2026-04-05 13:46:00,Azure,us-east-1,10.58,231.89,0
2026-04-05 13:47:00,Azure,sa-east-1,90.96853247852667,680.42,0
2026-04-05 13:48:00,AWS,sa-east-1,87.56311438455765,513.33,0
2026-04-05 13:49:00,AWS,sa-east-1,61.11973236573806,477.37,0
2026-04-05 13:50:00,GCP,eu-west-1,18.28,608.38,0
2026-04-05 13:51:00,GCP,ap-northeast-1,12.3,715.76,0
2026-04-05 13:52:00,Azure,eu-west-1,11.22,865.83,0
2026-04-05 13:53:00,GCP,ap-northeast-1,12.24,311.6,0
2026-04-05 13:54:00,AWS,eu-west-1,8.73,363.79,0
2026-04-05 13:55:00,GCP,sa-east-1,111.17731738398251,593.72,0
2026-04-05 13:56:00,AWS,sa-east-1,67.53718917593739,411.9,0
2026-04-05 13:57:00,Azure,sa-east-1,79.15597158765081,611.51,0
2026-04-05 13:58:00,Azure,us-east-1,17.82,280.14,0
2026-04-05 13:59:00,AWS,us-east-1,36.06,376.88,0
2026-04-05 14:00:00,GCP,ap-northeast-1,9.5,392.36,0
2026-04-05 14:01:00,Azure,us-east-1,6.53,993.09,0
2026-04-05 14:02:00,Azure,eu-west-1,21.54,868.91,0
2026-04-05 14:03:00,GCP,eu-west-1,13.43,853.93,0
2026-04-05 14:04:00,GCP,ap-northeast-1,15.66,562.21,0
2026-04-05 14:05:00,AWS,ap-northeast-1,12.39,520.16,0
2026-04-05 14:06:00,GCP,sa-east-1,87.16387308419307,163.11,0
2026-04-05 14:07:00,GCP,us-east-1,14.61,277.59,0
2026-04-05 14:08:00,GCP,sa-east-1,75.20131323103168,905.81,0
2026-04-05 14:09:00,AWS,us-east-1,17.32,573.08,0
2026-04-05 14:10:00,AWS,us-east-1,15.64,988.69,0
2026-04-05 14:11:00,Azure,ap-northeast-1,10.12,632.61,0
2026-04-05 14:12:00,AWS,sa-east-1,104.17626711481053,439.74,0
2026-04-05 14:13:00,Azure,sa-east-1,96.80908899485645,346.7,0
2026-04-05 14:14:00,GCP,us-east-1,15.35,926.52,0
2026-04-05 14:15:00,Azure,us-east-1,15.43,433.66,0
2026-04-05 14:16:00,Azure,ap-northeast-1,11.95,231.53,0
2026-04-05 14:17:00,GCP,eu-west-1,6.89,350.43,0
2026-04-05 14:18:00,Azure,sa-east-1,91.61388792710656,681.06,0
2026-04-05 14:19:00,AWS,sa-east-1,72.10585174594561,219.71,0
2026-04-05 14:20:00,AWS,ap-northeast-1,13.71,182.41,0
2026-04-05 14:21:00,AWS,ap-northeast-1,16.82,511.86,0
2026-04-05 14:22:00,AWS,sa-east-1,80.93598866787613,175.29,0
2026-04-05 14:23:00,Azure,sa-east-1,72.5197025961211,453.64,0
2026-04-05 14:24:00,Azure,us-east-1,5.52,390.45,0
2026-04-05 14:25:00,GCP,eu-west-1,9.42,452.33,0
2026-04-05 14:26:00,Azure,sa-east-1,105.59811266104836,539.01,0
2026-04-05 14:27:00,Azure,ap-northeast-1,27.72,266.8,0
2026-04-05 14:28:00,Azure,us-east-1,15.09,498.18,0
2026-04-05 14:29:00,GCP,us-east-1,9.82,425.37,0
2026-04-05 14:30:00,AWS,ap-northeast-1,11.64,815.93,1
2026-04-05 14:31:00,Azure,ap-northeast-1,28.71,725.22,0
2026-04-05 14:32:00,GCP,us-east-1,13.53,885.29,0
2026-04-05 14:33:00,GCP,ap-northeast-1,10.07,702.11,0
2026-04-05 14:34:00,GCP,us-east-1,23.64,208.98,0
2026-04-05 14:35:00,AWS,ap-northeast-1,4.6,556.37,0
2026-04-05 14:36:00,Azure,us-east-1,7.37,768.22,0
2026-04-05 14:37:00,GCP,sa-east-1,82.08782927247097,857.51,0
2026-04-05 14:38:00,AWS,sa-east-1,82.60867825328938,263.15,0
2026-04-05 14:39:00,GCP,ap-northeast-1,9.2,301.15,0
2026-04-05 14:40:00,GCP,eu-west-1,5.02,876.02,0
2026-04-05 14:41:00,GCP,sa-east-1,81.50810339688795,536.86,0
2026-04-05 14:42:00,GCP,us-east-1,9.63,507.18,0
2026-04-05 14:43:00,GCP,eu-west-1,11.78,544.7,0
2026-04-05 14:44:00,AWS,us-east-1,12.99,256.0,0
2026-04-05 14:45:00,Azure,us-east-1,19.76,664.87,0
2026-04-05 14:46:00,Azure,sa-east-1,69.63907445445483,827.18,0
2026-04-05 14:47:00,Azure,ap-northeast-1,9.1,853.36,0
2026-04-05 14:48:00,Azure,ap-northeast-1,12.47,127.34,0
2026-04-05 14:49:00,AWS,us-east-1,13.75,743.67,0
2026-04-05 14:50:00,AWS,sa-east-1,72.4675633634069,182.1,0
2026-04-05 14:51:00,AWS,us-east-1,5.2,970.18,0
2026-04-05 14:52:00,GCP,eu-west-1,9.54,534.02,0
2026-04-05 14:53:00,GCP,us-east-1,18.24,797.87,0
2026-04-05 14:54:00,GCP,sa-east-1,74.74714431951554,659.67,0
2026-04-05 14:55:00,Azure,us-east-1,22.69,956.74,0
2026-04-05 14:56:00,GCP,sa-east-1,102.01595699086567,976.29,0
2026-04-05 14:57:00,Azure,ap-northeast-1,9.36,350.99,0
2026-04-05 14:58:00,GCP,sa-east-1,98.3147608931276,534.58,0
2026-04-05 14:59:00,Azure,eu-west-1,7.89,553.82,1
2026-04-05 15:00:00,GCP,sa-east-1,86.03084642353078,259.93,0
2026-04-05 15:01:00,GCP,eu-west-1,14.47,913.54,0
2026-04-05 15:02:00,AWS,eu-west-1,8.23,414.65,0
2026-04-05 15:03:00,GCP,us-east-1,11.84,178.71,0
2026-04-05 15:04:00,GCP,eu-west-1,7.13,239.08,0
2026-04-05 15:05:00,AWS,sa-east-1,95.67532480040714,561.97,0
2026-04-05 15:06:00,Azure,ap-northeast-1,15.52,893.52,0
2026-04-05 15:07:00,AWS,sa-east-1,70.13570703546341,665.4,0
2026-04-05 15:08:00,AWS,ap-northeast-1,6.9,293.35,0
2026-04-05 15:09:00,Azure,eu-west-1,6.19,367.12,0
2026-04-05 15:10:00,GCP,us-east-1,14.86,978.42,0
2026-04-05 15:11:00,Azure,eu-west-1,10.08,147.56,0
2026-04-05 15:12:00,GCP,eu-west-1,9.22,994.9,0
2026-04-05 15:13:00,GCP,ap-northeast-1,11.49,915.27,0
2026-04-05 15:14:00,Azure,sa-east-1,100.93192427264432,710.63,0
2026-04-05 15:15:00,AWS,us-east-1,14.69,948.88,0
2026-04-05 15:16:00,Azure,us-east-1,15.55,237.22,0
2026-04-05 15:17:00,GCP,us-east-1,19.92,948.33,0
2026-04-05 15:18:00,Azure,us-east-1,10.71,291.32,0
2026-04-05 15:19:00,Azure,sa-east-1,84.23859967013675,591.59,0
2026-04-05 15:20:00,GCP,us-east-1,16.34,539.89,0
2026-04-05 15:21:00,AWS,ap-northeast-1,18.85,561.21,0
2026-04-05 15:22:00,Azure,ap-northeast-1,7.0,340.64,0
2026-04-05 15:23:00,GCP,us-east-1,11.57,802.57,0
2026-04-05 15:24:00,GCP,us-east-1,31.43,768.32,0
2026-04-05 15:25:00,Azure,sa-east-1,81.62762535013844,958.57,0
2026-04-05 15:26:00,AWS,sa-east-1,96.75934702533209,556.29,0
2026-04-05 15:27:00,Azure,us-east-1,29.18,593.28,0
2026-04-05 15:28:00,AWS,sa-east-1,106.24942893918652,913.04,0
2026-04-05 15:29:00,AWS,eu-west-1,6.21,927.5,0
2026-04-05 15:30:00,AWS,us-east-1,10.93,684.58,0
2026-04-05 15:31:00,AWS,sa-east-1,79.52281916581197,838.36,0
2026-04-05 15:32:00,Azure,ap-northeast-1,6.28,554.63,0
2026-04-05 15:33:00,GCP,us-east-1,17.08,449.38,0
2026-04-05 15:34:00,GCP,us-east-1,12.86,877.66,0
2026-04-05 15:35:00,GCP,ap-northeast-1,9.17,799.54,0
2026-04-05 15:36:00,GCP,ap-northeast-1,6.96,318.17,0
2026-04-05 15:37:00,GCP,sa-east-1,123.45825756281918,142.88,0
2026-04-05 15:38:00,GCP,ap-northeast-1,17.96,609.04,0
2026-04-05 15:39:00,Azure,eu-west-1,11.22,857.45,0
2026-04-05 15:40:00,AWS,us-east-1,12.4,322.48,0
2026-04-05 15:41:00,GCP,eu-west-1,10.66,790.66,0
2026-04-05 15:42:00,Azure,sa-east-1,74.93614728981856,472.61,0
2026-04-05 15:43:00,GCP,ap-northeast-1,23.2,402.14,0
2026-04-05 15:44:00,GCP,us-east-1,13.59,255.53,0
2026-04-05 15:45:00,AWS,ap-northeast-1,19.63,940.86,0
2026-04-05 15:46:00,AWS,ap-northeast-1,9.71,303.13,0
2026-04-05 15:47:00,AWS,sa-east-1,98.34173642813543,351.27,0
2026-04-05 15:48:00,GCP,sa-east-1,96.37238842631596,398.34,0
2026-04-05 15:49:00,GCP,sa-east-1,107.52935442061184,356.2,0
2026-04-05 15:50:00,GCP,sa-east-1,107.41346763272372,246.62,0
2026-04-05 15:51:00,AWS,us-east-1,10.23,419.01,0
2026-04-05 15:52:00,Azure,eu-west-1,10.24,524.6,0
2026-04-05 15:53:00,GCP,eu-west-1,10.77,596.6,0
2026-04-05 15:54:00,GCP,us-east-1,9.04,240.85,0
2026-04-05 15:55:00,GCP,ap-northeast-1,45.75,801.47,0
2026-04-05 15:56:00,Azure,us-east-1,5.26,380.38,0
2026-04-05 15:57:00,GCP,eu-west-1,46.67,926.15,0
2026-04-05 15:58:00,Azure,eu-west-1,16.77,396.6,0
2026-04-05 15:59:00,GCP,us-east-1,11.69,876.59,0
2026-04-05 16:00:00,Azure,sa-east-1,77.19974250438918,417.28,0
2026-04-05 16:01:00,GCP,ap-northeast-1,11.94,555.25,0
2026-04-05 16:02:00,AWS,us-east-1,9.19,435.12,0
2026-04-05 16:03:00,AWS,eu-west-1,24.29,448.39,0
2026-04-05 16:04:00,AWS,sa-east-1,75.67966699056107,656.72,0
2026-04-05 16:05:00,AWS,ap-northeast-1,28.09,723.64,0
2026-04-05 16:06:00,GCP,eu-west-1,10.54,883.43,0
2026-04-05 16:07:00,AWS,ap-northeast-1,13.07,612.15,0
2026-04-05 16:08:00,Azure,sa-east-1,87.5721354669534,295.16,0
2026-04-05 16:09:00,AWS,eu-west-1,10.11,990.62,0
2026-04-05 16:10:00,AWS,sa-east-1,60.3228613059578,715.4,0
2026-04-05 16:11:00,AWS,us-east-1,17.46,437.28,0
2026-04-05 16:12:00,GCP,us-east-1,14.45,971.38,0
2026-04-05 16:13:00,AWS,ap-northeast-1,11.9,962.63,0
2026-04-05 16:14:00,Azure,sa-east-1,68.61122155305867,171.59,0
2026-04-05 16:15:00,AWS,sa-east-1,90.57959466601609,117.84,0
2026-04-05 16:16:00,AWS,ap-northeast-1,12.28,140.01,0
2026-04-05 16:17:00,AWS,ap-northeast-1,18.75,716.78,0
2026-04-05 16:18:00,Azure,ap-northeast-1,20.07,739.79,0
2026-04-05 16:19:00,AWS,us-east-1,26.16,751.62,0
2026-04-05 16:20:00,Azure,ap-northeast-1,7.0,667.22,0
2026-04-05 16:21:00,Azure,us-east-1,7.53,356.94,0
2026-04-05 16:22:00,AWS,ap-northeast-1,6.85,250.42,0
2026-04-05 16:23:00,Azure,sa-east-1,82.83447208804273,935.07,0
2026-04-05 16:24:00,GCP,sa-east-1,85.60524071373541,921.83,0
2026-04-05 16:25:00,AWS,ap-northeast-1,15.16,318.24,0
2026-04-05 16:26:00,AWS,ap-northeast-1,21.81,251.14,0
2026-04-05 16:27:00,Azure,us-east-1,10.0,437.81,0
2026-04-05 16:28:00,Azure,eu-west-1,16.23,143.57,0
2026-04-05 16:29:00,AWS,us-east-1,23.08,245.93,0
2026-04-05 16:30:00,GCP,sa-east-1,75.6346970700992,442.27,0
2026-04-05 16:31:00,Azure,ap-northeast-1,10.58,314.87,0
2026-04-05 16:32:00,Azure,sa-east-1,102.11828689802712,763.14,0
2026-04-05 16:33:00,GCP,eu-west-1,5.27,914.46,0
2026-04-05 16:34:00,GCP,us-east-1,15.73,918.23,0
2026-04-05 16:35:00,AWS,sa-east-1,66.72924477942779,643.85,0
2026-04-05 16:36:00,GCP,us-east-1,18.08,733.14,0
2026-04-05 16:37:00,AWS,ap-northeast-1,9.82,544.63,0
2026-04-05 16:38:00,GCP,sa-east-1,88.74646629023583,232.02,0
2026-04-05 16:39:00,Azure,eu-west-1,7.47,671.53,0
2026-04-05 16:40:00,AWS,us-east-1,15.97,414.96,0
2026-04-05 16:41:00,AWS,us-east-1,15.91,105.21,0
2026-04-05 16:42:00,AWS,eu-west-1,9.7,617.46,0
2026-04-05 16:43:00,GCP,sa-east-1,122.95390544229667,278.53,0
2026-04-05 16:44:00,Azure,sa-east-1,104.09355916083548,897.86,0
2026-04-05 16:45:00,AWS,us-east-1,12.1,940.55,0
2026-04-05 16:46:00,AWS,eu-west-1,12.55,245.96,0
2026-04-05 16:47:00,AWS,us-east-1,8.67,126.47,0
2026-04-05 16:48:00,AWS,us-east-1,7.41,103.64,0
2026-04-05 16:49:00,Azure,ap-northeast-1,10.11,921.74,0
2026-04-05 16:50:00,GCP,sa-east-1,68.1614004294908,236.82,0
2026-04-05 16:51:00,Azure,sa-east-1,68.77930906544906,491.8,0
2026-04-05 16:52:00,AWS,ap-northeast-1,5.76,151.45,0
2026-04-05 16:53:00,Azure,sa-east-1,94.7266562510191,436.01,0
2026-04-05 16:54:00,AWS,sa-east-1,92.00724498346253,806.88,0
2026-04-05 16:55:00,GCP,sa-east-1,80.13726315500244,466.0,0
2026-04-05 16:56:00,GCP,eu-west-1,18.26,798.02,0
2026-04-05 16:57:00,GCP,ap-northeast-1,9.79,719.96,0
2026-04-05 16:58:00,AWS,us-east-1,7.98,565.58,0
2026-04-05 16:59:00,Azure,eu-west-1,13.07,763.94,0
2026-04-05 17:00:00,GCP,us-east-1,12.9,891.2,0
2026-04-05 17:01:00,AWS,ap-northeast-1,21.81,813.71,0
2026-04-05 17:02:00,AWS,ap-northeast-1,5.0,722.56,0
2026-04-05 17:03:00,Azure,ap-northeast-1,7.67,731.64,0
2026-04-05 17:04:00,GCP,sa-east-1,69.16390441823212,244.99,0
2026-04-05 17:05:00,AWS,eu-west-1,14.81,955.6,0
2026-04-05 17:06:00,Azure,ap-northeast-1,51.73,285.1,0
2026-04-05 17:07:00,GCP,us-east-1,16.33,414.06,0
2026-04-05 17:08:00,Azure,sa-east-1,74.62002290377903,566.19,0
2026-04-05 17:09:00,Azure,sa-east-1,96.68786948467121,213.56,0
2026-04-05 17:10:00,AWS,eu-west-1,6.24,634.22,0
2026-04-05 17:11:00,AWS,eu-west-1,19.14,264.41,0
2026-04-05 17:12:00,AWS,eu-west-1,8.19,931.03,0
2026-04-05 17:13:00,Azure,sa-east-1,69.81801260916205,899.81,0
2026-04-05 17:14:00,AWS,ap-northeast-1,27.9,589.98,0
2026-04-05 17:15:00,Azure,us-east-1,5.17,504.53,0
2026-04-05 17:16:00,Azure,ap-northeast-1,13.95,192.34,0
2026-04-05 17:17:00,AWS,us-east-1,7.75,840.97,0
2026-04-05 17:18:00,GCP,ap-northeast-1,27.61,441.43,0
2026-04-05 17:19:00,GCP,eu-west-1,7.62,321.69,0
2026-04-05 17:20:00,GCP,us-east-1,17.02,995.77,0
2026-04-05 17:21:00,Azure,sa-east-1,102.04565482560602,701.47,0
2026-04-05 17:22:00,Azure,us-east-1,26.49,166.48,0
2026-04-05 17:23:00,Azure,sa-east-1,94.34342305167301,821.17,0
2026-04-05 17:24:00,AWS,ap-northeast-1,9.22,775.36,0
2026-04-05 17:25:00,Azure,eu-west-1,14.83,461.08,0
2026-04-05 17:26:00,AWS,us-east-1,19.66,211.32,0
2026-04-05 17:27:00,AWS,sa-east-1,77.3210210449268,547.7,0
2026-04-05 17:28:00,GCP,ap-northeast-1,10.03,786.99,0
2026-04-05 17:29:00,GCP,eu-west-1,11.6,168.41,0
2026-04-05 17:30:00,GCP,eu-west-1,12.87,247.1,0
2026-04-05 17:31:00,AWS,eu-west-1,12.53,657.03,0
2026-04-05 17:32:00,AWS,ap-northeast-1,15.14,603.59,0
2026-04-05 17:33:00,AWS,ap-northeast-1,7.31,914.58,0
2026-04-05 17:34:00,Azure,ap-northeast-1,8.81,833.31,0
2026-04-05 17:35:00,AWS,eu-west-1,10.02,926.95,0
2026-04-05 17:36:00,GCP,us-east-1,15.42,519.36,0
2026-04-05 17:37:00,GCP,sa-east-1,75.15073651426691,809.02,0
2026-04-05 17:38:00,AWS,ap-northeast-1,13.16,143.85,0
2026-04-05 17:39:00,AWS,us-east-1,18.0,365.04,0
2026-04-05 17:40:00,GCP,sa-east-1,75.30562806319433,679.85,0
2026-04-05 17:41:00,AWS,eu-west-1,12.65,787.32,0
2026-04-05 17:42:00,GCP,us-east-1,10.47,613.44,0
2026-04-05 17:43:00,Azure,eu-west-1,12.57,532.66,0
2026-04-05 17:44:00,GCP,sa-east-1,78.98674758328879,309.94,0
2026-04-05 17:45:00,Azure,ap-northeast-1,11.21,256.77,0
2026-04-05 17:46:00,AWS,eu-west-1,9.77,887.93,0
2026-04-05 17:47:00,AWS,us-east-1,11.14,227.99,0
2026-04-05 17:48:00,Azure,ap-northeast-1,10.39,491.76,0
2026-04-05 17:49:00,AWS,us-east-1,6.75,899.63,0
2026-04-05 17:50:00,Azure,sa-east-1,62.279813286160184,232.94,0
2026-04-05 17:51:00,AWS,sa-east-1,103.82809340121015,214.79,0
2026-04-05 17:52:00,GCP,ap-northeast-1,16.48,723.26,0
2026-04-05 17:53:00,AWS,us-east-1,26.5,398.42,0
2026-04-05 17:54:00,GCP,us-east-1,21.09,492.14,0
2026-04-05 17:55:00,GCP,us-east-1,19.15,663.03,0
2026-04-05 17:56:00,Azure,us-east-1,13.66,441.08,0
2026-04-05 17:57:00,AWS,sa-east-1,111.11282951832271,819.86,0
2026-04-05 17:58:00,Azure,us-east-1,8.21,972.09,0
2026-04-05 17:59:00,AWS,sa-east-1,90.71698209361557,939.75,0
2026-04-05 18:00:00,GCP,us-east-1,13.4,590.91,0
2026-04-05 18:01:00,GCP,us-east-1,8.02,419.33,0
2026-04-05 18:02:00,AWS,eu-west-1,11.64,490.36,0
2026-04-05 18:03:00,AWS,eu-west-1,3.49,397.14,0
2026-04-05 18:04:00,Azure,us-east-1,15.39,497.55,0
2026-04-05 18:05:00,AWS,sa-east-1,97.68904450113943,111.68,0
2026-04-05 18:06:00,AWS,us-east-1,5.97,149.69,0
2026-04-05 18:07:00,AWS,eu-west-1,17.48,794.2,0
2026-04-05 18:08:00,Azure,us-east-1,19.72,401.33,0
2026-04-05 18:09:00,AWS,eu-west-1,11.68,814.97,0
2026-04-05 18:10:00,GCP,us-east-1,8.51,531.95,0
2026-04-05 18:11:00,Azure,ap-northeast-1,17.45,825.33,0
2026-04-05 18:12:00,Azure,us-east-1,8.29,697.23,0
2026-04-05 18:13:00,GCP,sa-east-1,72.66397002690779,280.9,0
2026-04-05 18:14:00,GCP,eu-west-1,23.91,502.95,0
2026-04-05 18:15:00,GCP,ap-northeast-1,14.7,733.9,0
2026-04-05 18:16:00,AWS,eu-west-1,11.9,397.56,0
2026-04-05 18:17:00,GCP,eu-west-1,10.61,273.97,0
2026-04-05 18:18:00,AWS,sa-east-1,65.58769137746526,585.87,0
2026-04-05 18:19:00,Azure,us-east-1,13.92,346.28,0
2026-04-05 18:20:00,Azure,sa-east-1,88.29560685657277,634.91,0
2026-04-05 18:21:00,GCP,us-east-1,22.29,344.56,0
2026-04-05 18:22:00,AWS,ap-northeast-1,9.69,915.92,0
2026-04-05 18:23:00,GCP,sa-east-1,101.87894815657796,409.51,0
2026-04-05 18:24:00,GCP,sa-east-1,110.01714016608645,916.71,0
2026-04-05 18:25:00,AWS,eu-west-1,11.35,351.53,0
2026-04-05 18:26:00,GCP,sa-east-1,95.56817472684108,644.01,0
2026-04-05 18:27:00,Azure,us-east-1,11.9,217.2,0
2026-04-05 18:28:00,GCP,sa-east-1,93.90503606348709,800.53,0
2026-04-05 18:29:00,AWS,sa-east-1,81.98257465496022,280.2,0
2026-04-05 18:30:00,AWS,ap-northeast-1,14.69,877.62,0
2026-04-05 18:31:00,Azure,us-east-1,16.12,507.2,0
2026-04-05 18:32:00,AWS,eu-west-1,20.61,185.09,0
2026-04-05 18:33:00,AWS,us-east-1,20.01,427.18,0
2026-04-05 18:34:00,Azure,ap-northeast-1,8.19,801.75,0
2026-04-05 18:35:00,GCP,us-east-1,25.21,168.67,0
2026-04-05 18:36:00,Azure,us-east-1,5.21,663.16,0
2026-04-05 18:37:00,GCP,sa-east-1,100.42344794989593,556.54,0
2026-04-05 18:38:00,Azure,sa-east-1,96.25027933954414,378.88,0
2026-04-05 18:39:00,GCP,us-east-1,6.8,780.06,0
2026-04-05 18:40:00,Azure,us-east-1,14.01,147.2,0
2026-04-05 18:41:00,GCP,eu-west-1,17.64,547.88,0
2026-04-05 18:42:00,Azure,ap-northeast-1,8.53,556.18,0
2026-04-05 18:43:00,GCP,sa-east-1,74.65355372696096,177.77,0
2026-04-05 18:44:00,Azure,sa-east-1,82.48192125138571,222.42,0
2026-04-05 18:45:00,AWS,sa-east-1,62.2228045517787,468.69,0
2026-04-05 18:46:00,GCP,sa-east-1,88.57619306119955,582.87,0
2026-04-05 18:47:00,Azure,us-east-1,14.68,147.88,0
2026-04-05 18:48:00,GCP,us-east-1,7.7,110.58,0
2026-04-05 18:49:00,GCP,eu-west-1,6.7,273.34,0
2026-04-05 18:50:00,Azure,sa-east-1,68.75193555098028,539.03,0
2026-04-05 18:51:00,GCP,sa-east-1,69.0284012679236,136.25,0
2026-04-05 18:52:00,Azure,us-east-1,8.37,759.91,0
2026-04-05 18:53:00,AWS,eu-west-1,16.08,236.74,0
2026-04-05 18:54:00,GCP,us-east-1,15.08,795.35,0
2026-04-05 18:55:00,AWS,sa-east-1,72.72167696544372,284.26,0
2026-04-05 18:56:00,GCP,sa-east-1,86.1435750833204,411.96,0
2026-04-05 18:57:00,GCP,ap-northeast-1,16.82,531.18,0
2026-04-05 18:58:00,GCP,ap-northeast-1,14.04,412.54,0
2026-04-05 18:59:00,Azure,ap-northeast-1,6.6,121.26,0
2026-04-05 19:00:00,AWS,eu-west-1,21.73,917.72,0
2026-04-05 19:01:00,GCP,us-east-1,22.95,357.82,0
2026-04-05 19:02:00,Azure,sa-east-1,100.78146187550331,222.43,0
2026-04-05 19:03:00,GCP,sa-east-1,105.04456475864907,219.27,0
2026-04-05 19:04:00,Azure,eu-west-1,17.77,977.15,0
2026-04-05 19:05:00,GCP,sa-east-1,104.69293297721,210.75,0
2026-04-05 19:06:00,AWS,sa-east-1,66.88405113230164,411.89,0
2026-04-05 19:07:00,AWS,us-east-1,25.75,160.86,0
2026-04-05 19:08:00,GCP,ap-northeast-1,10.07,761.93,0
2026-04-05 19:09:00,Azure,ap-northeast-1,13.75,637.08,0
2026-04-05 19:10:00,GCP,eu-west-1,12.81,580.21,0
2026-04-05 19:11:00,Azure,ap-northeast-1,20.53,870.26,0
2026-04-05 19:12:00,GCP,ap-northeast-1,12.85,616.0,0
2026-04-05 19:13:00,Azure,eu-west-1,10.26,959.98,0
2026-04-05 19:14:00,AWS,eu-west-1,5.7,660.5,0
2026-04-05 19:15:00,GCP,ap-northeast-1,12.77,418.91,0
2026-04-05 19:16:00,AWS,us-east-1,11.76,133.07,0
2026-04-05 19:17:00,AWS,eu-west-1,4.4,752.75,0
2026-04-05 19:18:00,GCP,sa-east-1,85.8053188357626,436.28,0
2026-04-05 19:19:00,GCP,eu-west-1,9.04,639.28,0
2026-04-05 19:20:00,Azure,sa-east-1,72.36220210360179,888.71,0
2026-04-05 19:21:00,Azure,eu-west-1,12.01,106.89,0
2026-04-05 19:22:00,AWS,eu-west-1,11.53,783.65,0
2026-04-05 19:23:00,Azure,ap-northeast-1,11.81,491.76,0
2026-04-05 19:24:00,Azure,ap-northeast-1,37.7,211.65,0
2026-04-05 19:25:00,GCP,ap-northeast-1,9.77,624.21,0
2026-04-05 19:26:00,Azure,us-east-1,7.89,579.35,0
2026-04-05 19:27:00,AWS,ap-northeast-1,26.67,858.08,0
2026-04-05 19:28:00,Azure,ap-northeast-1,25.33,569.41,0
2026-04-05 19:29:00,AWS,eu-west-1,7.09,844.62,0
2026-04-05 19:30:00,GCP,eu-west-1,22.35,590.04,0
2026-04-05 19:31:00,AWS,us-east-1,4.84,502.25,0
2026-04-05 19:32:00,Azure,sa-east-1,150.61544106535013,434.07,0
2026-04-05 19:33:00,GCP,eu-west-1,29.71,256.33,0
2026-04-05 19:34:00,Azure,eu-west-1,15.89,625.63,0
2026-04-05 19:35:00,GCP,sa-east-1,117.92642345300271,589.83,0
2026-04-05 19:36:00,GCP,us-east-1,15.21,978.17,0
2026-04-05 19:37:00,Azure,eu-west-1,8.76,471.17,0
2026-04-05 19:38:00,Azure,ap-northeast-1,22.15,479.37,0
2026-04-05 19:39:00,GCP,us-east-1,24.0,247.48,0
2026-04-05 19:40:00,GCP,sa-east-1,105.17532613384809,637.81,0
2026-04-05 19:41:00,Azure,sa-east-1,62.70120668403712,863.07,0
2026-04-05 19:42:00,AWS,ap-northeast-1,6.58,323.13,0
2026-04-05 19:43:00,Azure,ap-northeast-1,11.9,108.17,0
2026-04-05 19:44:00,GCP,ap-northeast-1,10.66,722.33,0
2026-04-05 19:45:00,Azure,us-east-1,22.79,128.24,0
2026-04-05 19:46:00,AWS,sa-east-1,84.8460686985921,468.35,0
2026-04-05 19:47:00,Azure,ap-northeast-1,7.16,651.44,0
2026-04-05 19:48:00,GCP,ap-northeast-1,17.9,447.41,0
2026-04-05 19:49:00,Azure,sa-east-1,96.53252872165467,334.52,0
2026-04-05 19:50:00,GCP,eu-west-1,5.08,819.34,0
2026-04-05 19:51:00,GCP,us-east-1,19.74,370.84,0
2026-04-05 19:52:00,Azure,eu-west-1,5.82,262.04,0
2026-04-05 19:53:00,GCP,ap-northeast-1,9.43,449.56,0
2026-04-05 19:54:00,GCP,us-east-1,7.76,218.5,0
2026-04-05 19:55:00,AWS,eu-west-1,5.55,721.36,0
2026-04-05 19:56:00,AWS,sa-east-1,80.52441640522618,739.07,0
2026-04-05 19:57:00,AWS,ap-northeast-1,7.61,113.3,0
2026-04-05 19:58:00,AWS,us-east-1,9.99,725.38,0
2026-04-05 19:59:00,GCP,us-east-1,12.14,369.09,0
2026-04-05 20:00:00,Azure,us-east-1,17.66,690.58,0
2026-04-05 20:01:00,GCP,us-east-1,7.51,735.84,0
2026-04-05 20:02:00,GCP,ap-northeast-1,15.55,350.0,0
2026-04-05 20:03:00,GCP,ap-northeast-1,10.85,266.85,0
2026-04-05 20:04:00,Azure,sa-east-1,100.1025870856266,843.72,0
2026-04-05 20:05:00,AWS,sa-east-1,105.27688085087726,765.27,0
2026-04-05 20:06:00,GCP,sa-east-1,93.64413629019987,853.43,0
2026-04-05 20:07:00,GCP,eu-west-1,13.49,492.15,0
2026-04-05 20:08:00,AWS,sa-east-1,99.9005660975791,510.73,0
2026-04-05 20:09:00,GCP,ap-northeast-1,8.43,409.75,0
2026-04-05 20:10:00,Azure,eu-west-1,18.23,549.16,0
2026-04-05 20:11:00,GCP,ap-northeast-1,12.27,681.91,0
2026-04-05 20:12:00,GCP,eu-west-1,7.16,833.09,0
2026-04-05 20:13:00,AWS,sa-east-1,80.13369143897273,264.85,0
2026-04-05 20:14:00,GCP,sa-east-1,100.22558558390071,464.88,0
2026-04-05 20:15:00,GCP,sa-east-1,63.461435538155385,515.08,0
2026-04-05 20:16:00,Azure,eu-west-1,9.96,539.2,0
2026-04-05 20:17:00,AWS,ap-northeast-1,27.5,587.78,0
2026-04-05 20:18:00,AWS,us-east-1,8.04,821.57,0
2026-04-05 20:19:00,Azure,ap-northeast-1,20.63,897.63,0
2026-04-05 20:20:00,GCP,sa-east-1,83.2026328357736,243.24,0
2026-04-05 20:21:00,AWS,eu-west-1,18.87,741.41,0
2026-04-05 20:22:00,AWS,eu-west-1,16.24,531.2,0
2026-04-05 20:23:00,GCP,sa-east-1,104.36690287533416,475.95,0
2026-04-05 20:24:00,GCP,eu-west-1,8.99,202.01,0
2026-04-05 20:25:00,AWS,sa-east-1,84.02936252832524,157.72,0
2026-04-05 20:26:00,GCP,ap-northeast-1,14.69,980.03,0
2026-04-05 20:27:00,AWS,eu-west-1,31.31,678.13,0
2026-04-05 20:28:00,GCP,us-east-1,8.95,507.18,0
2026-04-05 20:29:00,GCP,eu-west-1,23.17,785.59,0
2026-04-05 20:30:00,Azure,sa-east-1,67.11117766668032,182.02,0
2026-04-05 20:31:00,GCP,us-east-1,10.81,646.7,0
2026-04-05 20:32:00,Azure,sa-east-1,90.8233993327172,694.55,0
2026-04-05 20:33:00,GCP,eu-west-1,9.51,506.85,0
2026-04-05 20:34:00,AWS,us-east-1,11.26,327.34,0
2026-04-05 20:35:00,AWS,us-east-1,25.05,959.13,0
2026-04-05 20:36:00,GCP,eu-west-1,15.31,371.02,0
2026-04-05 20:37:00,GCP,us-east-1,22.58,212.32,0
2026-04-05 20:38:00,AWS,ap-northeast-1,12.27,667.43,0
2026-04-05 20:39:00,GCP,us-east-1,23.14,616.89,0
2026-04-05 20:40:00,Azure,us-east-1,13.65,779.3,0
2026-04-05 20:41:00,Azure,ap-northeast-1,8.21,778.4,0
2026-04-05 20:42:00,Azure,sa-east-1,102.86353960339991,658.21,0
2026-04-05 20:43:00,Azure,sa-east-1,85.79738066279344,286.78,0
2026-04-05 20:44:00,Azure,ap-northeast-1,16.76,898.43,0
2026-04-05 20:45:00,GCP,us-east-1,18.46,323.45,0
2026-04-05 20:46:00,GCP,eu-west-1,23.09,184.59,0
2026-04-05 20:47:00,Azure,ap-northeast-1,10.64,371.35,0
2026-04-05 20:48:00,GCP,eu-west-1,8.51,534.91,0
2026-04-05 20:49:00,GCP,sa-east-1,68.0675021818629,286.46,0
2026-04-05 20:50:00,Azure,ap-northeast-1,28.88,400.3,0
2026-04-05 20:51:00,GCP,eu-west-1,14.16,562.32,0
2026-04-05 20:52:00,GCP,us-east-1,16.69,390.65,0
2026-04-05 20:53:00,GCP,ap-northeast-1,12.65,180.39,0
2026-04-05 20:54:00,Azure,eu-west-1,14.12,277.49,0
2026-04-05 20:55:00,GCP,ap-northeast-1,9.36,814.79,0
2026-04-05 20:56:00,AWS,ap-northeast-1,16.02,958.9,0
2026-04-05 20:57:00,AWS,sa-east-1,77.21255769474902,233.59,0
2026-04-05 20:58:00,Azure,sa-east-1,69.5263647943045,712.92,0
2026-04-05 20:59:00,AWS,us-east-1,5.75,915.02,0
2026-04-05 21:00:00,Azure,sa-east-1,56.883906000284476,369.23,0
2026-04-05 21:01:00,AWS,sa-east-1,121.6165796318566,846.52,0
2026-04-05 21:02:00,AWS,sa-east-1,69.19516301739058,914.44,0
2026-04-05 21:03:00,AWS,eu-west-1,14.52,369.55,0
2026-04-05 21:04:00,Azure,ap-northeast-1,29.74,151.07,0
2026-04-05 21:05:00,Azure,sa-east-1,101.33596049940617,925.11,0
2026-04-05 21:06:00,GCP,eu-west-1,15.75,397.43,0
2026-04-05 21:07:00,Azure,ap-northeast-1,7.99,112.36,0
2026-04-05 21:08:00,AWS,sa-east-1,85.12287561003023,527.43,0
2026-04-05 21:09:00,AWS,sa-east-1,82.50919115236476,204.29,0
2026-04-05 21:10:00,Azure,ap-northeast-1,4.7,911.53,0
2026-04-05 21:11:00,Azure,eu-west-1,12.51,239.5,0
2026-04-05 21:12:00,Azure,eu-west-1,14.3,373.98,0
2026-04-05 21:13:00,GCP,us-east-1,9.35,811.41,0
2026-04-05 21:14:00,AWS,ap-northeast-1,8.39,825.71,1
2026-04-05 21:15:00,GCP,us-east-1,10.95,911.15,0
2026-04-05 21:16:00,GCP,eu-west-1,8.47,547.66,0
2026-04-05 21:17:00,AWS,sa-east-1,94.50713884825028,988.05,0
2026-04-05 21:18:00,AWS,us-east-1,15.23,564.57,0
2026-04-05 21:19:00,Azure,eu-west-1,27.5,811.64,0
2026-04-05 21:20:00,Azure,eu-west-1,10.2,425.71,0
2026-04-05 21:21:00,GCP,sa-east-1,101.25979016184739,947.16,0
2026-04-05 21:22:00,Azure,ap-northeast-1,13.29,716.51,0
2026-04-05 21:23:00,Azure,eu-west-1,10.11,169.39,0
2026-04-05 21:24:00,AWS,us-east-1,4.52,197.67,0
2026-04-05 21:25:00,AWS,sa-east-1,104.60565216393451,901.73,0
2026-04-05 21:26:00,Azure,ap-northeast-1,39.15,828.6,0
2026-04-05 21:27:00,AWS,ap-northeast-1,20.08,397.08,0
2026-04-05 21:28:00,Azure,ap-northeast-1,32.43,569.44,0
2026-04-05 21:29:00,AWS,eu-west-1,19.08,867.47,0
2026-04-05 21:30:00,AWS,ap-northeast-1,11.29,193.09,0
2026-04-05 21:31:00,AWS,eu-west-1,16.46,224.33,1
2026-04-05 21:32:00,AWS,sa-east-1,77.86364696313758,743.97,0
2026-04-05 21:33:00,Azure,sa-east-1,70.63717197829857,173.98,0
2026-04-05 21:34:00,GCP,ap-northeast-1,15.22,417.31,0
2026-04-05 21:35:00,AWS,sa-east-1,90.251940854768,326.63,0
2026-04-05 21:36:00,Azure,us-east-1,25.5,784.26,0
2026-04-05 21:37:00,Azure,us-east-1,14.68,102.2,0
2026-04-05 21:38:00,AWS,eu-west-1,3.56,203.85,0
2026-04-05 21:39:00,GCP,ap-northeast-1,15.18,189.11,0
2026-04-05 21:40:00,AWS,eu-west-1,4.35,386.27,0
2026-04-05 21:41:00,Azure,sa-east-1,89.560303784419,309.23,0
2026-04-05 21:42:00,GCP,ap-northeast-1,8.3,305.45,0
2026-04-05 21:43:00,Azure,eu-west-1,6.92,433.35,0
2026-04-05 21:44:00,AWS,ap-northeast-1,8.29,292.64,0
2026-04-05 21:45:00,GCP,ap-northeast-1,7.79,195.59,0
2026-04-05 21:46:00,Azure,eu-west-1,11.27,624.93,0
2026-04-05 21:47:00,Azure,ap-northeast-1,7.92,956.56,0
2026-04-05 21:48:00,Azure,sa-east-1,67.11996520615503,646.45,0
2026-04-05 21:49:00,AWS,us-east-1,5.63,781.32,0
2026-04-05 21:50:00,GCP,us-east-1,10.74,974.96,0
2026-04-05 21:51:00,AWS,ap-northeast-1,24.81,237.85,0
2026-04-05 21:52:00,AWS,us-east-1,9.73,513.83,0
2026-04-05 21:53:00,AWS,ap-northeast-1,16.64,623.66,0
2026-04-05 21:54:00,GCP,eu-west-1,6.5,389.9,0
2026-04-05 21:55:00,AWS,sa-east-1,86.70171189490007,651.82,0
2026-04-05 21:56:00,AWS,us-east-1,21.52,661.44,0
2026-04-05 21:57:00,AWS,eu-west-1,24.84,858.01,0
2026-04-05 21:58:00,AWS,sa-east-1,74.39119667770126,849.26,0
2026-04-05 21:59:00,Azure,us-east-1,17.04,228.27,0
2026-04-05 22:00:00,AWS,us-east-1,6.42,252.0,0
2026-04-05 22:01:00,Azure,sa-east-1,67.23369282332334,300.13,0
2026-04-05 22:02:00,AWS,eu-west-1,8.17,335.11,0
2026-04-05 22:03:00,GCP,eu-west-1,14.36,608.04,0
2026-04-05 22:04:00,Azure,us-east-1,9.35,394.74,0
2026-04-05 22:05:00,Azure,sa-east-1,82.37141663497609,957.67,0
2026-04-05 22:06:00,Azure,eu-west-1,41.86,206.47,0
2026-04-05 22:07:00,Azure,sa-east-1,81.60441116478833,321.84,0
2026-04-05 22:08:00,GCP,sa-east-1,79.53986740694009,881.49,0
2026-04-05 22:09:00,AWS,us-east-1,6.74,625.9,0
2026-04-05 22:10:00,Azure,sa-east-1,90.88587489825608,592.69,0
2026-04-05 22:11:00,GCP,sa-east-1,79.29718658823128,634.91,0
2026-04-05 22:12:00,Azure,ap-northeast-1,12.59,327.04,0
2026-04-05 22:13:00,AWS,sa-east-1,89.28435708779575,785.3,0
2026-04-05 22:14:00,Azure,eu-west-1,8.4,546.88,0
2026-04-05 22:15:00,GCP,us-east-1,14.32,138.34,0
2026-04-05 22:16:00,AWS,us-east-1,3.62,259.44,0
2026-04-05 22:17:00,GCP,sa-east-1,105.98985712733955,834.96,0
2026-04-05 22:18:00,AWS,sa-east-1,65.81878316618644,410.54,0
2026-04-05 22:19:00,AWS,eu-west-1,11.87,796.1,0
2026-04-05 22:20:00,AWS,ap-northeast-1,14.84,697.04,0
2026-04-05 22:21:00,Azure,us-east-1,9.19,371.31,0
2026-04-05 22:22:00,GCP,ap-northeast-1,6.61,214.33,0
2026-04-05 22:23:00,GCP,eu-west-1,7.43,826.25,0
2026-04-05 22:24:00,GCP,us-east-1,7.95,678.78,0
2026-04-05 22:25:00,AWS,eu-west-1,6.38,370.72,0
2026-04-05 22:26:00,Azure,sa-east-1,78.97457217482679,570.95,0
2026-04-05 22:27:00,AWS,eu-west-1,8.04,650.71,0
2026-04-05 22:28:00,GCP,sa-east-1,81.94729978182603,101.91,0
2026-04-05 22:29:00,Azure,ap-northeast-1,13.01,703.46,0
2026-04-05 22:30:00,Azure,us-east-1,6.61,690.47,0
2026-04-05 22:31:00,Azure,us-east-1,7.64,174.32,0
2026-04-05 22:32:00,GCP,ap-northeast-1,8.96,808.98,0
2026-04-05 22:33:00,Azure,sa-east-1,98.71745984926866,842.58,0
2026-04-05 22:34:00,Azure,us-east-1,6.7,361.15,0
2026-04-05 22:35:00,AWS,eu-west-1,9.41,245.99,0
2026-04-05 22:36:00,AWS,sa-east-1,89.27999545029607,717.83,0
2026-04-05 22:37:00,Azure,us-east-1,8.19,211.02,0
2026-04-05 22:38:00,Azure,eu-west-1,6.53,872.24,0
2026-04-05 22:39:00,AWS,eu-west-1,11.66,532.12,0
2026-04-05 22:40:00,AWS,us-east-1,8.04,918.83,0
2026-04-05 22:41:00,AWS,ap-northeast-1,3.06,677.95,0
2026-04-05 22:42:00,GCP,ap-northeast-1,13.46,356.58,0
2026-04-05 22:43:00,GCP,us-east-1,18.82,521.23,0
2026-04-05 22:44:00,AWS,eu-west-1,12.05,576.41,0
2026-04-05 22:45:00,Azure,ap-northeast-1,20.52,833.64,0
2026-04-05 22:46:00,AWS,ap-northeast-1,16.81,875.67,0
2026-04-05 22:47:00,GCP,ap-northeast-1,7.95,714.71,0
2026-04-05 22:48:00,Azure,sa-east-1,109.58581404150678,364.78,0
2026-04-05 22:49:00,GCP,ap-northeast-1,14.3,575.71,0
2026-04-05 22:50:00,Azure,us-east-1,15.09,217.56,0
2026-04-05 22:51:00,GCP,us-east-1,7.41,307.1,0
2026-04-05 22:52:00,Azure,sa-east-1,101.042559678522,372.75,0
2026-04-05 22:53:00,Azure,sa-east-1,65.50411884532875,165.48,0
2026-04-05 22:54:00,Azure,us-east-1,19.3,896.49,0
2026-04-05 22:55:00,Azure,sa-east-1,83.92538572043071,210.38,0
2026-04-05 22:56:00,GCP,ap-northeast-1,14.07,727.15,0
2026-04-05 22:57:00,GCP,eu-west-1,12.76,555.1,0
2026-04-05 22:58:00,Azure,eu-west-1,19.76,848.59,0
2026-04-05 22:59:00,Azure,eu-west-1,24.3,766.93,0
2026-04-05 23:00:00,GCP,us-east-1,5.89,783.76,0
2026-04-05 23:01:00,Azure,sa-east-1,114.82791634013445,476.51,0
2026-04-05 23:02:00,Azure,eu-west-1,10.07,850.58,0
2026-04-05 23:03:00,Azure,ap-northeast-1,20.95,185.27,0
2026-04-05 23:04:00,AWS,ap-northeast-1,7.14,499.98,0
2026-04-05 23:05:00,Azure,ap-northeast-1,20.42,995.15,0
2026-04-05 23:06:00,AWS,sa-east-1,93.09508001638686,953.3,0
2026-04-05 23:07:00,Azure,eu-west-1,21.34,173.99,0
2026-04-05 23:08:00,GCP,ap-northeast-1,16.8,615.69,0
2026-04-05 23:09:00,AWS,sa-east-1,101.53227546424615,384.09,0
2026-04-05 23:10:00,AWS,ap-northeast-1,23.05,755.63,0
2026-04-05 23:11:00,Azure,eu-west-1,7.48,762.21,0
2026-04-05 23:12:00,Azure,eu-west-1,21.57,100.08,0
2026-04-05 23:13:00,AWS,eu-west-1,13.1,861.24,0
2026-04-05 23:14:00,GCP,eu-west-1,6.53,301.22,0
2026-04-05 23:15:00,GCP,eu-west-1,7.34,969.32,0
2026-04-05 23:16:00,Azure,ap-northeast-1,85.75,914.89,0
2026-04-05 23:17:00,GCP,eu-west-1,38.62,271.59,0
2026-04-05 23:18:00,GCP,ap-northeast-1,10.96,672.7,0
2026-04-05 23:19:00,Azure,eu-west-1,15.06,366.72,0
2026-04-05 23:20:00,GCP,ap-northeast-1,22.23,192.69,0
2026-04-05 23:21:00,Azure,eu-west-1,6.39,886.6,0
2026-04-05 23:22:00,AWS,ap-northeast-1,17.2,262.74,0
2026-04-05 23:23:00,Azure,eu-west-1,19.96,478.87,0
2026-04-05 23:24:00,AWS,sa-east-1,113.75785332664736,931.77,0
2026-04-05 23:25:00,AWS,ap-northeast-1,24.42,167.82,0
2026-04-05 23:26:00,GCP,sa-east-1,82.3692856017268,595.53,0
2026-04-05 23:27:00,GCP,ap-northeast-1,21.17,614.93,0
2026-04-05 23:28:00,GCP,ap-northeast-1,13.71,786.76,0
2026-04-05 23:29:00,Azure,ap-northeast-1,5.66,844.42,0
2026-04-05 23:30:00,GCP,us-east-1,19.48,481.73,0
2026-04-05 23:31:00,AWS,eu-west-1,23.36,769.31,0
2026-04-05 23:32:00,GCP,sa-east-1,80.1713601797975,919.4,0
2026-04-05 23:33:00,GCP,sa-east-1,101.47287991842428,897.64,0
2026-04-05 23:34:00,Azure,ap-northeast-1,18.8,551.64,0
2026-04-05 23:35:00,Azure,sa-east-1,107.30557559898567,646.33,0
2026-04-05 23:36:00,AWS,sa-east-1,82.90203557855821,705.53,0
2026-04-05 23:37:00,Azure,sa-east-1,67.20482355419857,837.2,0
2026-04-05 23:38:00,GCP,sa-east-1,99.22120209157947,556.96,0
2026-04-05 23:39:00,Azure,us-east-1,14.07,200.71,0
2026-04-05 23:40:00,AWS,ap-northeast-1,9.61,446.77,0
2026-04-05 23:41:00,GCP,sa-east-1,68.86499735177675,748.18,0
2026-04-05 23:42:00,AWS,us-east-1,9.67,661.42,0
2026-04-05 23:43:00,Azure,us-east-1,19.2,778.14,0
2026-04-05 23:44:00,Azure,ap-northeast-1,10.3,549.96,0
2026-04-05 23:45:00,AWS,eu-west-1,19.18,256.96,0
2026-04-05 23:46:00,GCP,eu-west-1,6.01,203.69,0
2026-04-05 23:47:00,Azure,eu-west-1,7.35,533.14,0
2026-04-05 23:48:00,Azure,sa-east-1,102.56974372695838,285.15,0
2026-04-05 23:49:00,GCP,ap-northeast-1,13.04,984.04,0
2026-04-05 23:50:00,Azure,eu-west-1,29.84,278.88,0
2026-04-05 23:51:00,AWS,sa-east-1,127.72586215079595,610.11,0
2026-04-05 23:52:00,Azure,ap-northeast-1,20.67,101.59,0
2026-04-05 23:53:00,Azure,sa-east-1,99.62868014255714,328.28,0
2026-04-05 23:54:00,GCP,eu-west-1,8.36,333.22,0
2026-04-05 23:55:00,AWS,eu-west-1,2.67,764.19,0
2026-04-05 23:56:00,GCP,us-east-1,13.23,546.06,0
2026-04-05 23:57:00,Azure,us-east-1,27.45,110.88,0
2026-04-05 23:58:00,Azure,ap-northeast-1,18.32,441.25,0
2026-04-05 23:59:00,GCP,sa-east-1,59.08570004038205,680.3,0
2026-04-06 00:00:00,GCP,sa-east-1,117.62064124487226,673.04,0
2026-04-06 00:01:00,GCP,eu-west-1,22.25,148.5,0
2026-04-06 00:02:00,AWS,eu-west-1,26.35,936.02,0
2026-04-06 00:03:00,Azure,ap-northeast-1,21.21,322.29,0
2026-04-06 00:04:00,GCP,us-east-1,9.36,902.37,0
2026-04-06 00:05:00,Azure,eu-west-1,4.82,292.07,0
2026-04-06 00:06:00,AWS,sa-east-1,101.53429417766091,611.07,0
2026-04-06 00:07:00,AWS,eu-west-1,17.96,465.47,0
2026-04-06 00:08:00,AWS,us-east-1,4.55,623.21,0
2026-04-06 00:09:00,AWS,sa-east-1,68.29132114426955,548.08,0
2026-04-06 00:10:00,Azure,us-east-1,7.63,101.84,0
2026-04-06 00:11:00,AWS,ap-northeast-1,17.53,416.2,0
2026-04-06 00:12:00,AWS,ap-northeast-1,12.09,110.1,0
2026-04-06 00:13:00,GCP,us-east-1,10.68,715.03,0
2026-04-06 00:14:00,AWS,sa-east-1,74.94310649039627,868.15,0
2026-04-06 00:15:00,GCP,us-east-1,6.94,446.24,0
2026-04-06 00:16:00,AWS,eu-west-1,19.74,572.32,0
2026-04-06 00:17:00,AWS,eu-west-1,8.47,159.25,0
2026-04-06 00:18:00,GCP,us-east-1,21.78,446.68,0
2026-04-06 00:19:00,AWS,eu-west-1,6.07,224.97,0
2026-04-06 00:20:00,Azure,us-east-1,9.53,158.23,0
2026-04-06 00:21:00,Azure,eu-west-1,32.54,254.83,0
2026-04-06 00:22:00,AWS,us-east-1,13.7,883.76,0
2026-04-06 00:23:00,Azure,eu-west-1,9.53,983.98,0
2026-04-06 00:24:00,GCP,sa-east-1,81.73175638528235,891.29,0
2026-04-06 00:25:00,AWS,sa-east-1,89.2721997620207,972.7,0
2026-04-06 00:26:00,AWS,eu-west-1,15.28,757.73,0
2026-04-06 00:27:00,GCP,us-east-1,19.09,243.73,0
2026-04-06 00:28:00,GCP,eu-west-1,13.81,606.85,0
2026-04-06 00:29:00,GCP,ap-northeast-1,11.83,758.44,0
2026-04-06 00:30:00,AWS,ap-northeast-1,16.46,562.12,0
2026-04-06 00:31:00,GCP,us-east-1,6.04,599.2,0
2026-04-06 00:32:00,GCP,eu-west-1,14.72,627.57,0
2026-04-06 00:33:00,Azure,eu-west-1,15.14,520.16,0
2026-04-06 00:34:00,Azure,sa-east-1,75.5563773239788,361.53,0
2026-04-06 00:35:00,AWS,us-east-1,9.23,673.32,0
2026-04-06 00:36:00,Azure,ap-northeast-1,8.27,148.16,0
2026-04-06 00:37:00,Azure,ap-northeast-1,6.36,253.83,0
2026-04-06 00:38:00,GCP,us-east-1,25.41,932.74,0
2026-04-06 00:39:00,GCP,ap-northeast-1,11.85,539.93,0
2026-04-06 00:40:00,Azure,us-east-1,9.86,839.52,0
2026-04-06 00:41:00,Azure,ap-northeast-1,9.39,753.89,0
2026-04-06 00:42:00,Azure,ap-northeast-1,7.55,388.64,0
2026-04-06 00:43:00,AWS,us-east-1,9.32,823.28,0
2026-04-06 00:44:00,AWS,us-east-1,22.32,182.19,0
2026-04-06 00:45:00,AWS,ap-northeast-1,16.29,887.48,0
2026-04-06 00:46:00,Azure,ap-northeast-1,18.43,712.5,0
2026-04-06 00:47:00,Azure,sa-east-1,80.03213343233506,934.37,0
2026-04-06 00:48:00,AWS,eu-west-1,36.6,905.96,0
2026-04-06 00:49:00,AWS,us-east-1,12.35,442.24,0
2026-04-06 00:50:00,Azure,us-east-1,9.84,871.15,0
2026-04-06 00:51:00,GCP,eu-west-1,15.16,606.71,0
2026-04-06 00:52:00,AWS,sa-east-1,111.45803540506614,241.4,0
2026-04-06 00:53:00,Azure,ap-northeast-1,11.98,846.6,0
2026-04-06 00:54:00,Azure,ap-northeast-1,7.79,917.13,0
2026-04-06 00:55:00,GCP,sa-east-1,105.63110277320436,176.09,0
2026-04-06 00:56:00,Azure,sa-east-1,104.32884172531003,937.5,0
2026-04-06 00:57:00,Azure,eu-west-1,14.49,641.14,0
2026-04-06 00:58:00,AWS,eu-west-1,4.86,123.31,0
2026-04-06 00:59:00,AWS,ap-northeast-1,5.5,587.62,0
2026-04-06 01:00:00,GCP,sa-east-1,105.4745365518196,817.07,0
2026-04-06 01:01:00,GCP,sa-east-1,98.40869319545361,579.86,0
2026-04-06 01:02:00,Azure,ap-northeast-1,37.05,736.52,0
2026-04-06 01:03:00,AWS,ap-northeast-1,23.82,891.62,0
2026-04-06 01:04:00,GCP,ap-northeast-1,6.46,882.79,0
2026-04-06 01:05:00,GCP,ap-northeast-1,20.35,260.98,0
2026-04-06 01:06:00,GCP,ap-northeast-1,27.12,484.42,0
2026-04-06 01:07:00,Azure,eu-west-1,9.75,200.05,0
2026-04-06 01:08:00,AWS,ap-northeast-1,11.67,635.59,0
2026-04-06 01:09:00,GCP,sa-east-1,105.46499070701732,959.25,0
2026-04-06 01:10:00,AWS,us-east-1,6.95,263.66,0
2026-04-06 01:11:00,GCP,eu-west-1,26.8,463.27,0
2026-04-06 01:12:00,GCP,sa-east-1,95.5260197459288,958.62,0
2026-04-06 01:13:00,AWS,us-east-1,8.69,775.11,0
2026-04-06 01:14:00,AWS,eu-west-1,9.86,164.05,0
2026-04-06 01:15:00,AWS,ap-northeast-1,13.18,485.57,0
2026-04-06 01:16:00,Azure,eu-west-1,6.55,989.1,0
2026-04-06 01:17:00,GCP,ap-northeast-1,23.99,507.92,0
2026-04-06 01:18:00,Azure,ap-northeast-1,4.86,666.46,0
2026-04-06 01:19:00,AWS,ap-northeast-1,4.9,730.88,0
2026-04-06 01:20:00,GCP,us-east-1,12.54,697.54,0
2026-04-06 01:21:00,Azure,eu-west-1,6.4,566.85,0
2026-04-06 01:22:00,GCP,ap-northeast-1,13.52,219.52,0
2026-04-06 01:23:00,Azure,sa-east-1,77.83871057783561,737.57,1
2026-04-06 01:24:00,AWS,eu-west-1,18.24,940.0,0
2026-04-06 01:25:00,Azure,sa-east-1,81.22512402675292,947.53,0
2026-04-06 01:26:00,GCP,us-east-1,25.09,634.05,0
2026-04-06 01:27:00,GCP,us-east-1,16.69,542.98,0
2026-04-06 01:28:00,GCP,eu-west-1,8.34,400.56,0
2026-04-06 01:29:00,GCP,us-east-1,16.65,193.21,0
2026-04-06 01:30:00,AWS,us-east-1,13.11,894.81,0
2026-04-06 01:31:00,Azure,eu-west-1,18.04,223.35,0
2026-04-06 01:32:00,AWS,sa-east-1,96.66816348485155,359.15,0
2026-04-06 01:33:00,AWS,ap-northeast-1,14.58,766.36,0
2026-04-06 01:34:00,AWS,eu-west-1,12.58,734.29,0
2026-04-06 01:35:00,GCP,eu-west-1,19.15,712.91,0
2026-04-06 01:36:00,GCP,ap-northeast-1,21.87,767.54,0
2026-04-06 01:37:00,GCP,sa-east-1,86.81998522697504,587.78,0
2026-04-06 01:38:00,Azure,ap-northeast-1,16.5,239.46,0
2026-04-06 01:39:00,GCP,ap-northeast-1,19.47,998.52,0
2026-04-06 01:40:00,Azure,sa-east-1,92.05685304030345,902.93,0
2026-04-06 01:41:00,GCP,sa-east-1,117.98750392579052,488.04,0
2026-04-06 01:42:00,GCP,ap-northeast-1,20.39,577.29,0
2026-04-06 01:43:00,AWS,ap-northeast-1,9.9,454.2,0
2026-04-06 01:44:00,AWS,eu-west-1,6.32,674.18,0
2026-04-06 01:45:00,AWS,sa-east-1,106.28246096858776,758.03,0
2026-04-06 01:46:00,Azure,us-east-1,16.05,308.41,0
2026-04-06 01:47:00,Azure,sa-east-1,79.48297001386878,489.52,0
2026-04-06 01:48:00,GCP,ap-northeast-1,6.25,676.21,0
2026-04-06 01:49:00,Azure,ap-northeast-1,27.88,989.22,0
2026-04-06 01:50:00,GCP,ap-northeast-1,15.07,392.39,0
2026-04-06 01:51:00,Azure,ap-northeast-1,6.66,770.5,0
2026-04-06 01:52:00,Azure,us-east-1,11.43,412.0,0
2026-04-06 01:53:00,Azure,sa-east-1,61.953330065261135,183.11,0
2026-04-06 01:54:00,AWS,us-east-1,17.13,793.13,0
2026-04-06 01:55:00,Azure,us-east-1,30.72,684.38,0
2026-04-06 01:56:00,AWS,ap-northeast-1,11.1,562.91,0
2026-04-06 01:57:00,AWS,us-east-1,11.63,707.53,0
2026-04-06 01:58:00,Azure,ap-northeast-1,10.61,891.37,0
2026-04-06 01:59:00,GCP,ap-northeast-1,10.89,780.86,0
2026-04-06 02:00:00,GCP,ap-northeast-1,8.27,872.04,0
2026-04-06 02:01:00,GCP,us-east-1,24.31,361.02,0
2026-04-06 02:02:00,Azure,ap-northeast-1,13.43,820.44,0
2026-04-06 02:03:00,GCP,us-east-1,12.57,424.01,0
2026-04-06 02:04:00,AWS,sa-east-1,61.123478222154425,118.59,0
2026-04-06 02:05:00,GCP,ap-northeast-1,6.45,138.87,0
2026-04-06 02:06:00,Azure,eu-west-1,19.48,757.32,0
2026-04-06 02:07:00,GCP,eu-west-1,24.82,344.72,0
2026-04-06 02:08:00,AWS,eu-west-1,4.8,376.83,0
2026-04-06 02:09:00,Azure,eu-west-1,17.37,660.32,0
2026-04-06 02:10:00,GCP,eu-west-1,18.75,767.36,0
2026-04-06 02:11:00,Azure,us-east-1,23.15,603.0,0
2026-04-06 02:12:00,Azure,sa-east-1,76.88230643660266,735.74,0
2026-04-06 02:13:00,Azure,us-east-1,45.51,946.95,0
2026-04-06 02:14:00,GCP,ap-northeast-1,14.88,868.74,0
2026-04-06 02:15:00,Azure,sa-east-1,77.7471591145557,316.72,0
2026-04-06 02:16:00,GCP,sa-east-1,95.14954396578094,916.11,0
2026-04-06 02:17:00,AWS,sa-east-1,69.13060449025386,367.54,0
2026-04-06 02:18:00,GCP,sa-east-1,99.10127375411464,694.53,0
2026-04-06 02:19:00,AWS,eu-west-1,20.02,887.24,0
2026-04-06 02:20:00,GCP,ap-northeast-1,14.45,661.1,0
2026-04-06 02:21:00,Azure,sa-east-1,71.7261245843026,825.58,0
2026-04-06 02:22:00,GCP,sa-east-1,100.65263325505477,934.61,0
2026-04-06 02:23:00,Azure,eu-west-1,17.88,970.24,0
2026-04-06 02:24:00,AWS,us-east-1,10.15,469.57,0
2026-04-06 02:25:00,GCP,us-east-1,14.56,993.49,0
2026-04-06 02:26:00,Azure,us-east-1,15.51,344.51,0
2026-04-06 02:27:00,AWS,ap-northeast-1,11.51,515.97,0
2026-04-06 02:28:00,AWS,us-east-1,10.72,784.64,0
2026-04-06 02:29:00,GCP,sa-east-1,84.86382855315048,973.14,0
2026-04-06 02:30:00,AWS,eu-west-1,16.37,147.65,0
2026-04-06 02:31:00,Azure,eu-west-1,15.49,951.08,0
2026-04-06 02:32:00,AWS,us-east-1,8.17,998.81,0
2026-04-06 02:33:00,AWS,eu-west-1,12.09,918.62,0
2026-04-06 02:34:00,Azure,sa-east-1,90.8125140485012,197.55,0
2026-04-06 02:35:00,AWS,us-east-1,15.76,856.63,0
2026-04-06 02:36:00,AWS,sa-east-1,82.69734337902383,675.79,0
2026-04-06 02:37:00,AWS,ap-northeast-1,17.46,108.57,0
2026-04-06 02:38:00,AWS,sa-east-1,106.42694006963997,985.94,0
2026-04-06 02:39:00,Azure,sa-east-1,105.96053408720488,235.47,0
2026-04-06 02:40:00,AWS,sa-east-1,105.83792202485655,457.14,0
2026-04-06 02:41:00,Azure,sa-east-1,94.82504434104086,127.25,0
2026-04-06 02:42:00,AWS,ap-northeast-1,10.14,378.57,0
2026-04-06 02:43:00,AWS,us-east-1,7.62,611.49,0
2026-04-06 02:44:00,AWS,sa-east-1,119.13057600182478,937.77,0
2026-04-06 02:45:00,AWS,us-east-1,11.79,991.33,0
2026-04-06 02:46:00,Azure,eu-west-1,12.48,481.02,0
2026-04-06 02:47:00,Azure,sa-east-1,94.26788422569966,485.37,0
2026-04-06 02:48:00,Azure,sa-east-1,93.80700914672296,244.31,0
2026-04-06 02:49:00,GCP,eu-west-1,20.85,548.52,0
2026-04-06 02:50:00,AWS,us-east-1,11.68,946.07,0
2026-04-06 02:51:00,AWS,ap-northeast-1,4.8,248.86,0
2026-04-06 02:52:00,Azure,sa-east-1,65.45560056536783,339.83,0
2026-04-06 02:53:00,GCP,eu-west-1,6.19,902.19,0
2026-04-06 02:54:00,AWS,eu-west-1,16.37,663.79,0
2026-04-06 02:55:00,Azure,sa-east-1,105.99112552944845,397.46,0
2026-04-06 02:56:00,AWS,us-east-1,25.9,831.47,0
2026-04-06 02:57:00,AWS,us-east-1,5.82,198.07,0
2026-04-06 02:58:00,Azure,sa-east-1,104.82583430347904,872.52,0
2026-04-06 02:59:00,Azure,eu-west-1,15.79,566.2,0
2026-04-06 03:00:00,AWS,sa-east-1,72.98309652827557,781.24,0
2026-04-06 03:01:00,AWS,ap-northeast-1,30.37,566.55,0
2026-04-06 03:02:00,Azure,ap-northeast-1,11.45,321.65,0
2026-04-06 03:03:00,AWS,us-east-1,6.72,676.76,0
2026-04-06 03:04:00,AWS,ap-northeast-1,20.49,239.31,0
2026-04-06 03:05:00,Azure,eu-west-1,7.07,306.88,0
2026-04-06 03:06:00,AWS,ap-northeast-1,21.72,594.39,0
2026-04-06 03:07:00,AWS,sa-east-1,90.15452253078249,450.99,0
2026-04-06 03:08:00,GCP,eu-west-1,10.23,770.68,0
2026-04-06 03:09:00,Azure,us-east-1,6.35,625.22,0
2026-04-06 03:10:00,GCP,us-east-1,7.23,443.2,0
2026-04-06 03:11:00,GCP,ap-northeast-1,13.2,394.06,0
2026-04-06 03:12:00,GCP,us-east-1,5.37,921.92,0
2026-04-06 03:13:00,AWS,sa-east-1,98.46750657075731,136.07,0
2026-04-06 03:14:00,AWS,eu-west-1,9.37,721.93,0
2026-04-06 03:15:00,GCP,sa-east-1,72.99947270435746,452.71,0
2026-04-06 03:16:00,GCP,sa-east-1,88.16323357127888,439.62,0
2026-04-06 03:17:00,GCP,sa-east-1,97.06737035827774,686.69,0
2026-04-06 03:18:00,AWS,sa-east-1,83.83240277601803,865.42,0
2026-04-06 03:19:00,GCP,eu-west-1,4.37,751.97,0
2026-04-06 03:20:00,GCP,eu-west-1,18.18,703.1,0
2026-04-06 03:21:00,Azure,sa-east-1,104.1362668968811,546.58,0
2026-04-06 03:22:00,Azure,sa-east-1,62.64632551126867,522.26,0
2026-04-06 03:23:00,AWS,us-east-1,19.58,514.64,0
2026-04-06 03:24:00,Azure,us-east-1,16.34,230.9,0
2026-04-06 03:25:00,Azure,eu-west-1,13.66,603.55,0
2026-04-06 03:26:00,Azure,us-east-1,10.73,383.92,0
2026-04-06 03:27:00,AWS,eu-west-1,8.56,656.41,0
2026-04-06 03:28:00,Azure,eu-west-1,7.1,580.9,0
2026-04-06 03:29:00,AWS,ap-northeast-1,24.12,945.93,0
2026-04-06 03:30:00,GCP,eu-west-1,18.42,491.44,0
2026-04-06 03:31:00,Azure,us-east-1,16.19,697.96,0
2026-04-06 03:32:00,AWS,ap-northeast-1,9.84,633.52,0
2026-04-06 03:33:00,Azure,us-east-1,33.68,715.96,0
2026-04-06 03:34:00,GCP,eu-west-1,8.61,340.28,0
2026-04-06 03:35:00,AWS,eu-west-1,10.08,331.52,0
2026-04-06 03:36:00,AWS,sa-east-1,109.22088887986098,603.71,0
2026-04-06 03:37:00,AWS,eu-west-1,11.87,864.16,0
2026-04-06 03:38:00,GCP,ap-northeast-1,29.05,748.01,0
2026-04-06 03:39:00,GCP,eu-west-1,14.72,540.04,0
2026-04-06 03:40:00,GCP,sa-east-1,78.40433921709536,329.58,0
2026-04-06 03:41:00,AWS,eu-west-1,11.05,783.41,0
2026-04-06 03:42:00,GCP,eu-west-1,8.51,933.62,0
2026-04-06 03:43:00,Azure,eu-west-1,17.23,291.72,0
2026-04-06 03:44:00,GCP,sa-east-1,75.11567005506035,819.18,0
2026-04-06 03:45:00,AWS,us-east-1,15.39,255.2,0
2026-04-06 03:46:00,Azure,eu-west-1,14.04,910.7,0
2026-04-06 03:47:00,GCP,ap-northeast-1,7.25,677.84,0
2026-04-06 03:48:00,Azure,sa-east-1,109.77434402559133,262.91,0
2026-04-06 03:49:00,Azure,ap-northeast-1,18.54,132.63,0
2026-04-06 03:50:00,AWS,eu-west-1,14.0,725.15,0
2026-04-06 03:51:00,Azure,sa-east-1,87.80709204477681,645.49,0
2026-04-06 03:52:00,Azure,eu-west-1,12.45,650.19,0
2026-04-06 03:53:00,AWS,ap-northeast-1,7.73,534.04,0
2026-04-06 03:54:00,AWS,sa-east-1,91.59629125360952,653.0,0
2026-04-06 03:55:00,AWS,us-east-1,10.49,885.9,0
2026-04-06 03:56:00,Azure,us-east-1,7.92,956.8,0
2026-04-06 03:57:00,Azure,us-east-1,9.45,410.06,0
2026-04-06 03:58:00,Azure,eu-west-1,9.55,539.08,0
2026-04-06 03:59:00,AWS,sa-east-1,80.72615954638046,345.73,0
2026-04-06 04:00:00,GCP,ap-northeast-1,11.34,470.43,0
2026-04-06 04:01:00,Azure,ap-northeast-1,2.65,816.3,0
2026-04-06 04:02:00,GCP,eu-west-1,14.5,482.49,0
2026-04-06 04:03:00,AWS,eu-west-1,13.01,452.48,0
2026-04-06 04:04:00,Azure,ap-northeast-1,19.7,865.1,0
2026-04-06 04:05:00,GCP,sa-east-1,103.93101810483155,101.15,0
2026-04-06 04:06:00,Azure,eu-west-1,20.95,866.97,0
2026-04-06 04:07:00,Azure,sa-east-1,65.47532547796303,263.27,0
2026-04-06 04:08:00,Azure,ap-northeast-1,14.44,347.06,0
2026-04-06 04:09:00,GCP,sa-east-1,69.36767194856738,425.45,0
2026-04-06 04:10:00,AWS,us-east-1,21.5,892.59,0
2026-04-06 04:11:00,Azure,ap-northeast-1,23.34,917.81,0
2026-04-06 04:12:00,AWS,us-east-1,31.24,695.06,0
2026-04-06 04:13:00,AWS,ap-northeast-1,9.29,495.5,0
2026-04-06 04:14:00,GCP,us-east-1,15.88,564.52,0
2026-04-06 04:15:00,GCP,sa-east-1,95.660157483679,622.36,0
2026-04-06 04:16:00,AWS,ap-northeast-1,4.74,958.59,0
2026-04-06 04:17:00,Azure,ap-northeast-1,16.15,972.25,0
2026-04-06 04:18:00,GCP,us-east-1,11.51,862.6,0
2026-04-06 04:19:00,Azure,sa-east-1,104.14396277881985,625.36,0
2026-04-06 04:20:00,Azure,ap-northeast-1,13.32,451.66,0
2026-04-06 04:21:00,Azure,eu-west-1,19.43,307.25,0
2026-04-06 04:22:00,AWS,us-east-1,12.57,581.01,0
2026-04-06 04:23:00,Azure,ap-northeast-1,22.52,411.07,0
2026-04-06 04:24:00,AWS,sa-east-1,101.07228598619355,165.47,0
2026-04-06 04:25:00,AWS,sa-east-1,82.47301978515799,528.6,0
2026-04-06 04:26:00,Azure,sa-east-1,77.4869267394926,613.98,0
2026-04-06 04:27:00,Azure,sa-east-1,110.81480836483058,650.18,0
2026-04-06 04:28:00,Azure,us-east-1,6.45,166.43,0
2026-04-06 04:29:00,Azure,ap-northeast-1,13.67,534.8,0
2026-04-06 04:30:00,AWS,us-east-1,13.66,690.32,0
2026-04-06 04:31:00,Azure,us-east-1,15.46,964.96,0
2026-04-06 04:32:00,Azure,sa-east-1,107.53359777413189,122.54,0
2026-04-06 04:33:00,AWS,eu-west-1,15.12,708.65,0
2026-04-06 04:34:00,GCP,sa-east-1,75.49236567954856,156.1,0
2026-04-06 04:35:00,GCP,eu-west-1,9.36,242.96,0
2026-04-06 04:36:00,AWS,us-east-1,24.71,255.98,0
2026-04-06 04:37:00,GCP,sa-east-1,81.98710528641413,395.99,0
2026-04-06 04:38:00,AWS,sa-east-1,56.85362514189156,848.17,0
2026-04-06 04:39:00,Azure,us-east-1,8.7,870.61,1
2026-04-06 04:40:00,Azure,sa-east-1,100.39009330659998,437.46,0
2026-04-06 04:41:00,GCP,ap-northeast-1,7.73,488.17,0
2026-04-06 04:42:00,Azure,eu-west-1,15.97,295.33,0
2026-04-06 04:43:00,GCP,eu-west-1,8.61,489.26,0
2026-04-06 04:44:00,GCP,eu-west-1,5.94,347.35,0
2026-04-06 04:45:00,Azure,sa-east-1,69.89808685317199,257.39,0
2026-04-06 04:46:00,Azure,ap-northeast-1,10.34,242.62,0
2026-04-06 04:47:00,GCP,sa-east-1,81.23964671225619,798.08,0
2026-04-06 04:48:00,Azure,eu-west-1,21.39,205.25,0
2026-04-06 04:49:00,AWS,sa-east-1,110.99580681425064,654.43,0
2026-04-06 04:50:00,Azure,eu-west-1,20.76,250.73,0
2026-04-06 04:51:00,Azure,us-east-1,17.2,854.06,0
2026-04-06 04:52:00,AWS,eu-west-1,6.15,347.02,0
2026-04-06 04:53:00,Azure,us-east-1,10.84,140.4,0
2026-04-06 04:54:00,Azure,us-east-1,17.04,506.87,0
2026-04-06 04:55:00,GCP,us-east-1,10.54,999.82,0
2026-04-06 04:56:00,Azure,eu-west-1,12.0,831.82,0
2026-04-06 04:57:00,Azure,ap-northeast-1,17.5,613.24,0
2026-04-06 04:58:00,AWS,eu-west-1,20.66,270.49,0
2026-04-06 04:59:00,GCP,sa-east-1,74.8759950941485,205.75,0
2026-04-06 05:00:00,GCP,sa-east-1,113.81198768261494,854.7,0
2026-04-06 05:01:00,GCP,ap-northeast-1,16.16,808.94,0
2026-04-06 05:02:00,Azure,ap-northeast-1,7.43,515.97,0
2026-04-06 05:03:00,GCP,ap-northeast-1,9.94,479.27,0
2026-04-06 05:04:00,AWS,us-east-1,13.13,773.81,0
2026-04-06 05:05:00,GCP,ap-northeast-1,24.41,582.43,0
2026-04-06 05:06:00,AWS,ap-northeast-1,9.9,463.75,0
2026-04-06 05:07:00,GCP,ap-northeast-1,15.01,326.55,0
2026-04-06 05:08:00,GCP,eu-west-1,21.85,210.31,0
2026-04-06 05:09:00,AWS,sa-east-1,116.5941785910631,635.31,0
2026-04-06 05:10:00,GCP,sa-east-1,78.3881119716338,843.44,0
2026-04-06 05:11:00,GCP,ap-northeast-1,4.22,771.56,0
2026-04-06 05:12:00,GCP,sa-east-1,103.42410102373695,726.69,0
2026-04-06 05:13:00,Azure,eu-west-1,13.54,935.97,0
2026-04-06 05:14:00,AWS,sa-east-1,101.25999185921063,455.07,0
2026-04-06 05:15:00,GCP,us-east-1,17.38,223.5,0
2026-04-06 05:16:00,AWS,eu-west-1,30.96,191.75,0
2026-04-06 05:17:00,AWS,sa-east-1,85.32185640252088,959.51,0
2026-04-06 05:18:00,AWS,sa-east-1,83.49858407169798,630.07,0
2026-04-06 05:19:00,GCP,eu-west-1,25.08,829.71,0
2026-04-06 05:20:00,GCP,sa-east-1,73.1944195838345,582.0,0
2026-04-06 05:21:00,AWS,sa-east-1,87.51043509434288,458.64,0
2026-04-06 05:22:00,Azure,ap-northeast-1,12.57,280.24,0
2026-04-06 05:23:00,AWS,us-east-1,15.3,870.77,0
2026-04-06 05:24:00,Azure,eu-west-1,16.99,157.16,0
2026-04-06 05:25:00,AWS,ap-northeast-1,18.24,910.21,0
2026-04-06 05:26:00,AWS,sa-east-1,92.06246745565373,284.51,0
2026-04-06 05:27:00,AWS,eu-west-1,8.33,108.58,0
2026-04-06 05:28:00,GCP,eu-west-1,13.42,193.51,0
2026-04-06 05:29:00,Azure,us-east-1,18.07,895.16,0
2026-04-06 05:30:00,Azure,us-east-1,8.36,166.34,1
2026-04-06 05:31:00,AWS,eu-west-1,7.01,419.72,0
2026-04-06 05:32:00,GCP,us-east-1,23.72,325.28,0
2026-04-06 05:33:00,GCP,us-east-1,28.38,133.17,0
2026-04-06 05:34:00,Azure,sa-east-1,93.1939149366166,578.32,0
2026-04-06 05:35:00,GCP,us-east-1,16.45,998.5,0
2026-04-06 05:36:00,Azure,us-east-1,14.7,867.71,0
2026-04-06 05:37:00,Azure,ap-northeast-1,4.1,252.0,0
2026-04-06 05:38:00,Azure,sa-east-1,99.51171970931473,895.88,0
2026-04-06 05:39:00,GCP,sa-east-1,123.22765946866733,506.61,0
2026-04-06 05:40:00,Azure,eu-west-1,6.77,345.93,0
2026-04-06 05:41:00,Azure,us-east-1,6.47,676.28,0
2026-04-06 05:42:00,AWS,ap-northeast-1,8.46,295.03,0
2026-04-06 05:43:00,Azure,ap-northeast-1,9.61,891.69,0
2026-04-06 05:44:00,Azure,sa-east-1,108.93686845837887,661.77,0
2026-04-06 05:45:00,AWS,us-east-1,23.58,222.42,0
2026-04-06 05:46:00,AWS,ap-northeast-1,23.3,613.58,0
2026-04-06 05:47:00,GCP,eu-west-1,16.89,559.33,1
2026-04-06 05:48:00,Azure,us-east-1,5.5,524.31,0
2026-04-06 05:49:00,GCP,us-east-1,5.49,428.48,0
2026-04-06 05:50:00,GCP,us-east-1,17.59,526.78,0
2026-04-06 05:51:00,AWS,ap-northeast-1,5.51,627.41,0
2026-04-06 05:52:00,GCP,sa-east-1,108.65936161385007,760.21,0
2026-04-06 05:53:00,Azure,sa-east-1,91.87560135982162,926.09,0
2026-04-06 05:54:00,AWS,eu-west-1,9.66,139.95,0
2026-04-06 05:55:00,Azure,ap-northeast-1,3.41,612.41,0
2026-04-06 05:56:00,Azure,us-east-1,13.48,776.78,0
2026-04-06 05:57:00,AWS,eu-west-1,15.74,204.0,0
2026-04-06 05:58:00,Azure,eu-west-1,9.23,920.35,0
2026-04-06 05:59:00,AWS,sa-east-1,64.26867520948647,320.49,0
2026-04-06 06:00:00,Azure,us-east-1,14.11,850.0,0
2026-04-06 06:01:00,AWS,us-east-1,5.89,695.81,0
2026-04-06 06:02:00,GCP,ap-northeast-1,16.58,603.59,0
2026-04-06 06:03:00,Azure,ap-northeast-1,20.65,882.32,0
2026-04-06 06:04:00,AWS,ap-northeast-1,4.57,972.31,0
2026-04-06 06:05:00,Azure,eu-west-1,9.36,997.42,0
2026-04-06 06:06:00,Azure,us-east-1,11.89,714.95,0
2026-04-06 06:07:00,Azure,sa-east-1,93.83460106240231,405.22,0
2026-04-06 06:08:00,AWS,eu-west-1,7.85,887.23,0
2026-04-06 06:09:00,GCP,eu-west-1,6.25,688.91,0
2026-04-06 06:10:00,GCP,sa-east-1,79.99291533477844,391.0,0
2026-04-06 06:11:00,GCP,sa-east-1,68.40204051357796,939.13,0
2026-04-06 06:12:00,AWS,ap-northeast-1,16.2,772.89,0
2026-04-06 06:13:00,GCP,sa-east-1,76.04268586671755,507.55,0
2026-04-06 06:14:00,AWS,sa-east-1,110.72371931418185,509.04,0
2026-04-06 06:15:00,Azure,sa-east-1,88.77025938196158,996.34,0
2026-04-06 06:16:00,Azure,sa-east-1,109.00157688770587,436.34,0
2026-04-06 06:17:00,GCP,ap-northeast-1,11.11,184.67,0
2026-04-06 06:18:00,AWS,eu-west-1,2.88,584.71,0
2026-04-06 06:19:00,Azure,us-east-1,13.63,896.37,0
2026-04-06 06:20:00,AWS,us-east-1,12.0,626.07,0
2026-04-06 06:21:00,AWS,eu-west-1,6.9,813.78,0
2026-04-06 06:22:00,Azure,us-east-1,18.83,149.38,0
2026-04-06 06:23:00,AWS,us-east-1,18.25,706.06,0
2026-04-06 06:24:00,Azure,eu-west-1,14.88,171.27,0
2026-04-06 06:25:00,Azure,us-east-1,5.18,600.72,0
2026-04-06 06:26:00,Azure,us-east-1,7.49,547.99,0
2026-04-06 06:27:00,AWS,eu-west-1,14.18,951.04,0
2026-04-06 06:28:00,Azure,us-east-1,9.31,219.22,0
2026-04-06 06:29:00,AWS,sa-east-1,107.02228189735902,108.54,0
2026-04-06 06:30:00,Azure,eu-west-1,7.02,223.62,0
2026-04-06 06:31:00,Azure,ap-northeast-1,13.41,253.64,0
2026-04-06 06:32:00,GCP,us-east-1,25.85,325.82,0
2026-04-06 06:33:00,GCP,ap-northeast-1,14.32,833.58,0
2026-04-06 06:34:00,GCP,us-east-1,19.8,439.19,0
2026-04-06 06:35:00,AWS,sa-east-1,98.60296995841456,856.68,0
2026-04-06 06:36:00,AWS,eu-west-1,10.18,344.74,0
2026-04-06 06:37:00,Azure,ap-northeast-1,11.1,874.49,0
2026-04-06 06:38:00,Azure,eu-west-1,25.42,107.28,0
2026-04-06 06:39:00,Azure,ap-northeast-1,17.57,941.08,0
2026-04-06 06:40:00,Azure,us-east-1,19.7,771.44,0
2026-04-06 06:41:00,AWS,sa-east-1,70.98707267642736,471.46,0
2026-04-06 06:42:00,Azure,ap-northeast-1,10.01,619.6,0
2026-04-06 06:43:00,Azure,ap-northeast-1,10.64,939.72,0
2026-04-06 06:44:00,GCP,sa-east-1,91.07728878606017,624.3,0
2026-04-06 06:45:00,Azure,sa-east-1,73.8305346841825,305.71,0
2026-04-06 06:46:00,Azure,sa-east-1,96.25581428067781,615.59,0
2026-04-06 06:47:00,Azure,sa-east-1,114.62867184084331,884.3,0
2026-04-06 06:48:00,AWS,sa-east-1,110.3924199443329,988.7,0
2026-04-06 06:49:00,GCP,eu-west-1,18.21,625.67,0
2026-04-06 06:50:00,Azure,us-east-1,28.46,240.08,0
2026-04-06 06:51:00,Azure,us-east-1,7.98,794.58,0
2026-04-06 06:52:00,GCP,ap-northeast-1,9.91,997.22,0
2026-04-06 06:53:00,Azure,sa-east-1,65.39328592613582,526.27,0
2026-04-06 06:54:00,AWS,eu-west-1,5.76,445.36,0
2026-04-06 06:55:00,Azure,eu-west-1,11.92,597.25,0
2026-04-06 06:56:00,AWS,ap-northeast-1,13.93,248.29,0
2026-04-06 06:57:00,AWS,sa-east-1,93.1343837982599,974.16,0
2026-04-06 06:58:00,Azure,us-east-1,8.6,854.5,0
2026-04-06 06:59:00,GCP,sa-east-1,93.74663210407581,201.69,1
2026-04-06 07:00:00,AWS,eu-west-1,18.6,950.57,0
2026-04-06 07:01:00,GCP,sa-east-1,75.70158064005187,948.54,0
2026-04-06 07:02:00,Azure,us-east-1,12.26,384.72,0
2026-04-06 07:03:00,AWS,us-east-1,23.41,657.23,0
2026-04-06 07:04:00,Azure,ap-northeast-1,10.67,199.68,0
2026-04-06 07:05:00,GCP,eu-west-1,9.87,175.77,0
2026-04-06 07:06:00,Azure,sa-east-1,117.9518305091965,551.62,0
2026-04-06 07:07:00,Azure,sa-east-1,73.96095399318223,144.71,0
2026-04-06 07:08:00,AWS,ap-northeast-1,8.15,887.4,0
2026-04-06 07:09:00,Azure,ap-northeast-1,8.31,935.29,0
2026-04-06 07:10:00,Azure,ap-northeast-1,17.24,160.58,0
2026-04-06 07:11:00,Azure,eu-west-1,5.46,142.56,0
2026-04-06 07:12:00,AWS,sa-east-1,97.07673987890223,299.28,0
2026-04-06 07:13:00,GCP,ap-northeast-1,12.02,936.96,0
2026-04-06 07:14:00,GCP,eu-west-1,20.55,792.11,0
2026-04-06 07:15:00,Azure,sa-east-1,102.00179110837794,708.85,0
2026-04-06 07:16:00,AWS,us-east-1,8.23,798.71,0
2026-04-06 07:17:00,Azure,ap-northeast-1,12.29,279.53,0
2026-04-06 07:18:00,GCP,eu-west-1,10.87,330.93,0
2026-04-06 07:19:00,AWS,sa-east-1,83.15762578656663,385.87,0
2026-04-06 07:20:00,GCP,sa-east-1,107.34175612483419,644.56,0
2026-04-06 07:21:00,GCP,ap-northeast-1,21.27,647.4,0
2026-04-06 07:22:00,AWS,ap-northeast-1,11.1,287.75,0
2026-04-06 07:23:00,AWS,sa-east-1,98.33326755938853,493.05,0
2026-04-06 07:24:00,Azure,eu-west-1,21.37,721.02,0
2026-04-06 07:25:00,Azure,us-east-1,18.51,378.66,0
2026-04-06 07:26:00,GCP,sa-east-1,105.52417847563049,167.93,0
2026-04-06 07:27:00,AWS,eu-west-1,10.01,277.65,0
2026-04-06 07:28:00,AWS,ap-northeast-1,25.34,248.26,0
2026-04-06 07:29:00,Azure,sa-east-1,94.81151290029968,668.75,0
2026-04-06 07:30:00,GCP,ap-northeast-1,20.83,161.69,0
2026-04-06 07:31:00,GCP,us-east-1,16.66,896.27,0
2026-04-06 07:32:00,Azure,ap-northeast-1,6.47,175.95,0
2026-04-06 07:33:00,AWS,us-east-1,12.64,638.12,0
2026-04-06 07:34:00,Azure,ap-northeast-1,6.29,936.58,0
2026-04-06 07:35:00,Azure,ap-northeast-1,10.24,156.18,0
2026-04-06 07:36:00,Azure,us-east-1,14.01,444.79,0
2026-04-06 07:37:00,Azure,ap-northeast-1,7.34,395.15,0
2026-04-06 07:38:00,AWS,eu-west-1,3.77,409.79,0
2026-04-06 07:39:00,Azure,ap-northeast-1,11.43,640.28,0
2026-04-06 07:40:00,AWS,sa-east-1,92.96533681086147,335.89,0
2026-04-06 07:41:00,Azure,ap-northeast-1,10.09,124.59,0
2026-04-06 07:42:00,GCP,eu-west-1,12.09,966.05,0
2026-04-06 07:43:00,AWS,sa-east-1,62.54820491634469,773.9,0
2026-04-06 07:44:00,GCP,eu-west-1,7.32,221.61,0
2026-04-06 07:45:00,Azure,sa-east-1,120.48716892735156,509.64,0
2026-04-06 07:46:00,Azure,ap-northeast-1,14.27,156.45,0
2026-04-06 07:47:00,Azure,eu-west-1,9.85,125.07,0
2026-04-06 07:48:00,AWS,ap-northeast-1,8.07,142.76,0
2026-04-06 07:49:00,GCP,sa-east-1,90.62470997828392,780.2,0
2026-04-06 07:50:00,AWS,eu-west-1,10.15,500.43,0
2026-04-06 07:51:00,AWS,us-east-1,12.42,859.96,0
2026-04-06 07:52:00,Azure,eu-west-1,21.61,374.69,0
2026-04-06 07:53:00,GCP,ap-northeast-1,8.15,797.79,0
2026-04-06 07:54:00,Azure,us-east-1,13.31,170.14,0
2026-04-06 07:55:00,AWS,us-east-1,18.17,671.6,0
2026-04-06 07:56:00,Azure,sa-east-1,62.73663214576531,424.54,0
2026-04-06 07:57:00,GCP,us-east-1,8.67,349.05,0
2026-04-06 07:58:00,Azure,us-east-1,5.73,833.6,0
2026-04-06 07:59:00,GCP,sa-east-1,84.16908656510303,146.73,0
2026-04-06 08:00:00,GCP,eu-west-1,15.7,954.58,0
2026-04-06 08:01:00,Azure,ap-northeast-1,9.16,806.99,0
2026-04-06 08:02:00,AWS,eu-west-1,8.96,420.05,0
2026-04-06 08:03:00,Azure,us-east-1,7.27,992.2,0
2026-04-06 08:04:00,AWS,ap-northeast-1,13.18,282.24,0
2026-04-06 08:05:00,AWS,eu-west-1,10.27,462.17,0
2026-04-06 08:06:00,Azure,ap-northeast-1,7.7,896.39,0
2026-04-06 08:07:00,AWS,us-east-1,8.28,997.13,0
2026-04-06 08:08:00,AWS,eu-west-1,17.51,315.2,0
2026-04-06 08:09:00,Azure,ap-northeast-1,10.07,768.8,0
2026-04-06 08:10:00,Azure,ap-northeast-1,6.59,375.16,0
2026-04-06 08:11:00,Azure,eu-west-1,12.58,789.83,0
2026-04-06 08:12:00,AWS,eu-west-1,8.64,212.76,0
2026-04-06 08:13:00,GCP,us-east-1,16.83,402.55,0
2026-04-06 08:14:00,AWS,sa-east-1,99.93966134067102,167.5,0
2026-04-06 08:15:00,GCP,ap-northeast-1,4.62,542.71,0
2026-04-06 08:16:00,Azure,eu-west-1,8.56,731.35,0
2026-04-06 08:17:00,GCP,eu-west-1,13.06,440.75,0
2026-04-06 08:18:00,Azure,eu-west-1,11.73,653.25,0
2026-04-06 08:19:00,Azure,ap-northeast-1,22.78,612.18,0
2026-04-06 08:20:00,GCP,us-east-1,12.07,365.14,0
2026-04-06 08:21:00,Azure,sa-east-1,106.13192292080267,538.1,0
2026-04-06 08:22:00,GCP,ap-northeast-1,15.11,162.12,0
2026-04-06 08:23:00,Azure,us-east-1,8.67,513.92,0
2026-04-06 08:24:00,AWS,ap-northeast-1,15.76,512.37,0
2026-04-06 08:25:00,AWS,ap-northeast-1,14.92,125.85,0
2026-04-06 08:26:00,Azure,eu-west-1,12.83,562.49,0
2026-04-06 08:27:00,Azure,us-east-1,4.67,763.92,0
2026-04-06 08:28:00,GCP,eu-west-1,8.33,507.03,0
2026-04-06 08:29:00,AWS,eu-west-1,13.37,681.42,0
2026-04-06 08:30:00,GCP,us-east-1,11.62,579.18,0
2026-04-06 08:31:00,Azure,eu-west-1,17.72,806.66,0
2026-04-06 08:32:00,Azure,eu-west-1,17.79,563.01,0
2026-04-06 08:33:00,GCP,sa-east-1,92.15741065916546,398.45,0
2026-04-06 08:34:00,Azure,us-east-1,17.79,844.81,0
2026-04-06 08:35:00,AWS,us-east-1,15.64,160.86,0
2026-04-06 08:36:00,GCP,eu-west-1,9.36,360.51,0
2026-04-06 08:37:00,AWS,eu-west-1,12.15,632.34,0
2026-04-06 08:38:00,AWS,us-east-1,7.03,870.42,0
2026-04-06 08:39:00,AWS,us-east-1,25.71,164.93,0
2026-04-06 08:40:00,GCP,ap-northeast-1,6.51,186.45,0
2026-04-06 08:41:00,Azure,us-east-1,4.3,354.15,0
2026-04-06 08:42:00,AWS,ap-northeast-1,35.17,410.11,0
2026-04-06 08:43:00,AWS,eu-west-1,11.63,859.18,0
2026-04-06 08:44:00,AWS,sa-east-1,115.04078830411892,963.01,0
2026-04-06 08:45:00,Azure,sa-east-1,108.35262972371402,115.51,0
2026-04-06 08:46:00,Azure,ap-northeast-1,20.55,113.82,0
2026-04-06 08:47:00,GCP,eu-west-1,16.37,878.33,0
2026-04-06 08:48:00,Azure,eu-west-1,16.42,222.06,0
2026-04-06 08:49:00,GCP,eu-west-1,3.78,405.4,0
2026-04-06 08:50:00,GCP,us-east-1,7.52,347.69,0
2026-04-06 08:51:00,GCP,eu-west-1,3.27,353.68,0
2026-04-06 08:52:00,GCP,us-east-1,8.09,395.73,0
2026-04-06 08:53:00,GCP,ap-northeast-1,9.33,402.44,0
2026-04-06 08:54:00,AWS,sa-east-1,93.02918151624432,658.14,0
2026-04-06 08:55:00,Azure,ap-northeast-1,7.58,665.91,0
2026-04-06 08:56:00,AWS,eu-west-1,10.21,570.6,0
2026-04-06 08:57:00,GCP,eu-west-1,9.4,872.69,0
2026-04-06 08:58:00,Azure,ap-northeast-1,14.48,861.1,0
2026-04-06 08:59:00,AWS,us-east-1,17.81,295.5,0
2026-04-06 09:00:00,AWS,us-east-1,13.56,589.28,0
2026-04-06 09:01:00,GCP,us-east-1,16.7,805.45,0
2026-04-06 09:02:00,AWS,sa-east-1,79.06810479592266,880.19,0
2026-04-06 09:03:00,AWS,sa-east-1,114.68668724150349,329.67,0
2026-04-06 09:04:00,AWS,eu-west-1,30.94,544.69,0
2026-04-06 09:05:00,AWS,ap-northeast-1,3.59,572.52,0
2026-04-06 09:06:00,AWS,ap-northeast-1,21.47,729.67,0
2026-04-06 09:07:00,GCP,eu-west-1,6.39,397.23,0
2026-04-06 09:08:00,GCP,us-east-1,13.37,364.11,0
2026-04-06 09:09:00,AWS,sa-east-1,96.83966468966494,735.04,0
2026-04-06 09:10:00,GCP,ap-northeast-1,16.51,459.4,0
2026-04-06 09:11:00,GCP,eu-west-1,11.88,103.62,0
2026-04-06 09:12:00,Azure,us-east-1,12.15,944.06,0
2026-04-06 09:13:00,AWS,us-east-1,14.46,234.68,0
2026-04-06 09:14:00,GCP,sa-east-1,87.88826718238354,233.77,0
2026-04-06 09:15:00,GCP,sa-east-1,79.74116787007874,836.53,0
2026-04-06 09:16:00,AWS,eu-west-1,12.17,401.95,0
2026-04-06 09:17:00,Azure,eu-west-1,8.38,395.36,0
2026-04-06 09:18:00,AWS,us-east-1,8.03,660.16,0
2026-04-06 09:19:00,Azure,us-east-1,7.65,153.13,0
2026-04-06 09:20:00,AWS,ap-northeast-1,4.55,313.27,0
2026-04-06 09:21:00,AWS,us-east-1,9.98,147.94,0
2026-04-06 09:22:00,AWS,eu-west-1,12.19,362.36,0
2026-04-06 09:23:00,AWS,sa-east-1,78.53060780193574,882.94,0
2026-04-06 09:24:00,Azure,eu-west-1,9.07,918.4,0
2026-04-06 09:25:00,Azure,ap-northeast-1,26.81,378.49,0
2026-04-06 09:26:00,GCP,ap-northeast-1,16.31,268.83,0
2026-04-06 09:27:00,AWS,sa-east-1,57.73693432321425,221.75,0
2026-04-06 09:28:00,Azure,eu-west-1,9.54,454.98,0
2026-04-06 09:29:00,Azure,ap-northeast-1,33.47,843.77,0
2026-04-06 09:30:00,Azure,eu-west-1,17.81,867.4,0
2026-04-06 09:31:00,AWS,ap-northeast-1,9.36,141.34,0
2026-04-06 09:32:00,GCP,sa-east-1,104.8653495354315,288.31,0
2026-04-06 09:33:00,Azure,ap-northeast-1,6.48,282.85,0
2026-04-06 09:34:00,AWS,eu-west-1,9.24,845.59,0
2026-04-06 09:35:00,Azure,eu-west-1,3.8,510.66,0
2026-04-06 09:36:00,Azure,ap-northeast-1,16.48,431.56,0
2026-04-06 09:37:00,GCP,us-east-1,6.8,960.95,0
2026-04-06 09:38:00,Azure,sa-east-1,107.68052953515728,932.82,0
2026-04-06 09:39:00,Azure,sa-east-1,64.80311193103526,496.1,0
2026-04-06 09:40:00,AWS,ap-northeast-1,13.47,215.5,0
2026-04-06 09:41:00,AWS,ap-northeast-1,11.74,253.9,0
2026-04-06 09:42:00,GCP,us-east-1,5.83,200.88,0
2026-04-06 09:43:00,AWS,sa-east-1,106.33618268158341,712.45,0
2026-04-06 09:44:00,AWS,us-east-1,13.02,599.22,0
2026-04-06 09:45:00,GCP,sa-east-1,68.81559129476393,600.98,0
2026-04-06 09:46:00,Azure,ap-northeast-1,26.89,188.54,0
2026-04-06 09:47:00,GCP,sa-east-1,100.02325832872089,813.95,0
2026-04-06 09:48:00,AWS,sa-east-1,64.38795547918531,582.02,0
2026-04-06 09:49:00,GCP,sa-east-1,103.00522287938581,181.87,0
2026-04-06 09:50:00,Azure,us-east-1,5.96,772.42,0
2026-04-06 09:51:00,GCP,us-east-1,7.35,983.17,0
2026-04-06 09:52:00,AWS,sa-east-1,73.89200949424844,497.06,0
2026-04-06 09:53:00,AWS,eu-west-1,5.5,204.09,0
2026-04-06 09:54:00,GCP,us-east-1,11.27,191.26,0
2026-04-06 09:55:00,Azure,ap-northeast-1,10.48,123.29,0
2026-04-06 09:56:00,GCP,ap-northeast-1,8.34,793.36,0
2026-04-06 09:57:00,Azure,sa-east-1,68.90273103195732,724.6,0
2026-04-06 09:58:00,Azure,ap-northeast-1,4.72,625.82,0
2026-04-06 09:59:00,GCP,us-east-1,6.38,789.07,0
2026-04-06 10:00:00,Azure,eu-west-1,11.69,999.37,0
2026-04-06 10:01:00,AWS,eu-west-1,16.43,461.66,0
2026-04-06 10:02:00,GCP,eu-west-1,27.27,735.23,0
2026-04-06 10:03:00,Azure,ap-northeast-1,14.4,439.45,0
2026-04-06 10:04:00,AWS,sa-east-1,106.686701357259,416.85,0
2026-04-06 10:05:00,GCP,ap-northeast-1,27.22,865.83,0
2026-04-06 10:06:00,AWS,sa-east-1,98.85433664943287,617.29,0
2026-04-06 10:07:00,AWS,eu-west-1,19.92,208.55,0
2026-04-06 10:08:00,AWS,us-east-1,10.08,463.16,0
2026-04-06 10:09:00,Azure,ap-northeast-1,17.47,816.9,0
2026-04-06 10:10:00,GCP,us-east-1,13.53,946.0,0
2026-04-06 10:11:00,GCP,eu-west-1,10.79,652.99,0
2026-04-06 10:12:00,Azure,sa-east-1,95.81639202191872,454.79,0
2026-04-06 10:13:00,GCP,us-east-1,6.68,326.78,0
2026-04-06 10:14:00,AWS,ap-northeast-1,7.93,479.82,0
2026-04-06 10:15:00,GCP,us-east-1,21.95,609.09,0
2026-04-06 10:16:00,Azure,us-east-1,19.8,103.98,0
2026-04-06 10:17:00,AWS,ap-northeast-1,12.26,341.81,0
2026-04-06 10:18:00,Azure,sa-east-1,106.27845755866997,704.36,0
2026-04-06 10:19:00,AWS,ap-northeast-1,15.78,705.91,0
2026-04-06 10:20:00,AWS,eu-west-1,14.62,687.71,0
2026-04-06 10:21:00,GCP,sa-east-1,95.52499720741952,954.95,0
2026-04-06 10:22:00,AWS,us-east-1,8.0,611.69,0
2026-04-06 10:23:00,Azure,ap-northeast-1,22.63,342.76,0
2026-04-06 10:24:00,GCP,eu-west-1,11.0,830.45,0
2026-04-06 10:25:00,Azure,ap-northeast-1,7.42,450.44,0
2026-04-06 10:26:00,AWS,sa-east-1,76.01887398952901,315.36,0
2026-04-06 10:27:00,Azure,eu-west-1,14.46,601.07,0
2026-04-06 10:28:00,Azure,us-east-1,14.85,360.13,0
2026-04-06 10:29:00,AWS,sa-east-1,106.82346832363214,456.54,0
2026-04-06 10:30:00,GCP,eu-west-1,10.08,723.84,0
2026-04-06 10:31:00,Azure,sa-east-1,78.44298594946142,996.35,0
2026-04-06 10:32:00,AWS,us-east-1,7.99,680.26,0
2026-04-06 10:33:00,GCP,eu-west-1,13.69,348.83,0
2026-04-06 10:34:00,GCP,ap-northeast-1,7.93,181.42,0
2026-04-06 10:35:00,GCP,ap-northeast-1,9.07,425.77,0
2026-04-06 10:36:00,Azure,us-east-1,19.92,117.38,0
2026-04-06 10:37:00,Azure,eu-west-1,13.04,518.28,0
2026-04-06 10:38:00,Azure,us-east-1,24.84,693.99,0
2026-04-06 10:39:00,GCP,us-east-1,21.94,560.62,0
2026-04-06 10:40:00,Azure,sa-east-1,104.35692179959929,878.75,0
2026-04-06 10:41:00,AWS,ap-northeast-1,14.54,544.65,0
2026-04-06 10:42:00,Azure,us-east-1,10.81,516.14,0
2026-04-06 10:43:00,Azure,sa-east-1,109.60960952098432,378.71,0
2026-04-06 10:44:00,GCP,us-east-1,14.61,853.85,0
2026-04-06 10:45:00,Azure,us-east-1,19.2,913.24,0
2026-04-06 10:46:00,AWS,us-east-1,8.82,980.13,0
2026-04-06 10:47:00,GCP,ap-northeast-1,6.17,983.09,0
2026-04-06 10:48:00,AWS,eu-west-1,15.66,982.38,0
2026-04-06 10:49:00,GCP,ap-northeast-1,17.31,740.76,0
2026-04-06 10:50:00,GCP,sa-east-1,78.07591098096407,606.39,0
2026-04-06 10:51:00,Azure,eu-west-1,16.27,255.11,0
2026-04-06 10:52:00,AWS,sa-east-1,63.1426012550507,790.36,0
2026-04-06 10:53:00,GCP,us-east-1,19.49,761.39,0
2026-04-06 10:54:00,Azure,eu-west-1,21.89,858.16,0
2026-04-06 10:55:00,GCP,sa-east-1,111.32942725168883,516.21,0
2026-04-06 10:56:00,GCP,us-east-1,12.96,903.18,0
2026-04-06 10:57:00,GCP,sa-east-1,90.27244209181852,746.81,0
2026-04-06 10:58:00,GCP,sa-east-1,73.14611983974916,254.01,0
2026-04-06 10:59:00,GCP,ap-northeast-1,16.23,286.21,0
2026-04-06 11:00:00,GCP,us-east-1,17.43,832.84,0
2026-04-06 11:01:00,Azure,ap-northeast-1,15.65,483.12,0
2026-04-06 11:02:00,GCP,eu-west-1,7.61,324.11,0
2026-04-06 11:03:00,AWS,us-east-1,13.66,480.32,0
2026-04-06 11:04:00,Azure,ap-northeast-1,10.72,245.24,0
2026-04-06 11:05:00,AWS,ap-northeast-1,4.58,902.56,0
2026-04-06 11:06:00,GCP,eu-west-1,6.76,164.39,0
2026-04-06 11:07:00,AWS,sa-east-1,72.67966135195051,417.92,0
2026-04-06 11:08:00,GCP,sa-east-1,96.27365400689877,601.24,0
2026-04-06 11:09:00,GCP,sa-east-1,84.36341126629367,886.28,0
2026-04-06 11:10:00,Azure,eu-west-1,21.58,803.39,0
2026-04-06 11:11:00,Azure,ap-northeast-1,16.01,120.18,0
2026-04-06 11:12:00,GCP,us-east-1,8.96,842.72,0
2026-04-06 11:13:00,Azure,eu-west-1,19.53,674.31,0
2026-04-06 11:14:00,AWS,sa-east-1,85.3536140712371,220.01,0
2026-04-06 11:15:00,Azure,sa-east-1,107.44976306267199,655.73,0
2026-04-06 11:16:00,Azure,us-east-1,7.72,836.1,0
2026-04-06 11:17:00,AWS,eu-west-1,9.48,641.9,0
2026-04-06 11:18:00,Azure,sa-east-1,64.04533751670704,999.23,0
2026-04-06 11:19:00,GCP,eu-west-1,19.68,556.3,0
2026-04-06 11:20:00,AWS,ap-northeast-1,26.24,705.82,0
2026-04-06 11:21:00,GCP,eu-west-1,19.33,163.34,0
2026-04-06 11:22:00,AWS,ap-northeast-1,13.46,831.88,0
2026-04-06 11:23:00,GCP,us-east-1,10.45,661.69,0
2026-04-06 11:24:00,GCP,ap-northeast-1,15.46,605.12,0
2026-04-06 11:25:00,Azure,ap-northeast-1,9.89,737.93,0
2026-04-06 11:26:00,GCP,us-east-1,11.99,604.46,0
2026-04-06 11:27:00,Azure,sa-east-1,59.98195393463527,789.81,0
2026-04-06 11:28:00,AWS,us-east-1,16.87,625.16,0
2026-04-06 11:29:00,GCP,eu-west-1,17.3,568.05,0
2026-04-06 11:30:00,GCP,us-east-1,19.19,221.52,0
2026-04-06 11:31:00,AWS,eu-west-1,16.1,524.65,0
2026-04-06 11:32:00,AWS,sa-east-1,93.57540743233503,584.41,0
2026-04-06 11:33:00,GCP,eu-west-1,7.23,662.12,0
2026-04-06 11:34:00,AWS,us-east-1,7.08,510.3,1
2026-04-06 11:35:00,Azure,us-east-1,14.38,231.98,0
2026-04-06 11:36:00,AWS,sa-east-1,106.11268120812676,235.33,0
2026-04-06 11:37:00,AWS,us-east-1,10.66,748.89,0
2026-04-06 11:38:00,GCP,sa-east-1,88.62852204846155,695.3,0
2026-04-06 11:39:00,Azure,sa-east-1,79.25887987959821,333.55,1
2026-04-06 11:40:00,AWS,us-east-1,4.85,501.27,0
2026-04-06 11:41:00,Azure,ap-northeast-1,13.74,376.26,0
2026-04-06 11:42:00,Azure,eu-west-1,9.25,262.92,0
2026-04-06 11:43:00,Azure,ap-northeast-1,16.54,393.55,0
2026-04-06 11:44:00,GCP,sa-east-1,80.06153175347032,336.42,0
2026-04-06 11:45:00,AWS,eu-west-1,11.14,174.18,0
2026-04-06 11:46:00,GCP,ap-northeast-1,11.26,554.04,0
2026-04-06 11:47:00,AWS,us-east-1,10.34,505.8,0
2026-04-06 11:48:00,AWS,ap-northeast-1,6.17,743.15,0
2026-04-06 11:49:00,GCP,eu-west-1,19.62,658.28,0
2026-04-06 11:50:00,Azure,eu-west-1,8.87,409.04,0
2026-04-06 11:51:00,Azure,eu-west-1,9.64,546.67,0
2026-04-06 11:52:00,AWS,eu-west-1,12.67,582.47,0
2026-04-06 11:53:00,GCP,ap-northeast-1,6.97,925.79,0
2026-04-06 11:54:00,Azure,us-east-1,9.49,983.52,0
2026-04-06 11:55:00,Azure,us-east-1,31.76,833.99,0
2026-04-06 11:56:00,AWS,eu-west-1,14.42,605.89,0
2026-04-06 11:57:00,AWS,us-east-1,7.93,935.3,0
2026-04-06 11:58:00,GCP,ap-northeast-1,4.3,260.3,0
2026-04-06 11:59:00,AWS,us-east-1,20.1,726.85,0
2026-04-06 12:00:00,Azure,sa-east-1,64.8224034051286,514.42,0
2026-04-06 12:01:00,Azure,us-east-1,9.29,230.27,0
2026-04-06 12:02:00,Azure,eu-west-1,9.89,167.69,0
2026-04-06 12:03:00,Azure,us-east-1,7.72,532.67,0
2026-04-06 12:04:00,GCP,us-east-1,11.73,315.07,0
2026-04-06 12:05:00,GCP,us-east-1,9.25,325.46,0
2026-04-06 12:06:00,AWS,us-east-1,16.54,388.2,0
2026-04-06 12:07:00,AWS,sa-east-1,78.655778399671,746.53,0
2026-04-06 12:08:00,AWS,ap-northeast-1,24.93,247.68,0
2026-04-06 12:09:00,GCP,eu-west-1,25.18,745.8,0
2026-04-06 12:10:00,Azure,eu-west-1,7.56,804.44,0
2026-04-06 12:11:00,AWS,us-east-1,10.34,635.03,0
2026-04-06 12:12:00,Azure,ap-northeast-1,35.77,322.8,0
2026-04-06 12:13:00,AWS,us-east-1,6.83,146.38,0
2026-04-06 12:14:00,AWS,sa-east-1,106.09429298213735,467.15,0
2026-04-06 12:15:00,AWS,ap-northeast-1,16.02,862.7,0
2026-04-06 12:16:00,AWS,ap-northeast-1,7.97,191.68,0
2026-04-06 12:17:00,AWS,ap-northeast-1,8.16,770.35,0
2026-04-06 12:18:00,Azure,ap-northeast-1,30.65,521.1,0
2026-04-06 12:19:00,AWS,us-east-1,30.34,908.95,0
2026-04-06 12:20:00,Azure,sa-east-1,90.05705300194532,420.58,0
2026-04-06 12:21:00,GCP,ap-northeast-1,6.09,734.27,0
2026-04-06 12:22:00,AWS,eu-west-1,22.84,766.11,0
2026-04-06 12:23:00,Azure,eu-west-1,6.08,278.87,0
2026-04-06 12:24:00,GCP,sa-east-1,111.95788145945592,242.33,0
2026-04-06 12:25:00,GCP,eu-west-1,5.42,183.46,0
2026-04-06 12:26:00,GCP,us-east-1,12.23,731.42,0
2026-04-06 12:27:00,Azure,us-east-1,18.96,593.34,0
2026-04-06 12:28:00,AWS,sa-east-1,61.370077771447896,178.05,0
2026-04-06 12:29:00,AWS,ap-northeast-1,9.35,377.5,0
2026-04-06 12:30:00,Azure,eu-west-1,13.15,228.11,0
2026-04-06 12:31:00,AWS,eu-west-1,10.26,183.41,0
2026-04-06 12:32:00,Azure,sa-east-1,80.83113167030251,368.89,0
2026-04-06 12:33:00,AWS,sa-east-1,96.48039797606515,186.67,0
2026-04-06 12:34:00,GCP,eu-west-1,20.47,334.17,0
2026-04-06 12:35:00,AWS,ap-northeast-1,24.15,597.45,0
2026-04-06 12:36:00,Azure,sa-east-1,80.94438564924653,604.81,0
2026-04-06 12:37:00,Azure,us-east-1,26.49,251.2,0
2026-04-06 12:38:00,GCP,eu-west-1,9.32,271.91,0
2026-04-06 12:39:00,Azure,sa-east-1,79.76230358923506,869.47,0
2026-04-06 12:40:00,AWS,sa-east-1,62.60009743207973,250.24,0
2026-04-06 12:41:00,AWS,sa-east-1,147.39655914129543,141.17,0
2026-04-06 12:42:00,GCP,eu-west-1,12.81,320.34,0
2026-04-06 12:43:00,Azure,us-east-1,18.21,618.78,0
2026-04-06 12:44:00,GCP,us-east-1,5.05,106.5,0
2026-04-06 12:45:00,AWS,eu-west-1,18.01,986.49,0
2026-04-06 12:46:00,GCP,sa-east-1,71.52643888497819,307.35,0
2026-04-06 12:47:00,Azure,eu-west-1,15.36,314.31,0
2026-04-06 12:48:00,GCP,eu-west-1,12.27,764.76,0
2026-04-06 12:49:00,Azure,sa-east-1,109.976352674956,323.36,0
2026-04-06 12:50:00,Azure,eu-west-1,10.44,456.54,0
2026-04-06 12:51:00,AWS,ap-northeast-1,11.65,589.53,0
2026-04-06 12:52:00,AWS,us-east-1,25.38,119.69,0
2026-04-06 12:53:00,AWS,ap-northeast-1,10.14,853.56,0
2026-04-06 12:54:00,Azure,ap-northeast-1,37.69,560.85,0
2026-04-06 12:55:00,GCP,ap-northeast-1,12.56,381.63,0
2026-04-06 12:56:00,Azure,eu-west-1,24.53,459.81,0
2026-04-06 12:57:00,AWS,sa-east-1,94.02189190127505,150.24,0
2026-04-06 12:58:00,AWS,eu-west-1,5.57,746.18,0
2026-04-06 12:59:00,GCP,us-east-1,6.2,585.55,0
2026-04-06 13:00:00,AWS,eu-west-1,8.68,922.59,0
2026-04-06 13:01:00,AWS,eu-west-1,5.63,517.77,0
2026-04-06 13:02:00,AWS,eu-west-1,9.91,845.56,0
2026-04-06 13:03:00,GCP,eu-west-1,12.35,269.5,0
2026-04-06 13:04:00,Azure,ap-northeast-1,16.85,150.86,0
2026-04-06 13:05:00,AWS,sa-east-1,112.41927538948514,953.6,0
2026-04-06 13:06:00,GCP,us-east-1,12.21,331.26,0
2026-04-06 13:07:00,AWS,us-east-1,20.33,850.23,0
2026-04-06 13:08:00,GCP,us-east-1,19.01,331.6,0
2026-04-06 13:09:00,AWS,eu-west-1,31.62,240.26,0
2026-04-06 13:10:00,GCP,us-east-1,13.37,759.28,0
2026-04-06 13:11:00,AWS,ap-northeast-1,3.65,800.57,0
2026-04-06 13:12:00,Azure,sa-east-1,67.09767003488402,859.25,0
2026-04-06 13:13:00,AWS,eu-west-1,37.88,878.38,0
2026-04-06 13:14:00,GCP,eu-west-1,20.35,534.82,0
2026-04-06 13:15:00,AWS,ap-northeast-1,22.82,460.2,0
2026-04-06 13:16:00,Azure,us-east-1,12.77,775.87,0
2026-04-06 13:17:00,AWS,eu-west-1,19.23,612.45,0
2026-04-06 13:18:00,GCP,eu-west-1,23.43,968.76,0
2026-04-06 13:19:00,GCP,ap-northeast-1,10.31,438.25,0
2026-04-06 13:20:00,Azure,ap-northeast-1,9.48,138.59,0
2026-04-06 13:21:00,GCP,us-east-1,15.29,630.37,0
2026-04-06 13:22:00,AWS,sa-east-1,98.13465430069611,418.12,0
2026-04-06 13:23:00,AWS,sa-east-1,87.61194518570565,408.41,0
2026-04-06 13:24:00,AWS,us-east-1,11.05,608.07,0
2026-04-06 13:25:00,GCP,sa-east-1,80.40745127200375,929.6,0
2026-04-06 13:26:00,AWS,ap-northeast-1,11.46,340.26,0
2026-04-06 13:27:00,AWS,ap-northeast-1,28.36,441.63,0
2026-04-06 13:28:00,AWS,ap-northeast-1,8.92,902.12,0
2026-04-06 13:29:00,Azure,sa-east-1,89.06513972327824,905.7,0
2026-04-06 13:30:00,GCP,sa-east-1,93.88001147009086,311.13,0
2026-04-06 13:31:00,GCP,eu-west-1,20.02,735.7,0
2026-04-06 13:32:00,GCP,eu-west-1,19.65,474.0,0
2026-04-06 13:33:00,Azure,eu-west-1,12.41,942.4,0
2026-04-06 13:34:00,GCP,sa-east-1,73.67285804574374,759.02,0
2026-04-06 13:35:00,Azure,eu-west-1,15.85,544.92,0
2026-04-06 13:36:00,Azure,ap-northeast-1,8.57,835.67,0
2026-04-06 13:37:00,GCP,sa-east-1,81.67538251767645,998.09,0
2026-04-06 13:38:00,AWS,us-east-1,7.78,502.34,0
2026-04-06 13:39:00,AWS,sa-east-1,102.09648813156339,436.16,0
2026-04-06 13:40:00,GCP,eu-west-1,36.84,646.33,0
2026-04-06 13:41:00,GCP,sa-east-1,79.41908083548687,714.77,0
2026-04-06 13:42:00,Azure,eu-west-1,24.53,734.0,0
2026-04-06 13:43:00,GCP,eu-west-1,10.5,526.22,0
2026-04-06 13:44:00,Azure,us-east-1,14.51,399.06,0
2026-04-06 13:45:00,GCP,us-east-1,8.96,839.73,0
2026-04-06 13:46:00,AWS,ap-northeast-1,20.23,962.43,0
2026-04-06 13:47:00,AWS,eu-west-1,8.85,877.58,0
2026-04-06 13:48:00,GCP,sa-east-1,88.17417528322804,714.12,0
2026-04-06 13:49:00,Azure,us-east-1,12.47,424.14,0
2026-04-06 13:50:00,AWS,us-east-1,18.33,660.23,0
2026-04-06 13:51:00,Azure,eu-west-1,13.22,191.04,0
2026-04-06 13:52:00,GCP,sa-east-1,80.23520523967863,580.52,0
2026-04-06 13:53:00,GCP,us-east-1,7.77,803.1,0
2026-04-06 13:54:00,AWS,us-east-1,5.24,325.95,0
2026-04-06 13:55:00,GCP,sa-east-1,97.45774373998096,551.38,0
2026-04-06 13:56:00,AWS,us-east-1,11.29,165.95,0
2026-04-06 13:57:00,Azure,sa-east-1,67.98050605383784,854.65,0
2026-04-06 13:58:00,AWS,eu-west-1,6.8,415.21,0
2026-04-06 13:59:00,AWS,us-east-1,17.01,623.99,0
2026-04-06 14:00:00,Azure,eu-west-1,9.05,440.68,0
2026-04-06 14:01:00,AWS,sa-east-1,59.91754534885038,637.84,0
2026-04-06 14:02:00,AWS,eu-west-1,22.75,769.78,0
2026-04-06 14:03:00,GCP,eu-west-1,3.53,394.13,0
2026-04-06 14:04:00,Azure,eu-west-1,6.6,567.34,0
2026-04-06 14:05:00,AWS,ap-northeast-1,12.46,815.39,0
2026-04-06 14:06:00,Azure,sa-east-1,88.34604704762435,719.07,0
2026-04-06 14:07:00,Azure,sa-east-1,104.6611513669805,151.37,0
2026-04-06 14:08:00,AWS,sa-east-1,81.793057693414,611.88,0
2026-04-06 14:09:00,GCP,sa-east-1,70.26395899750858,438.7,0
2026-04-06 14:10:00,Azure,sa-east-1,72.6652957010496,737.9,0
2026-04-06 14:11:00,AWS,us-east-1,20.91,115.0,0
2026-04-06 14:12:00,Azure,us-east-1,8.52,397.54,0
2026-04-06 14:13:00,GCP,us-east-1,4.78,177.84,0
2026-04-06 14:14:00,GCP,eu-west-1,18.35,928.44,0
2026-04-06 14:15:00,GCP,eu-west-1,13.81,888.85,0
2026-04-06 14:16:00,AWS,sa-east-1,79.21254479903602,971.28,0
2026-04-06 14:17:00,AWS,ap-northeast-1,9.29,679.12,0
2026-04-06 14:18:00,GCP,sa-east-1,123.91646216107443,826.34,0
2026-04-06 14:19:00,AWS,us-east-1,16.93,650.68,0
2026-04-06 14:20:00,GCP,sa-east-1,77.34412118201344,542.84,0
2026-04-06 14:21:00,AWS,eu-west-1,6.9,850.44,0
2026-04-06 14:22:00,GCP,sa-east-1,118.69950723004447,798.55,0
2026-04-06 14:23:00,Azure,us-east-1,5.98,759.95,0
2026-04-06 14:24:00,GCP,sa-east-1,103.07766645705757,904.52,0
2026-04-06 14:25:00,GCP,eu-west-1,18.5,935.87,0
2026-04-06 14:26:00,AWS,ap-northeast-1,6.26,500.76,0
2026-04-06 14:27:00,AWS,us-east-1,26.02,354.54,0
2026-04-06 14:28:00,AWS,sa-east-1,88.55786233615807,560.61,0
2026-04-06 14:29:00,AWS,eu-west-1,7.49,183.76,0
2026-04-06 14:30:00,AWS,us-east-1,21.68,944.34,0
2026-04-06 14:31:00,AWS,us-east-1,8.93,985.47,0
2026-04-06 14:32:00,Azure,eu-west-1,18.13,687.43,0
2026-04-06 14:33:00,GCP,sa-east-1,68.23913771244113,771.55,0
2026-04-06 14:34:00,GCP,sa-east-1,87.44541503196196,391.3,0
2026-04-06 14:35:00,GCP,sa-east-1,108.47252183117588,879.64,0
2026-04-06 14:36:00,Azure,us-east-1,7.98,910.27,0
2026-04-06 14:37:00,GCP,ap-northeast-1,20.32,169.21,0
2026-04-06 14:38:00,Azure,us-east-1,10.17,218.3,0
2026-04-06 14:39:00,Azure,sa-east-1,80.84235112538903,334.77,0
2026-04-06 14:40:00,Azure,us-east-1,7.38,733.31,0
2026-04-06 14:41:00,GCP,ap-northeast-1,8.29,265.03,0
2026-04-06 14:42:00,Azure,us-east-1,7.99,298.07,0
2026-04-06 14:43:00,GCP,eu-west-1,8.98,443.68,0
2026-04-06 14:44:00,GCP,sa-east-1,121.65558586434939,650.47,0
2026-04-06 14:45:00,AWS,sa-east-1,75.68612771707585,978.68,0
2026-04-06 14:46:00,AWS,sa-east-1,80.6292151487902,805.51,0
2026-04-06 14:47:00,Azure,us-east-1,8.76,602.47,0
2026-04-06 14:48:00,Azure,us-east-1,8.0,144.45,0
2026-04-06 14:49:00,GCP,us-east-1,7.5,565.16,0
2026-04-06 14:50:00,Azure,sa-east-1,110.1298955751396,283.68,0
2026-04-06 14:51:00,Azure,us-east-1,14.01,370.06,0
2026-04-06 14:52:00,GCP,sa-east-1,95.75371246566925,325.77,0
2026-04-06 14:53:00,Azure,us-east-1,12.27,412.7,0
2026-04-06 14:54:00,Azure,sa-east-1,95.67708513983294,156.03,0
2026-04-06 14:55:00,GCP,eu-west-1,19.45,619.15,0
2026-04-06 14:56:00,GCP,us-east-1,10.12,141.18,0
2026-04-06 14:57:00,AWS,sa-east-1,83.09350392084227,694.53,0
2026-04-06 14:58:00,GCP,eu-west-1,7.45,757.72,0
2026-04-06 14:59:00,AWS,eu-west-1,16.33,537.46,0
2026-04-06 15:00:00,Azure,ap-northeast-1,12.38,803.13,0
2026-04-06 15:01:00,GCP,us-east-1,13.3,970.65,0
2026-04-06 15:02:00,GCP,sa-east-1,103.01786850761415,406.05,0
2026-04-06 15:03:00,GCP,ap-northeast-1,22.73,657.02,0
2026-04-06 15:04:00,Azure,us-east-1,9.01,391.36,0
2026-04-06 15:05:00,AWS,eu-west-1,24.38,499.05,0
2026-04-06 15:06:00,Azure,us-east-1,24.46,118.74,0
2026-04-06 15:07:00,Azure,sa-east-1,86.71409028633664,166.91,0
2026-04-06 15:08:00,GCP,eu-west-1,10.42,817.78,0
2026-04-06 15:09:00,AWS,ap-northeast-1,8.01,225.92,0
2026-04-06 15:10:00,Azure,us-east-1,4.49,729.24,0
2026-04-06 15:11:00,GCP,us-east-1,15.96,737.98,0
2026-04-06 15:12:00,Azure,ap-northeast-1,6.99,996.6,0
2026-04-06 15:13:00,Azure,us-east-1,7.5,726.04,0
2026-04-06 15:14:00,GCP,us-east-1,16.05,215.87,0
2026-04-06 15:15:00,GCP,us-east-1,9.83,663.89,0
2026-04-06 15:16:00,AWS,eu-west-1,13.58,571.73,0
2026-04-06 15:17:00,Azure,eu-west-1,15.34,925.65,0
2026-04-06 15:18:00,GCP,sa-east-1,116.85690530343751,721.14,0
2026-04-06 15:19:00,GCP,us-east-1,13.45,566.63,0
2026-04-06 15:20:00,AWS,sa-east-1,99.79420731633431,661.79,0
2026-04-06 15:21:00,AWS,eu-west-1,11.73,499.11,0
2026-04-06 15:22:00,GCP,us-east-1,9.13,557.57,0
2026-04-06 15:23:00,AWS,sa-east-1,89.9228625737405,750.11,0
2026-04-06 15:24:00,GCP,us-east-1,14.67,170.51,0
2026-04-06 15:25:00,Azure,us-east-1,16.32,653.8,0
2026-04-06 15:26:00,AWS,ap-northeast-1,23.96,179.4,0
2026-04-06 15:27:00,Azure,sa-east-1,83.05939366504256,869.57,0
2026-04-06 15:28:00,Azure,eu-west-1,5.97,948.22,0
2026-04-06 15:29:00,Azure,sa-east-1,81.23953280688451,802.18,0
2026-04-06 15:30:00,GCP,sa-east-1,63.722283873274236,746.23,0
2026-04-06 15:31:00,Azure,sa-east-1,66.0898218150884,949.37,0
2026-04-06 15:32:00,Azure,ap-northeast-1,4.1,296.68,0
2026-04-06 15:33:00,Azure,us-east-1,6.2,305.95,0
2026-04-06 15:34:00,GCP,eu-west-1,22.45,532.91,0
2026-04-06 15:35:00,Azure,ap-northeast-1,14.91,106.72,0
2026-04-06 15:36:00,Azure,eu-west-1,29.93,968.56,0
2026-04-06 15:37:00,AWS,ap-northeast-1,11.99,129.03,0
2026-04-06 15:38:00,GCP,us-east-1,11.77,636.5,0
2026-04-06 15:39:00,Azure,eu-west-1,13.57,418.58,0
2026-04-06 15:40:00,AWS,sa-east-1,125.56997606797242,192.67,0
2026-04-06 15:41:00,GCP,ap-northeast-1,20.62,122.15,0
2026-04-06 15:42:00,GCP,eu-west-1,8.0,336.18,0
2026-04-06 15:43:00,GCP,us-east-1,14.93,196.02,0
2026-04-06 15:44:00,GCP,eu-west-1,13.15,946.3,0
2026-04-06 15:45:00,GCP,ap-northeast-1,17.47,320.29,0
2026-04-06 15:46:00,GCP,us-east-1,31.08,184.72,0
2026-04-06 15:47:00,Azure,sa-east-1,101.4381739269303,792.71,0
2026-04-06 15:48:00,Azure,ap-northeast-1,10.12,472.83,0
2026-04-06 15:49:00,Azure,ap-northeast-1,30.94,859.3,0
2026-04-06 15:50:00,Azure,us-east-1,6.34,854.59,0
2026-04-06 15:51:00,AWS,ap-northeast-1,10.64,993.14,0
2026-04-06 15:52:00,Azure,eu-west-1,19.12,823.45,0
2026-04-06 15:53:00,GCP,sa-east-1,97.31753260735161,292.74,0
2026-04-06 15:54:00,Azure,eu-west-1,11.87,627.8,0
2026-04-06 15:55:00,Azure,us-east-1,8.58,573.63,0
2026-04-06 15:56:00,GCP,ap-northeast-1,11.95,557.37,0
2026-04-06 15:57:00,Azure,sa-east-1,82.15943819209222,367.13,0
2026-04-06 15:58:00,Azure,us-east-1,12.67,289.13,0
2026-04-06 15:59:00,Azure,eu-west-1,10.33,745.21,0
2026-04-06 16:00:00,AWS,ap-northeast-1,23.66,191.59,0
2026-04-06 16:01:00,Azure,ap-northeast-1,14.77,144.65,0
2026-04-06 16:02:00,GCP,us-east-1,17.62,443.12,0
2026-04-06 16:03:00,GCP,eu-west-1,13.09,769.53,0
2026-04-06 16:04:00,Azure,ap-northeast-1,9.8,881.68,0
2026-04-06 16:05:00,Azure,eu-west-1,14.4,586.11,0
2026-04-06 16:06:00,Azure,sa-east-1,91.67597424134276,855.94,0
2026-04-06 16:07:00,GCP,ap-northeast-1,3.63,122.76,0
2026-04-06 16:08:00,GCP,sa-east-1,75.48978879453135,509.83,0
2026-04-06 16:09:00,AWS,ap-northeast-1,17.05,220.05,0
2026-04-06 16:10:00,AWS,us-east-1,8.52,624.45,0
2026-04-06 16:11:00,AWS,ap-northeast-1,18.8,928.89,0
2026-04-06 16:12:00,GCP,ap-northeast-1,14.55,106.47,0
2026-04-06 16:13:00,AWS,eu-west-1,9.99,701.4,0
2026-04-06 16:14:00,Azure,eu-west-1,15.97,813.11,0
2026-04-06 16:15:00,Azure,sa-east-1,95.87002138670266,770.03,0
2026-04-06 16:16:00,GCP,sa-east-1,93.18783202601593,117.79,0
2026-04-06 16:17:00,AWS,sa-east-1,104.81580049651554,256.5,0
2026-04-06 16:18:00,Azure,ap-northeast-1,16.03,184.96,0
2026-04-06 16:19:00,GCP,ap-northeast-1,23.89,176.91,0
2026-04-06 16:20:00,AWS,sa-east-1,97.10738445332215,757.17,0
2026-04-06 16:21:00,Azure,us-east-1,19.13,482.31,0
2026-04-06 16:22:00,AWS,us-east-1,10.49,752.34,0
2026-04-06 16:23:00,GCP,ap-northeast-1,10.53,424.68,0
2026-04-06 16:24:00,AWS,us-east-1,10.0,205.34,0
2026-04-06 16:25:00,GCP,us-east-1,5.24,746.61,0
2026-04-06 16:26:00,AWS,sa-east-1,66.59677088063196,663.45,0
2026-04-06 16:27:00,Azure,us-east-1,14.04,201.68,0
2026-04-06 16:28:00,GCP,us-east-1,13.22,931.93,0
2026-04-06 16:29:00,GCP,ap-northeast-1,26.5,378.03,0
2026-04-06 16:30:00,GCP,ap-northeast-1,28.0,689.26,0
2026-04-06 16:31:00,AWS,ap-northeast-1,23.43,128.78,0
2026-04-06 16:32:00,AWS,us-east-1,10.83,498.74,0
2026-04-06 16:33:00,Azure,sa-east-1,101.05249261674953,967.93,0
2026-04-06 16:34:00,GCP,eu-west-1,7.32,897.86,0
2026-04-06 16:35:00,GCP,ap-northeast-1,12.57,299.21,0
2026-04-06 16:36:00,AWS,ap-northeast-1,12.23,891.22,0
2026-04-06 16:37:00,AWS,ap-northeast-1,15.95,363.76,0
2026-04-06 16:38:00,Azure,sa-east-1,58.49647183033407,867.01,0
2026-04-06 16:39:00,Azure,eu-west-1,10.1,756.3,0
2026-04-06 16:40:00,AWS,eu-west-1,5.22,416.85,0
2026-04-06 16:41:00,GCP,ap-northeast-1,8.52,919.71,0
2026-04-06 16:42:00,Azure,us-east-1,19.04,536.75,0
2026-04-06 16:43:00,AWS,ap-northeast-1,7.02,385.92,0
2026-04-06 16:44:00,AWS,ap-northeast-1,29.14,351.72,0
2026-04-06 16:45:00,GCP,us-east-1,20.18,945.16,0
2026-04-06 16:46:00,AWS,us-east-1,15.65,782.72,0
2026-04-06 16:47:00,AWS,ap-northeast-1,23.73,414.91,1
2026-04-06 16:48:00,Azure,sa-east-1,102.16227783656828,328.75,0
2026-04-06 16:49:00,AWS,sa-east-1,107.79338380604275,290.46,0
2026-04-06 16:50:00,AWS,us-east-1,11.61,320.04,0
2026-04-06 16:51:00,Azure,ap-northeast-1,5.16,199.88,0
2026-04-06 16:52:00,GCP,sa-east-1,96.14392707837851,536.26,0
2026-04-06 16:53:00,GCP,ap-northeast-1,10.23,136.96,0
2026-04-06 16:54:00,Azure,ap-northeast-1,8.35,110.36,0
2026-04-06 16:55:00,Azure,ap-northeast-1,8.85,656.27,0
2026-04-06 16:56:00,GCP,sa-east-1,73.62488152402916,179.63,0
2026-04-06 16:57:00,GCP,eu-west-1,12.93,860.69,0
2026-04-06 16:58:00,GCP,ap-northeast-1,11.32,196.06,0
2026-04-06 16:59:00,GCP,sa-east-1,61.778560958366015,588.4,0
2026-04-06 17:00:00,GCP,eu-west-1,16.04,707.95,0
2026-04-06 17:01:00,Azure,us-east-1,7.03,306.24,0
2026-04-06 17:02:00,AWS,sa-east-1,71.1446501145786,899.44,0
2026-04-06 17:03:00,GCP,eu-west-1,10.39,533.25,0
2026-04-06 17:04:00,GCP,sa-east-1,79.6791022960222,383.79,0
2026-04-06 17:05:00,AWS,eu-west-1,7.09,911.02,0
2026-04-06 17:06:00,AWS,eu-west-1,8.2,872.51,0
2026-04-06 17:07:00,AWS,sa-east-1,118.4092922217642,738.66,0
2026-04-06 17:08:00,AWS,us-east-1,15.28,361.43,0
2026-04-06 17:09:00,AWS,ap-northeast-1,13.95,451.19,0
2026-04-06 17:10:00,AWS,eu-west-1,9.55,720.76,0
2026-04-06 17:11:00,Azure,ap-northeast-1,9.43,266.76,0
2026-04-06 17:12:00,AWS,us-east-1,6.74,545.6,0
2026-04-06 17:13:00,AWS,ap-northeast-1,10.35,763.95,0
2026-04-06 17:14:00,Azure,ap-northeast-1,24.24,691.94,0
2026-04-06 17:15:00,AWS,sa-east-1,99.87390428970464,747.94,0
2026-04-06 17:16:00,GCP,sa-east-1,93.26804495895095,902.73,0
2026-04-06 17:17:00,GCP,us-east-1,19.36,971.46,0
2026-04-06 17:18:00,AWS,sa-east-1,73.671048353525,512.55,0
2026-04-06 17:19:00,Azure,eu-west-1,8.5,153.98,0
2026-04-06 17:20:00,GCP,us-east-1,21.8,850.92,0
2026-04-06 17:21:00,Azure,sa-east-1,109.36719806468163,206.17,0
2026-04-06 17:22:00,GCP,sa-east-1,94.21519931695995,297.5,0
2026-04-06 17:23:00,AWS,us-east-1,25.77,687.85,0
2026-04-06 17:24:00,Azure,eu-west-1,12.76,771.16,0
2026-04-06 17:25:00,Azure,us-east-1,11.2,725.18,0
2026-04-06 17:26:00,Azure,sa-east-1,84.62285817801934,494.64,0
2026-04-06 17:27:00,GCP,sa-east-1,98.18377720823335,926.26,0
2026-04-06 17:28:00,GCP,us-east-1,9.2,848.98,0
2026-04-06 17:29:00,GCP,eu-west-1,24.99,697.31,0
2026-04-06 17:30:00,AWS,eu-west-1,30.86,496.97,0
2026-04-06 17:31:00,GCP,ap-northeast-1,6.98,517.44,0
2026-04-06 17:32:00,AWS,eu-west-1,10.03,258.37,0
2026-04-06 17:33:00,Azure,us-east-1,12.21,801.73,0
2026-04-06 17:34:00,Azure,eu-west-1,13.47,879.37,0
2026-04-06 17:35:00,AWS,eu-west-1,7.57,844.55,0
2026-04-06 17:36:00,GCP,ap-northeast-1,16.86,592.39,0
2026-04-06 17:37:00,AWS,eu-west-1,17.51,854.15,0
2026-04-06 17:38:00,Azure,ap-northeast-1,18.64,811.37,0
2026-04-06 17:39:00,Azure,ap-northeast-1,17.75,849.12,0
2026-04-06 17:40:00,AWS,eu-west-1,12.69,983.74,0
2026-04-06 17:41:00,GCP,sa-east-1,99.41864518459509,829.0,0
2026-04-06 17:42:00,GCP,us-east-1,15.99,343.62,0
2026-04-06 17:43:00,AWS,us-east-1,5.8,838.78,0
2026-04-06 17:44:00,AWS,eu-west-1,5.82,438.07,0
2026-04-06 17:45:00,GCP,us-east-1,14.21,564.57,0
2026-04-06 17:46:00,Azure,us-east-1,23.17,816.76,0
2026-04-06 17:47:00,AWS,ap-northeast-1,15.23,385.05,0
2026-04-06 17:48:00,GCP,sa-east-1,96.48913212735303,123.47,0
2026-04-06 17:49:00,GCP,us-east-1,7.17,746.33,0
2026-04-06 17:50:00,Azure,sa-east-1,111.16511190364577,911.96,0
2026-04-06 17:51:00,Azure,us-east-1,21.56,935.1,0
2026-04-06 17:52:00,Azure,sa-east-1,105.27639970275118,819.02,0
2026-04-06 17:53:00,Azure,sa-east-1,75.94753534609019,941.63,0
2026-04-06 17:54:00,Azure,us-east-1,16.4,838.59,0
2026-04-06 17:55:00,AWS,ap-northeast-1,13.64,127.09,0
2026-04-06 17:56:00,GCP,sa-east-1,80.67789769096936,414.69,0
2026-04-06 17:57:00,AWS,sa-east-1,72.25543720191112,402.5,0
2026-04-06 17:58:00,AWS,us-east-1,12.0,297.25,0
2026-04-06 17:59:00,AWS,sa-east-1,79.9451888006792,818.14,0
2026-04-06 18:00:00,AWS,sa-east-1,91.78818869331191,568.08,0
2026-04-06 18:01:00,AWS,ap-northeast-1,7.61,852.66,0
2026-04-06 18:02:00,Azure,sa-east-1,86.35809254628121,641.21,0
2026-04-06 18:03:00,Azure,ap-northeast-1,18.18,631.55,0
2026-04-06 18:04:00,GCP,sa-east-1,82.9348831971119,445.73,0
2026-04-06 18:05:00,AWS,sa-east-1,73.74384740772915,810.64,0
2026-04-06 18:06:00,GCP,ap-northeast-1,24.43,714.78,0
2026-04-06 18:07:00,Azure,ap-northeast-1,12.35,404.88,0
2026-04-06 18:08:00,Azure,eu-west-1,9.21,994.22,0
2026-04-06 18:09:00,Azure,sa-east-1,138.4550457681766,516.51,0
2026-04-06 18:10:00,AWS,ap-northeast-1,6.63,384.93,0
2026-04-06 18:11:00,AWS,sa-east-1,140.37006213521192,719.01,0
2026-04-06 18:12:00,Azure,sa-east-1,97.16558748815228,300.53,0
2026-04-06 18:13:00,GCP,sa-east-1,78.66317689314465,847.58,0
2026-04-06 18:14:00,GCP,us-east-1,16.86,712.33,0
2026-04-06 18:15:00,Azure,eu-west-1,6.06,883.06,0
2026-04-06 18:16:00,GCP,us-east-1,16.39,396.15,0
2026-04-06 18:17:00,Azure,eu-west-1,14.31,868.98,0
2026-04-06 18:18:00,GCP,sa-east-1,112.98116042835011,550.84,0
2026-04-06 18:19:00,Azure,sa-east-1,69.04382694977738,153.24,0
2026-04-06 18:20:00,GCP,ap-northeast-1,13.19,274.75,0
2026-04-06 18:21:00,AWS,eu-west-1,15.46,295.88,0
2026-04-06 18:22:00,Azure,eu-west-1,9.54,791.19,0
2026-04-06 18:23:00,Azure,us-east-1,24.61,282.81,0
2026-04-06 18:24:00,GCP,eu-west-1,13.0,605.73,0
2026-04-06 18:25:00,Azure,sa-east-1,82.33072600505353,687.29,0
2026-04-06 18:26:00,Azure,ap-northeast-1,8.03,796.47,0
2026-04-06 18:27:00,Azure,us-east-1,5.34,805.49,0
2026-04-06 18:28:00,AWS,ap-northeast-1,6.21,745.84,0
2026-04-06 18:29:00,AWS,eu-west-1,16.41,291.87,0
2026-04-06 18:30:00,GCP,eu-west-1,8.21,589.12,0
2026-04-06 18:31:00,AWS,us-east-1,17.54,361.15,0
2026-04-06 18:32:00,GCP,eu-west-1,27.86,797.59,0
2026-04-06 18:33:00,AWS,ap-northeast-1,17.91,773.28,0
2026-04-06 18:34:00,GCP,sa-east-1,103.25380020065687,306.68,0
2026-04-06 18:35:00,AWS,us-east-1,16.91,677.21,0
2026-04-06 18:36:00,AWS,eu-west-1,21.16,152.59,0
2026-04-06 18:37:00,GCP,ap-northeast-1,14.24,791.69,0
2026-04-06 18:38:00,Azure,sa-east-1,95.70932937860415,802.18,0
2026-04-06 18:39:00,Azure,eu-west-1,9.18,412.31,0
2026-04-06 18:40:00,AWS,us-east-1,7.48,825.63,0
2026-04-06 18:41:00,GCP,eu-west-1,9.46,872.47,0
2026-04-06 18:42:00,Azure,eu-west-1,10.35,271.05,0
2026-04-06 18:43:00,GCP,eu-west-1,10.14,415.81,0
2026-04-06 18:44:00,Azure,sa-east-1,74.62322397699384,334.97,0
2026-04-06 18:45:00,GCP,sa-east-1,53.721195303319824,436.92,0
2026-04-06 18:46:00,AWS,eu-west-1,10.95,502.21,0
2026-04-06 18:47:00,GCP,eu-west-1,17.67,558.97,0
2026-04-06 18:48:00,Azure,us-east-1,17.35,131.59,0
2026-04-06 18:49:00,AWS,eu-west-1,8.09,149.65,0
2026-04-06 18:50:00,GCP,ap-northeast-1,29.06,689.71,0
2026-04-06 18:51:00,Azure,ap-northeast-1,6.1,498.47,0
2026-04-06 18:52:00,AWS,us-east-1,10.23,180.76,0
2026-04-06 18:53:00,GCP,sa-east-1,61.386722043927364,447.61,0
2026-04-06 18:54:00,Azure,eu-west-1,10.38,527.95,0
2026-04-06 18:55:00,GCP,us-east-1,24.04,672.03,0
2026-04-06 18:56:00,GCP,sa-east-1,95.07911863204785,206.5,0
2026-04-06 18:57:00,AWS,us-east-1,14.29,995.32,0
2026-04-06 18:58:00,AWS,sa-east-1,100.03447928575308,527.23,0
2026-04-06 18:59:00,Azure,eu-west-1,8.85,712.71,0
2026-04-06 19:00:00,AWS,us-east-1,11.28,917.4,0
2026-04-06 19:01:00,Azure,eu-west-1,28.16,128.64,0
2026-04-06 19:02:00,GCP,us-east-1,14.72,641.22,0
2026-04-06 19:03:00,GCP,sa-east-1,59.27557332405883,586.32,0
2026-04-06 19:04:00,Azure,us-east-1,7.94,151.67,0
2026-04-06 19:05:00,GCP,ap-northeast-1,19.03,723.72,0
2026-04-06 19:06:00,AWS,ap-northeast-1,6.93,298.7,0
2026-04-06 19:07:00,GCP,us-east-1,9.62,731.69,0
2026-04-06 19:08:00,AWS,ap-northeast-1,13.49,426.37,0
2026-04-06 19:09:00,Azure,eu-west-1,12.27,793.11,0
2026-04-06 19:10:00,Azure,ap-northeast-1,25.57,947.59,0
2026-04-06 19:11:00,GCP,ap-northeast-1,3.58,874.46,0
2026-04-06 19:12:00,GCP,eu-west-1,15.5,534.32,0
2026-04-06 19:13:00,AWS,eu-west-1,10.58,302.75,0
2026-04-06 19:14:00,AWS,sa-east-1,80.13814063240622,993.18,0
2026-04-06 19:15:00,GCP,eu-west-1,10.83,693.55,0
2026-04-06 19:16:00,GCP,us-east-1,10.99,456.36,1
2026-04-06 19:17:00,Azure,ap-northeast-1,12.16,533.37,0
2026-04-06 19:18:00,Azure,sa-east-1,94.87793032767752,215.25,0
2026-04-06 19:19:00,Azure,eu-west-1,9.07,554.76,0
2026-04-06 19:20:00,GCP,ap-northeast-1,11.31,255.85,0
2026-04-06 19:21:00,GCP,us-east-1,27.73,429.17,0
2026-04-06 19:22:00,GCP,us-east-1,9.53,542.59,0
2026-04-06 19:23:00,Azure,sa-east-1,74.11949156452016,953.02,0
2026-04-06 19:24:00,GCP,us-east-1,9.97,662.22,0
2026-04-06 19:25:00,AWS,ap-northeast-1,12.2,434.7,0
2026-04-06 19:26:00,GCP,eu-west-1,29.85,201.78,0
2026-04-06 19:27:00,GCP,us-east-1,8.32,772.47,0
2026-04-06 19:28:00,GCP,eu-west-1,42.5,520.17,0
2026-04-06 19:29:00,GCP,ap-northeast-1,15.27,161.34,0
2026-04-06 19:30:00,GCP,ap-northeast-1,7.39,691.19,0
2026-04-06 19:31:00,AWS,eu-west-1,9.27,415.09,0
2026-04-06 19:32:00,AWS,ap-northeast-1,4.63,463.5,0
2026-04-06 19:33:00,GCP,sa-east-1,112.43427304284936,854.97,0
2026-04-06 19:34:00,Azure,us-east-1,20.61,223.58,0
2026-04-06 19:35:00,GCP,sa-east-1,77.99423276162274,406.34,0
2026-04-06 19:36:00,GCP,sa-east-1,84.98434956217343,427.3,0
2026-04-06 19:37:00,GCP,sa-east-1,86.06356404558848,103.0,0
2026-04-06 19:38:00,Azure,eu-west-1,22.31,860.8,0
2026-04-06 19:39:00,Azure,eu-west-1,7.46,851.78,0
2026-04-06 19:40:00,Azure,ap-northeast-1,18.94,695.65,0
2026-04-06 19:41:00,AWS,eu-west-1,31.29,909.05,0
2026-04-06 19:42:00,Azure,ap-northeast-1,43.93,345.6,0
2026-04-06 19:43:00,AWS,eu-west-1,24.78,298.57,0
2026-04-06 19:44:00,AWS,ap-northeast-1,13.27,161.67,0
2026-04-06 19:45:00,Azure,us-east-1,7.52,632.81,0
2026-04-06 19:46:00,Azure,ap-northeast-1,8.1,546.72,0
2026-04-06 19:47:00,Azure,us-east-1,11.17,829.36,0
2026-04-06 19:48:00,AWS,ap-northeast-1,30.88,533.16,0
2026-04-06 19:49:00,GCP,eu-west-1,9.34,282.91,0
2026-04-06 19:50:00,Azure,eu-west-1,13.33,828.64,0
2026-04-06 19:51:00,Azure,us-east-1,19.5,509.91,0
2026-04-06 19:52:00,Azure,sa-east-1,93.74281346776498,960.25,0
2026-04-06 19:53:00,AWS,sa-east-1,85.0245685059844,581.02,0
2026-04-06 19:54:00,AWS,ap-northeast-1,32.35,205.07,0
2026-04-06 19:55:00,GCP,eu-west-1,20.52,865.92,0
2026-04-06 19:56:00,Azure,sa-east-1,113.45228690622781,890.57,0
2026-04-06 19:57:00,AWS,eu-west-1,7.62,500.89,0
2026-04-06 19:58:00,GCP,eu-west-1,25.17,123.39,0
2026-04-06 19:59:00,Azure,eu-west-1,8.1,126.75,0
2026-04-06 20:00:00,AWS,ap-northeast-1,12.75,416.03,0
2026-04-06 20:01:00,Azure,us-east-1,17.24,744.61,0
2026-04-06 20:02:00,Azure,ap-northeast-1,18.48,397.95,0
2026-04-06 20:03:00,AWS,sa-east-1,86.95036090094091,106.96,1
2026-04-06 20:04:00,AWS,us-east-1,11.02,863.71,0
2026-04-06 20:05:00,AWS,sa-east-1,85.2540385693732,971.86,0
2026-04-06 20:06:00,Azure,us-east-1,12.69,411.73,0
2026-04-06 20:07:00,Azure,us-east-1,4.12,165.77,0
2026-04-06 20:08:00,GCP,ap-northeast-1,16.18,362.27,0
2026-04-06 20:09:00,Azure,eu-west-1,7.47,819.11,0
2026-04-06 20:10:00,AWS,eu-west-1,11.25,588.03,0
2026-04-06 20:11:00,Azure,us-east-1,9.43,445.59,0
2026-04-06 20:12:00,GCP,ap-northeast-1,16.17,400.8,1
2026-04-06 20:13:00,GCP,sa-east-1,58.440965892597596,203.86,0
2026-04-06 20:14:00,AWS,sa-east-1,92.62738956325148,405.56,0
2026-04-06 20:15:00,AWS,eu-west-1,13.36,523.1,0
2026-04-06 20:16:00,GCP,eu-west-1,12.59,705.83,0
2026-04-06 20:17:00,GCP,sa-east-1,68.85613338694036,335.87,0
2026-04-06 20:18:00,GCP,sa-east-1,66.33068770830928,907.64,0
2026-04-06 20:19:00,AWS,ap-northeast-1,6.8,536.32,0
2026-04-06 20:20:00,GCP,sa-east-1,124.82691829142267,464.65,0
2026-04-06 20:21:00,GCP,ap-northeast-1,5.64,634.56,0
2026-04-06 20:22:00,AWS,eu-west-1,35.99,250.86,0
2026-04-06 20:23:00,Azure,sa-east-1,93.22898792737959,195.93,0
2026-04-06 20:24:00,Azure,eu-west-1,7.96,411.89,0
2026-04-06 20:25:00,GCP,us-east-1,18.74,135.94,0
2026-04-06 20:26:00,Azure,us-east-1,9.2,439.82,0
2026-04-06 20:27:00,Azure,us-east-1,14.43,704.34,0
2026-04-06 20:28:00,Azure,sa-east-1,116.1427688182934,830.91,0
2026-04-06 20:29:00,Azure,eu-west-1,17.4,621.79,0
2026-04-06 20:30:00,GCP,sa-east-1,67.94625964593709,722.2,0
2026-04-06 20:31:00,Azure,eu-west-1,16.9,849.82,0
2026-04-06 20:32:00,Azure,ap-northeast-1,12.43,795.82,0
2026-04-06 20:33:00,AWS,sa-east-1,87.50805681212015,387.98,0
2026-04-06 20:34:00,GCP,us-east-1,7.13,616.08,0
2026-04-06 20:35:00,AWS,ap-northeast-1,25.27,338.37,0
2026-04-06 20:36:00,AWS,eu-west-1,11.27,618.7,0
2026-04-06 20:37:00,GCP,sa-east-1,106.43204640921745,483.4,0
2026-04-06 20:38:00,Azure,eu-west-1,10.41,435.52,0
2026-04-06 20:39:00,AWS,eu-west-1,16.49,265.21,0
2026-04-06 20:40:00,GCP,sa-east-1,91.17922489028508,605.58,0
2026-04-06 20:41:00,Azure,sa-east-1,70.10150931608564,756.38,0
2026-04-06 20:42:00,GCP,eu-west-1,11.77,614.15,0
2026-04-06 20:43:00,AWS,eu-west-1,13.26,162.3,0
2026-04-06 20:44:00,Azure,ap-northeast-1,15.15,931.89,0
2026-04-06 20:45:00,Azure,us-east-1,10.53,104.94,0
2026-04-06 20:46:00,GCP,eu-west-1,9.82,896.55,0
2026-04-06 20:47:00,Azure,us-east-1,18.97,789.47,0
2026-04-06 20:48:00,AWS,ap-northeast-1,15.71,186.9,0
2026-04-06 20:49:00,AWS,us-east-1,13.57,312.91,0
2026-04-06 20:50:00,AWS,us-east-1,22.75,414.07,0
2026-04-06 20:51:00,GCP,ap-northeast-1,6.24,919.27,0
2026-04-06 20:52:00,Azure,eu-west-1,18.16,981.93,0
2026-04-06 20:53:00,Azure,us-east-1,14.68,178.45,0
2026-04-06 20:54:00,Azure,eu-west-1,5.89,457.24,0
2026-04-06 20:55:00,AWS,eu-west-1,21.83,234.35,0
2026-04-06 20:56:00,Azure,sa-east-1,90.40934608276902,350.59,0
2026-04-06 20:57:00,AWS,eu-west-1,17.49,982.96,0
2026-04-06 20:58:00,Azure,eu-west-1,10.47,985.98,0
2026-04-06 20:59:00,AWS,us-east-1,17.84,524.92,0
2026-04-06 21:00:00,Azure,eu-west-1,8.45,264.82,0
2026-04-06 21:01:00,GCP,eu-west-1,6.22,592.32,0
2026-04-06 21:02:00,GCP,sa-east-1,85.64697299329032,388.62,0
2026-04-06 21:03:00,AWS,sa-east-1,116.60429764104245,935.95,0
2026-04-06 21:04:00,AWS,us-east-1,20.24,836.39,0
2026-04-06 21:05:00,Azure,us-east-1,13.14,377.96,0
2026-04-06 21:06:00,Azure,sa-east-1,80.36521769547082,116.48,0
2026-04-06 21:07:00,GCP,sa-east-1,118.09734996550553,998.24,0
2026-04-06 21:08:00,Azure,ap-northeast-1,10.31,715.01,0
2026-04-06 21:09:00,AWS,eu-west-1,9.2,483.15,0
2026-04-06 21:10:00,AWS,us-east-1,27.36,359.61,0
2026-04-06 21:11:00,AWS,us-east-1,10.6,103.98,0
2026-04-06 21:12:00,AWS,eu-west-1,19.27,238.56,0
2026-04-06 21:13:00,AWS,eu-west-1,24.04,105.28,0
2026-04-06 21:14:00,GCP,us-east-1,13.53,637.83,0
2026-04-06 21:15:00,GCP,sa-east-1,109.50163473349805,697.01,0
2026-04-06 21:16:00,AWS,sa-east-1,102.40555371537971,790.12,0
2026-04-06 21:17:00,Azure,eu-west-1,6.33,268.3,0
2026-04-06 21:18:00,AWS,us-east-1,6.28,186.37,0
2026-04-06 21:19:00,GCP,eu-west-1,18.32,685.41,0
2026-04-06 21:20:00,AWS,sa-east-1,107.17905557869031,549.9,0
2026-04-06 21:21:00,GCP,ap-northeast-1,18.74,888.12,0
2026-04-06 21:22:00,GCP,ap-northeast-1,11.84,579.94,0
2026-04-06 21:23:00,AWS,sa-east-1,104.9139363280809,500.34,0
2026-04-06 21:24:00,AWS,eu-west-1,7.84,539.23,0
2026-04-06 21:25:00,Azure,ap-northeast-1,16.55,804.09,0
2026-04-06 21:26:00,GCP,sa-east-1,103.73055590358196,116.47,0
2026-04-06 21:27:00,Azure,us-east-1,17.46,926.39,0
2026-04-06 21:28:00,AWS,eu-west-1,39.74,742.77,0
2026-04-06 21:29:00,GCP,eu-west-1,8.15,896.76,0
2026-04-06 21:30:00,Azure,ap-northeast-1,10.21,963.64,0
2026-04-06 21:31:00,Azure,eu-west-1,11.43,303.4,0
2026-04-06 21:32:00,Azure,ap-northeast-1,14.32,620.51,0
2026-04-06 21:33:00,AWS,ap-northeast-1,3.87,537.44,0
2026-04-06 21:34:00,AWS,sa-east-1,106.97855717402423,583.86,0
2026-04-06 21:35:00,AWS,ap-northeast-1,10.92,142.56,0
2026-04-06 21:36:00,GCP,us-east-1,10.96,922.59,0
2026-04-06 21:37:00,AWS,eu-west-1,14.12,959.22,0
2026-04-06 21:38:00,GCP,ap-northeast-1,14.54,716.61,0
2026-04-06 21:39:00,Azure,eu-west-1,14.43,332.45,0
2026-04-06 21:40:00,Azure,ap-northeast-1,7.11,808.49,0
2026-04-06 21:41:00,AWS,sa-east-1,65.0230446345818,757.76,0
2026-04-06 21:42:00,Azure,us-east-1,10.53,617.13,0
2026-04-06 21:43:00,AWS,eu-west-1,15.86,253.22,0
2026-04-06 21:44:00,GCP,sa-east-1,102.36124181774572,281.06,0
2026-04-06 21:45:00,Azure,eu-west-1,13.42,630.46,0
2026-04-06 21:46:00,AWS,sa-east-1,101.70903052018996,215.94,0
2026-04-06 21:47:00,Azure,us-east-1,3.22,751.54,0
2026-04-06 21:48:00,Azure,ap-northeast-1,11.19,291.34,0
2026-04-06 21:49:00,AWS,sa-east-1,86.37178281429284,919.43,0
2026-04-06 21:50:00,Azure,eu-west-1,12.18,909.75,0
2026-04-06 21:51:00,Azure,eu-west-1,18.5,364.24,0
2026-04-06 21:52:00,Azure,sa-east-1,74.46587419860562,175.05,0
2026-04-06 21:53:00,Azure,us-east-1,19.36,650.27,0
2026-04-06 21:54:00,GCP,us-east-1,24.06,503.57,0
2026-04-06 21:55:00,Azure,ap-northeast-1,14.89,229.34,0
2026-04-06 21:56:00,Azure,ap-northeast-1,9.42,578.33,0
2026-04-06 21:57:00,AWS,eu-west-1,15.93,993.45,0
2026-04-06 21:58:00,GCP,eu-west-1,28.23,162.08,0
2026-04-06 21:59:00,AWS,ap-northeast-1,6.26,337.51,0
2026-04-06 22:00:00,AWS,ap-northeast-1,21.2,584.75,0
2026-04-06 22:01:00,AWS,ap-northeast-1,6.4,814.03,0
2026-04-06 22:02:00,GCP,sa-east-1,87.97596002121408,116.89,0
2026-04-06 22:03:00,AWS,ap-northeast-1,6.57,759.48,0
2026-04-06 22:04:00,AWS,sa-east-1,63.29392266797088,225.9,0
2026-04-06 22:05:00,AWS,sa-east-1,91.46900807024733,847.61,0
2026-04-06 22:06:00,Azure,ap-northeast-1,4.46,722.96,0
2026-04-06 22:07:00,AWS,us-east-1,19.98,510.86,0
2026-04-06 22:08:00,GCP,us-east-1,11.28,839.42,0
2026-04-06 22:09:00,GCP,eu-west-1,7.02,759.74,0
2026-04-06 22:10:00,Azure,ap-northeast-1,16.38,783.27,0
2026-04-06 22:11:00,GCP,eu-west-1,9.61,361.07,0
2026-04-06 22:12:00,GCP,ap-northeast-1,37.69,657.48,0
2026-04-06 22:13:00,Azure,eu-west-1,15.63,227.0,0
2026-04-06 22:14:00,AWS,sa-east-1,93.95944229195874,838.77,0
2026-04-06 22:15:00,Azure,ap-northeast-1,16.85,574.07,0
2026-04-06 22:16:00,AWS,us-east-1,23.85,842.4,0
2026-04-06 22:17:00,AWS,ap-northeast-1,25.04,290.04,1
2026-04-06 22:18:00,GCP,eu-west-1,19.38,217.31,0
2026-04-06 22:19:00,Azure,eu-west-1,24.25,720.07,0
2026-04-06 22:20:00,GCP,eu-west-1,22.23,152.56,0
2026-04-06 22:21:00,GCP,eu-west-1,19.19,319.59,0
2026-04-06 22:22:00,AWS,eu-west-1,10.0,917.84,0
2026-04-06 22:23:00,GCP,eu-west-1,22.84,219.48,0
2026-04-06 22:24:00,Azure,us-east-1,9.83,438.0,0
2026-04-06 22:25:00,GCP,eu-west-1,13.9,951.02,0
2026-04-06 22:26:00,GCP,us-east-1,10.09,118.0,0
2026-04-06 22:27:00,AWS,ap-northeast-1,17.06,500.78,0
2026-04-06 22:28:00,Azure,sa-east-1,82.94365178348428,807.81,0
2026-04-06 22:29:00,GCP,us-east-1,9.94,918.08,0
2026-04-06 22:30:00,AWS,ap-northeast-1,6.01,762.02,0
2026-04-06 22:31:00,GCP,sa-east-1,103.82108387488357,899.55,0
2026-04-06 22:32:00,Azure,us-east-1,20.45,130.93,0
2026-04-06 22:33:00,GCP,us-east-1,26.64,189.89,0
2026-04-06 22:34:00,GCP,ap-northeast-1,19.05,763.95,0
2026-04-06 22:35:00,AWS,eu-west-1,19.27,778.0,0
2026-04-06 22:36:00,GCP,us-east-1,8.51,644.74,0
2026-04-06 22:37:00,AWS,us-east-1,17.61,757.25,0
2026-04-06 22:38:00,Azure,ap-northeast-1,35.64,872.25,0
2026-04-06 22:39:00,GCP,eu-west-1,9.24,590.93,0
2026-04-06 22:40:00,Azure,sa-east-1,98.07408997720087,952.59,0
2026-04-06 22:41:00,Azure,eu-west-1,13.07,724.81,0
2026-04-06 22:42:00,GCP,eu-west-1,19.47,524.78,0
2026-04-06 22:43:00,AWS,ap-northeast-1,13.58,479.37,0
2026-04-06 22:44:00,Azure,eu-west-1,29.72,775.15,0
2026-04-06 22:45:00,Azure,ap-northeast-1,7.92,667.42,0
2026-04-06 22:46:00,GCP,sa-east-1,57.57686367129478,835.7,0
2026-04-06 22:47:00,GCP,us-east-1,24.89,802.89,0
2026-04-06 22:48:00,GCP,us-east-1,6.03,571.78,0
2026-04-06 22:49:00,GCP,ap-northeast-1,14.28,951.13,0
2026-04-06 22:50:00,GCP,ap-northeast-1,24.55,733.83,0
2026-04-06 22:51:00,GCP,eu-west-1,13.57,280.76,0
2026-04-06 22:52:00,AWS,eu-west-1,8.59,656.64,0
2026-04-06 22:53:00,Azure,us-east-1,23.01,281.63,0
2026-04-06 22:54:00,AWS,us-east-1,13.27,602.96,0
2026-04-06 22:55:00,AWS,us-east-1,10.91,810.94,0
2026-04-06 22:56:00,GCP,ap-northeast-1,27.71,831.25,0
2026-04-06 22:57:00,Azure,sa-east-1,90.287485283392,685.74,0
2026-04-06 22:58:00,AWS,sa-east-1,88.06134373801692,804.98,0
2026-04-06 22:59:00,GCP,ap-northeast-1,7.76,525.01,0
2026-04-06 23:00:00,GCP,eu-west-1,22.38,595.59,0
2026-04-06 23:01:00,Azure,sa-east-1,104.19419922255122,891.65,0
2026-04-06 23:02:00,AWS,eu-west-1,9.55,543.77,0
2026-04-06 23:03:00,AWS,us-east-1,5.93,415.84,0
2026-04-06 23:04:00,AWS,us-east-1,24.64,817.29,0
2026-04-06 23:05:00,GCP,eu-west-1,9.62,145.43,0
2026-04-06 23:06:00,Azure,us-east-1,4.91,962.52,0
2026-04-06 23:07:00,Azure,ap-northeast-1,12.73,406.06,0
2026-04-06 23:08:00,AWS,eu-west-1,20.42,666.65,0
2026-04-06 23:09:00,GCP,eu-west-1,17.46,716.91,0
2026-04-06 23:10:00,AWS,eu-west-1,12.69,223.37,0
2026-04-06 23:11:00,Azure,sa-east-1,94.64548069054432,840.57,0
2026-04-06 23:12:00,GCP,eu-west-1,9.2,614.9,0
2026-04-06 23:13:00,AWS,eu-west-1,23.06,395.14,0
2026-04-06 23:14:00,AWS,eu-west-1,4.59,865.62,0
2026-04-06 23:15:00,GCP,sa-east-1,80.31100150101467,662.57,0
2026-04-06 23:16:00,Azure,us-east-1,11.61,807.2,0
2026-04-06 23:17:00,GCP,sa-east-1,72.21608846327688,993.08,0
2026-04-06 23:18:00,AWS,ap-northeast-1,10.92,217.25,0
2026-04-06 23:19:00,AWS,eu-west-1,6.6,774.64,0
2026-04-06 23:20:00,AWS,ap-northeast-1,15.45,781.9,0
2026-04-06 23:21:00,AWS,sa-east-1,108.43244898665043,887.22,0
2026-04-06 23:22:00,Azure,us-east-1,9.98,467.26,0
2026-04-06 23:23:00,Azure,us-east-1,8.83,882.69,0
2026-04-06 23:24:00,AWS,eu-west-1,17.08,675.89,0
2026-04-06 23:25:00,Azure,us-east-1,11.77,161.89,0
2026-04-06 23:26:00,Azure,sa-east-1,94.63888161423606,128.37,0
2026-04-06 23:27:00,Azure,sa-east-1,92.68645029769331,533.34,0
2026-04-06 23:28:00,AWS,us-east-1,10.55,807.25,0
2026-04-06 23:29:00,GCP,eu-west-1,8.6,445.81,0
2026-04-06 23:30:00,GCP,eu-west-1,9.88,866.65,0
2026-04-06 23:31:00,GCP,sa-east-1,145.75005837027783,542.91,0
2026-04-06 23:32:00,AWS,us-east-1,8.95,123.66,0
2026-04-06 23:33:00,Azure,sa-east-1,70.18510362966289,976.3,0
2026-04-06 23:34:00,Azure,sa-east-1,72.86666496887725,540.65,0
2026-04-06 23:35:00,AWS,ap-northeast-1,16.01,685.12,0
2026-04-06 23:36:00,AWS,sa-east-1,111.65362624546499,279.36,0
2026-04-06 23:37:00,GCP,eu-west-1,29.58,367.6,0
2026-04-06 23:38:00,GCP,us-east-1,13.71,535.86,0
2026-04-06 23:39:00,AWS,us-east-1,11.31,870.57,0
2026-04-06 23:40:00,GCP,ap-northeast-1,19.65,191.76,0
2026-04-06 23:41:00,Azure,ap-northeast-1,7.82,802.31,0
2026-04-06 23:42:00,AWS,eu-west-1,15.95,621.42,0
2026-04-06 23:43:00,AWS,ap-northeast-1,10.12,549.7,0
2026-04-06 23:44:00,Azure,sa-east-1,106.05451603995407,888.93,0
2026-04-06 23:45:00,Azure,sa-east-1,100.06694930912838,206.31,0
2026-04-06 23:46:00,Azure,eu-west-1,11.17,991.68,0
2026-04-06 23:47:00,GCP,us-east-1,7.88,869.17,0
2026-04-06 23:48:00,AWS,eu-west-1,4.8,393.16,0
2026-04-06 23:49:00,GCP,ap-northeast-1,13.63,506.42,0
2026-04-06 23:50:00,Azure,us-east-1,4.19,122.5,0
2026-04-06 23:51:00,GCP,us-east-1,11.68,574.84,0
2026-04-06 23:52:00,Azure,us-east-1,9.2,592.95,0
2026-04-06 23:53:00,GCP,ap-northeast-1,16.1,933.92,0
2026-04-06 23:54:00,GCP,sa-east-1,65.48879648081704,449.13,0
2026-04-06 23:55:00,Azure,sa-east-1,76.97305506190511,613.56,0
2026-04-06 23:56:00,GCP,ap-northeast-1,18.63,766.56,0
2026-04-06 23:57:00,AWS,ap-northeast-1,7.06,647.66,0
2026-04-06 23:58:00,GCP,eu-west-1,16.14,240.56,0
2026-04-06 23:59:00,GCP,eu-west-1,34.16,254.63,0
2026-04-07 00:00:00,AWS,sa-east-1,91.4067376784533,224.51,0
2026-04-07 00:01:00,Azure,ap-northeast-1,9.95,295.96,0
2026-04-07 00:02:00,AWS,eu-west-1,7.32,395.5,0
2026-04-07 00:03:00,GCP,ap-northeast-1,19.44,765.7,0
2026-04-07 00:04:00,Azure,ap-northeast-1,6.61,154.83,0
2026-04-07 00:05:00,GCP,sa-east-1,87.79019729168002,838.4,0
2026-04-07 00:06:00,GCP,sa-east-1,89.32833755124044,336.22,0
2026-04-07 00:07:00,AWS,ap-northeast-1,7.36,652.08,0
2026-04-07 00:08:00,AWS,us-east-1,7.16,597.49,0
2026-04-07 00:09:00,Azure,us-east-1,6.3,238.62,0
2026-04-07 00:10:00,Azure,ap-northeast-1,27.04,358.57,0
2026-04-07 00:11:00,Azure,sa-east-1,100.3854425248375,366.33,0
2026-04-07 00:12:00,GCP,us-east-1,28.27,661.45,0
2026-04-07 00:13:00,AWS,sa-east-1,129.97177223756708,809.65,0
2026-04-07 00:14:00,AWS,us-east-1,8.88,996.66,0
2026-04-07 00:15:00,AWS,ap-northeast-1,4.92,186.31,0
2026-04-07 00:16:00,Azure,eu-west-1,28.55,944.8,0
2026-04-07 00:17:00,AWS,eu-west-1,19.39,605.37,0
2026-04-07 00:18:00,AWS,sa-east-1,117.3195432516008,421.09,0
2026-04-07 00:19:00,AWS,sa-east-1,61.54989480462672,356.12,0
2026-04-07 00:20:00,Azure,us-east-1,12.79,288.14,0
2026-04-07 00:21:00,AWS,ap-northeast-1,13.19,601.37,0
2026-04-07 00:22:00,Azure,us-east-1,11.8,951.42,0
2026-04-07 00:23:00,AWS,ap-northeast-1,7.96,263.94,0
2026-04-07 00:24:00,AWS,ap-northeast-1,4.71,492.55,0
2026-04-07 00:25:00,AWS,sa-east-1,66.7911430903635,283.46,0
2026-04-07 00:26:00,Azure,eu-west-1,2.9,258.07,0
2026-04-07 00:27:00,Azure,eu-west-1,9.91,880.07,0
2026-04-07 00:28:00,AWS,sa-east-1,106.04049169553807,335.77,0
2026-04-07 00:29:00,GCP,eu-west-1,6.79,323.17,0
2026-04-07 00:30:00,Azure,sa-east-1,80.83994426470888,918.81,0
2026-04-07 00:31:00,Azure,us-east-1,10.26,447.44,0
2026-04-07 00:32:00,AWS,ap-northeast-1,10.64,107.85,0
2026-04-07 00:33:00,GCP,eu-west-1,24.42,749.07,0
2026-04-07 00:34:00,AWS,eu-west-1,10.38,565.31,0
2026-04-07 00:35:00,Azure,us-east-1,15.29,796.72,0
2026-04-07 00:36:00,Azure,us-east-1,7.09,613.27,0
2026-04-07 00:37:00,AWS,eu-west-1,13.84,416.14,0
2026-04-07 00:38:00,AWS,eu-west-1,11.57,159.91,0
2026-04-07 00:39:00,GCP,sa-east-1,93.33700394122528,879.34,0
2026-04-07 00:40:00,GCP,sa-east-1,96.49318712368182,286.38,0
2026-04-07 00:41:00,Azure,eu-west-1,6.92,974.21,0
2026-04-07 00:42:00,GCP,sa-east-1,83.79370145114765,321.25,0
2026-04-07 00:43:00,GCP,us-east-1,23.7,844.33,0
2026-04-07 00:44:00,Azure,ap-northeast-1,5.93,809.87,0
2026-04-07 00:45:00,Azure,sa-east-1,79.06093940381173,516.47,0
2026-04-07 00:46:00,Azure,ap-northeast-1,8.56,461.53,0
2026-04-07 00:47:00,Azure,sa-east-1,104.10379291094702,732.93,0
2026-04-07 00:48:00,AWS,eu-west-1,20.11,575.7,0
2026-04-07 00:49:00,Azure,sa-east-1,98.01200445329624,668.76,0
2026-04-07 00:50:00,Azure,ap-northeast-1,10.79,523.19,0
2026-04-07 00:51:00,Azure,ap-northeast-1,25.11,601.44,0
2026-04-07 00:52:00,GCP,eu-west-1,21.08,270.24,0
2026-04-07 00:53:00,Azure,ap-northeast-1,17.29,149.86,0
2026-04-07 00:54:00,AWS,eu-west-1,11.33,420.33,0
2026-04-07 00:55:00,AWS,eu-west-1,11.73,519.28,0
2026-04-07 00:56:00,Azure,ap-northeast-1,7.13,915.43,0
2026-04-07 00:57:00,AWS,us-east-1,10.57,472.55,0
2026-04-07 00:58:00,GCP,ap-northeast-1,12.6,490.53,0
2026-04-07 00:59:00,Azure,ap-northeast-1,11.98,707.35,0
2026-04-07 01:00:00,AWS,sa-east-1,66.20159955079394,286.11,0
2026-04-07 01:01:00,AWS,ap-northeast-1,21.24,884.48,0
2026-04-07 01:02:00,Azure,sa-east-1,100.58857141223766,484.88,0
2026-04-07 01:03:00,AWS,sa-east-1,101.7306672219787,937.71,0
2026-04-07 01:04:00,Azure,ap-northeast-1,21.59,344.14,0
2026-04-07 01:05:00,AWS,eu-west-1,41.81,519.03,0
2026-04-07 01:06:00,GCP,us-east-1,7.12,800.35,0
2026-04-07 01:07:00,AWS,ap-northeast-1,8.91,600.33,0
2026-04-07 01:08:00,AWS,ap-northeast-1,6.33,695.12,0
2026-04-07 01:09:00,Azure,eu-west-1,4.4,352.63,0
2026-04-07 01:10:00,AWS,sa-east-1,77.72228509907049,395.61,0
2026-04-07 01:11:00,Azure,eu-west-1,16.4,556.85,0
2026-04-07 01:12:00,GCP,eu-west-1,10.49,282.23,0
2026-04-07 01:13:00,Azure,sa-east-1,64.54698052412763,213.68,0
2026-04-07 01:14:00,Azure,ap-northeast-1,11.52,859.42,0
2026-04-07 01:15:00,AWS,eu-west-1,9.17,797.37,0
2026-04-07 01:16:00,GCP,eu-west-1,11.92,938.85,0
2026-04-07 01:17:00,Azure,ap-northeast-1,24.37,627.9,0
2026-04-07 01:18:00,AWS,ap-northeast-1,8.06,478.24,0
2026-04-07 01:19:00,AWS,us-east-1,10.57,192.72,0
2026-04-07 01:20:00,Azure,eu-west-1,11.43,865.42,0
2026-04-07 01:21:00,AWS,us-east-1,9.17,510.63,0
2026-04-07 01:22:00,Azure,sa-east-1,82.75868655587482,605.02,0
2026-04-07 01:23:00,Azure,ap-northeast-1,3.49,382.17,0
2026-04-07 01:24:00,Azure,ap-northeast-1,16.22,571.49,0
2026-04-07 01:25:00,GCP,us-east-1,7.49,803.58,0
2026-04-07 01:26:00,Azure,eu-west-1,8.0,741.03,0
2026-04-07 01:27:00,AWS,sa-east-1,104.94512876383496,990.03,0
2026-04-07 01:28:00,GCP,eu-west-1,6.08,546.08,0
2026-04-07 01:29:00,AWS,eu-west-1,23.7,576.73,0
2026-04-07 01:30:00,GCP,us-east-1,8.07,147.45,0
2026-04-07 01:31:00,GCP,eu-west-1,45.44,450.44,0
2026-04-07 01:32:00,GCP,us-east-1,16.69,929.89,0
2026-04-07 01:33:00,GCP,ap-northeast-1,9.17,415.43,0
2026-04-07 01:34:00,AWS,ap-northeast-1,10.45,789.5,0
2026-04-07 01:35:00,Azure,ap-northeast-1,13.12,979.84,0
2026-04-07 01:36:00,AWS,sa-east-1,102.60063934713648,214.16,0
2026-04-07 01:37:00,Azure,sa-east-1,83.66882572514618,400.59,0
2026-04-07 01:38:00,AWS,eu-west-1,18.87,526.94,0
2026-04-07 01:39:00,GCP,us-east-1,10.46,313.64,0
2026-04-07 01:40:00,GCP,eu-west-1,9.18,111.19,0
2026-04-07 01:41:00,Azure,ap-northeast-1,16.76,521.74,0
2026-04-07 01:42:00,Azure,eu-west-1,23.73,582.95,0
2026-04-07 01:43:00,AWS,eu-west-1,11.37,662.89,0
2026-04-07 01:44:00,Azure,eu-west-1,8.65,844.49,0
2026-04-07 01:45:00,AWS,ap-northeast-1,7.27,327.74,0
2026-04-07 01:46:00,Azure,us-east-1,5.28,154.93,0
2026-04-07 01:47:00,Azure,eu-west-1,9.74,180.85,0
2026-04-07 01:48:00,Azure,ap-northeast-1,10.73,547.67,0
2026-04-07 01:49:00,GCP,sa-east-1,73.64828327020273,930.01,0
2026-04-07 01:50:00,GCP,us-east-1,15.97,983.99,0
2026-04-07 01:51:00,AWS,ap-northeast-1,9.64,284.55,0
2026-04-07 01:52:00,Azure,eu-west-1,29.89,236.77,0
2026-04-07 01:53:00,AWS,ap-northeast-1,6.89,418.12,0
2026-04-07 01:54:00,Azure,us-east-1,17.14,517.5,0
2026-04-07 01:55:00,GCP,eu-west-1,6.62,827.26,0
2026-04-07 01:56:00,GCP,sa-east-1,75.7117478964304,797.15,0
2026-04-07 01:57:00,Azure,sa-east-1,113.71746340914726,930.4,0
2026-04-07 01:58:00,Azure,sa-east-1,114.45121435762891,872.29,0
2026-04-07 01:59:00,GCP,ap-northeast-1,10.59,494.91,0
2026-04-07 02:00:00,GCP,us-east-1,12.71,117.12,0
2026-04-07 02:01:00,AWS,sa-east-1,100.26212448718597,312.93,0
2026-04-07 02:02:00,GCP,eu-west-1,6.61,649.05,0
2026-04-07 02:03:00,Azure,eu-west-1,17.9,551.34,0
2026-04-07 02:04:00,AWS,eu-west-1,8.63,316.14,0
2026-04-07 02:05:00,Azure,ap-northeast-1,13.76,218.44,0
2026-04-07 02:06:00,AWS,us-east-1,15.96,294.41,0
2026-04-07 02:07:00,Azure,us-east-1,6.77,333.77,0
2026-04-07 02:08:00,GCP,sa-east-1,98.81071070427558,880.56,0
2026-04-07 02:09:00,Azure,us-east-1,17.0,739.24,0
2026-04-07 02:10:00,AWS,eu-west-1,10.7,597.1,0
2026-04-07 02:11:00,Azure,eu-west-1,8.53,118.85,0
2026-04-07 02:12:00,AWS,ap-northeast-1,13.43,839.08,0
2026-04-07 02:13:00,Azure,eu-west-1,7.1,597.22,0
2026-04-07 02:14:00,GCP,us-east-1,6.74,664.61,0
2026-04-07 02:15:00,GCP,eu-west-1,3.69,159.08,0
2026-04-07 02:16:00,Azure,sa-east-1,80.39357369888621,833.37,0
2026-04-07 02:17:00,Azure,ap-northeast-1,12.38,848.83,0
2026-04-07 02:18:00,Azure,ap-northeast-1,15.96,895.01,0
2026-04-07 02:19:00,AWS,us-east-1,22.44,575.28,0
2026-04-07 02:20:00,Azure,eu-west-1,10.8,454.64,0
2026-04-07 02:21:00,Azure,eu-west-1,11.77,165.74,0
2026-04-07 02:22:00,AWS,us-east-1,14.46,274.5,0
2026-04-07 02:23:00,GCP,us-east-1,9.16,303.01,0
2026-04-07 02:24:00,Azure,sa-east-1,86.64054353260063,156.42,0
2026-04-07 02:25:00,Azure,us-east-1,6.85,238.94,0
2026-04-07 02:26:00,GCP,eu-west-1,11.94,898.12,0
2026-04-07 02:27:00,GCP,sa-east-1,113.71754747903817,590.86,0
2026-04-07 02:28:00,AWS,ap-northeast-1,26.67,788.04,0
2026-04-07 02:29:00,Azure,eu-west-1,10.57,347.52,0
2026-04-07 02:30:00,Azure,ap-northeast-1,13.25,221.14,0
2026-04-07 02:31:00,AWS,ap-northeast-1,31.04,435.93,0
2026-04-07 02:32:00,GCP,ap-northeast-1,15.77,813.69,0
2026-04-07 02:33:00,AWS,eu-west-1,13.05,367.6,0
2026-04-07 02:34:00,GCP,ap-northeast-1,13.53,284.08,0
2026-04-07 02:35:00,AWS,eu-west-1,16.3,120.16,0
2026-04-07 02:36:00,GCP,ap-northeast-1,6.62,661.61,0
2026-04-07 02:37:00,AWS,us-east-1,17.82,492.24,0
2026-04-07 02:38:00,GCP,us-east-1,15.17,332.88,0
2026-04-07 02:39:00,GCP,eu-west-1,20.99,567.78,0
2026-04-07 02:40:00,GCP,ap-northeast-1,15.6,730.56,0
2026-04-07 02:41:00,GCP,ap-northeast-1,20.3,322.72,0
2026-04-07 02:42:00,GCP,ap-northeast-1,7.68,647.89,0
2026-04-07 02:43:00,Azure,us-east-1,9.04,334.14,0
2026-04-07 02:44:00,GCP,ap-northeast-1,13.15,987.99,0
2026-04-07 02:45:00,Azure,ap-northeast-1,8.37,759.15,0
2026-04-07 02:46:00,GCP,eu-west-1,18.69,642.39,0
2026-04-07 02:47:00,Azure,ap-northeast-1,6.0,255.1,0
2026-04-07 02:48:00,Azure,us-east-1,11.25,627.75,0
2026-04-07 02:49:00,AWS,ap-northeast-1,9.18,820.41,0
2026-04-07 02:50:00,GCP,us-east-1,8.4,763.4,0
2026-04-07 02:51:00,AWS,us-east-1,6.14,800.22,0
2026-04-07 02:52:00,AWS,sa-east-1,80.82431659106014,386.02,0
2026-04-07 02:53:00,GCP,us-east-1,11.69,395.44,0
2026-04-07 02:54:00,AWS,sa-east-1,121.5898332563473,585.0,0
2026-04-07 02:55:00,GCP,sa-east-1,122.98614254431175,350.79,0
2026-04-07 02:56:00,AWS,ap-northeast-1,7.14,201.71,0
2026-04-07 02:57:00,GCP,sa-east-1,85.46792947135893,515.01,0
2026-04-07 02:58:00,GCP,eu-west-1,6.68,101.73,0
2026-04-07 02:59:00,GCP,us-east-1,11.81,784.68,0
2026-04-07 03:00:00,Azure,eu-west-1,21.38,774.72,0
2026-04-07 03:01:00,AWS,sa-east-1,61.63481902759636,596.72,0
2026-04-07 03:02:00,Azure,ap-northeast-1,16.27,772.86,0
2026-04-07 03:03:00,AWS,us-east-1,8.17,662.08,0
2026-04-07 03:04:00,AWS,eu-west-1,9.55,727.71,0
2026-04-07 03:05:00,AWS,ap-northeast-1,13.24,158.19,0
2026-04-07 03:06:00,Azure,sa-east-1,107.07303125765496,893.14,0
2026-04-07 03:07:00,AWS,ap-northeast-1,11.96,679.54,0
2026-04-07 03:08:00,Azure,eu-west-1,7.09,649.57,0
2026-04-07 03:09:00,GCP,ap-northeast-1,22.49,448.52,0
2026-04-07 03:10:00,AWS,eu-west-1,22.4,125.32,0
2026-04-07 03:11:00,AWS,ap-northeast-1,22.59,911.32,0
2026-04-07 03:12:00,GCP,us-east-1,8.68,987.1,0
2026-04-07 03:13:00,GCP,ap-northeast-1,12.93,827.01,0
2026-04-07 03:14:00,AWS,us-east-1,9.37,923.54,0
2026-04-07 03:15:00,GCP,eu-west-1,7.48,208.86,0
2026-04-07 03:16:00,Azure,us-east-1,14.05,215.81,0
2026-04-07 03:17:00,Azure,ap-northeast-1,4.22,891.65,0
2026-04-07 03:18:00,AWS,us-east-1,18.6,151.76,0
2026-04-07 03:19:00,Azure,eu-west-1,6.81,183.88,0
2026-04-07 03:20:00,Azure,ap-northeast-1,10.42,835.16,0
2026-04-07 03:21:00,AWS,us-east-1,3.92,601.28,0
2026-04-07 03:22:00,GCP,us-east-1,30.08,452.55,0
2026-04-07 03:23:00,AWS,sa-east-1,105.73720762202103,598.1,0
2026-04-07 03:24:00,Azure,us-east-1,12.72,890.87,0
2026-04-07 03:25:00,AWS,sa-east-1,60.46359048828689,781.42,0
2026-04-07 03:26:00,AWS,eu-west-1,7.15,722.45,0
2026-04-07 03:27:00,Azure,sa-east-1,91.55731402480147,979.2,0
2026-04-07 03:28:00,Azure,eu-west-1,14.17,569.18,0
2026-04-07 03:29:00,AWS,us-east-1,10.86,105.69,0
2026-04-07 03:30:00,Azure,us-east-1,15.89,486.13,0
2026-04-07 03:31:00,Azure,sa-east-1,118.1050941502572,186.91,0
2026-04-07 03:32:00,Azure,eu-west-1,7.12,204.81,0
2026-04-07 03:33:00,Azure,us-east-1,13.71,329.41,0
2026-04-07 03:34:00,Azure,sa-east-1,118.85611101324105,443.23,0
2026-04-07 03:35:00,Azure,sa-east-1,64.85738922188557,533.44,0
2026-04-07 03:36:00,GCP,sa-east-1,93.35703646822411,252.84,0
2026-04-07 03:37:00,AWS,us-east-1,15.34,380.55,0
2026-04-07 03:38:00,Azure,eu-west-1,17.08,348.89,0
2026-04-07 03:39:00,AWS,us-east-1,20.59,428.72,0
2026-04-07 03:40:00,GCP,ap-northeast-1,12.87,197.19,0
2026-04-07 03:41:00,Azure,ap-northeast-1,8.19,457.61,0
2026-04-07 03:42:00,AWS,us-east-1,16.13,598.92,0
2026-04-07 03:43:00,Azure,eu-west-1,7.51,187.25,0
2026-04-07 03:44:00,Azure,sa-east-1,76.02879593861493,568.69,0
2026-04-07 03:45:00,Azure,ap-northeast-1,12.66,780.32,0
2026-04-07 03:46:00,Azure,ap-northeast-1,12.51,107.42,0
2026-04-07 03:47:00,Azure,us-east-1,11.69,142.78,0
2026-04-07 03:48:00,Azure,ap-northeast-1,20.1,519.83,0
2026-04-07 03:49:00,Azure,ap-northeast-1,16.59,885.5,0
2026-04-07 03:50:00,GCP,sa-east-1,89.81188479589837,998.01,0
2026-04-07 03:51:00,GCP,sa-east-1,85.98274208577921,184.05,0
2026-04-07 03:52:00,Azure,eu-west-1,5.36,116.51,0
2026-04-07 03:53:00,Azure,ap-northeast-1,9.99,305.89,0
2026-04-07 03:54:00,GCP,eu-west-1,15.15,520.72,0
2026-04-07 03:55:00,GCP,eu-west-1,12.38,614.62,0
2026-04-07 03:56:00,GCP,sa-east-1,61.17721509898371,976.14,0
2026-04-07 03:57:00,Azure,sa-east-1,78.58699385588874,899.62,0
2026-04-07 03:58:00,AWS,us-east-1,10.66,605.89,0
2026-04-07 03:59:00,AWS,sa-east-1,102.35212340042521,425.54,0
2026-04-07 04:00:00,AWS,eu-west-1,4.51,389.17,0
2026-04-07 04:01:00,AWS,ap-northeast-1,17.88,615.36,0
2026-04-07 04:02:00,Azure,eu-west-1,16.55,749.22,0
2026-04-07 04:03:00,AWS,eu-west-1,35.03,533.5,0
2026-04-07 04:04:00,GCP,eu-west-1,8.53,373.96,0
2026-04-07 04:05:00,GCP,sa-east-1,101.58747898647792,651.85,0
2026-04-07 04:06:00,AWS,eu-west-1,13.29,602.15,0
2026-04-07 04:07:00,GCP,us-east-1,11.98,484.63,0
2026-04-07 04:08:00,Azure,ap-northeast-1,26.84,773.52,0
2026-04-07 04:09:00,AWS,sa-east-1,76.43052962769383,354.0,0
2026-04-07 04:10:00,AWS,eu-west-1,11.28,536.43,0
2026-04-07 04:11:00,Azure,us-east-1,9.2,946.31,0
2026-04-07 04:12:00,GCP,ap-northeast-1,26.1,750.55,0
2026-04-07 04:13:00,Azure,eu-west-1,15.54,449.17,0
2026-04-07 04:14:00,Azure,ap-northeast-1,26.72,591.56,0
2026-04-07 04:15:00,GCP,sa-east-1,124.4198709930972,464.93,0
2026-04-07 04:16:00,Azure,sa-east-1,99.8797428102047,201.29,0
2026-04-07 04:17:00,GCP,us-east-1,20.89,401.44,1
2026-04-07 04:18:00,GCP,sa-east-1,70.74941783855566,874.4,0
2026-04-07 04:19:00,Azure,us-east-1,8.64,515.08,0
2026-04-07 04:20:00,GCP,eu-west-1,5.85,626.17,0
2026-04-07 04:21:00,Azure,ap-northeast-1,35.31,263.3,0
2026-04-07 04:22:00,GCP,sa-east-1,106.6587652931294,420.61,0
2026-04-07 04:23:00,AWS,ap-northeast-1,10.88,936.28,0
2026-04-07 04:24:00,GCP,ap-northeast-1,16.63,382.82,0
2026-04-07 04:25:00,GCP,eu-west-1,4.93,325.5,0
2026-04-07 04:26:00,Azure,eu-west-1,11.62,150.31,0
2026-04-07 04:27:00,GCP,sa-east-1,78.6860647235668,187.51,0
2026-04-07 04:28:00,AWS,eu-west-1,25.1,626.31,0
2026-04-07 04:29:00,AWS,ap-northeast-1,25.96,694.03,0
2026-04-07 04:30:00,GCP,us-east-1,19.01,677.42,0
2026-04-07 04:31:00,GCP,us-east-1,19.56,585.85,0
2026-04-07 04:32:00,AWS,us-east-1,8.8,541.87,0
2026-04-07 04:33:00,Azure,sa-east-1,116.7851959008621,164.93,0
2026-04-07 04:34:00,AWS,eu-west-1,6.11,856.63,0
2026-04-07 04:35:00,AWS,eu-west-1,5.71,561.77,0
2026-04-07 04:36:00,GCP,eu-west-1,11.56,218.72,0
2026-04-07 04:37:00,GCP,eu-west-1,15.88,222.26,0
2026-04-07 04:38:00,AWS,ap-northeast-1,16.43,561.66,0
2026-04-07 04:39:00,Azure,us-east-1,6.5,320.12,0
2026-04-07 04:40:00,AWS,ap-northeast-1,5.61,929.77,0
2026-04-07 04:41:00,AWS,sa-east-1,89.80906866780197,549.05,0
2026-04-07 04:42:00,Azure,us-east-1,7.86,980.58,0
2026-04-07 04:43:00,AWS,us-east-1,16.54,760.74,0
2026-04-07 04:44:00,AWS,ap-northeast-1,7.34,829.63,0
2026-04-07 04:45:00,GCP,sa-east-1,89.61366206150049,449.99,0
2026-04-07 04:46:00,Azure,sa-east-1,73.19322906701343,220.62,0
2026-04-07 04:47:00,GCP,us-east-1,11.32,720.73,0
2026-04-07 04:48:00,GCP,eu-west-1,6.86,466.36,0
2026-04-07 04:49:00,Azure,sa-east-1,57.655324792379716,953.99,0
2026-04-07 04:50:00,Azure,ap-northeast-1,10.38,274.27,0
2026-04-07 04:51:00,AWS,sa-east-1,94.86137972363792,663.85,0
2026-04-07 04:52:00,GCP,us-east-1,5.12,879.46,0
2026-04-07 04:53:00,Azure,eu-west-1,24.19,462.55,1
2026-04-07 04:54:00,GCP,sa-east-1,79.17663549296425,958.3,0
2026-04-07 04:55:00,GCP,us-east-1,14.53,168.95,0
2026-04-07 04:56:00,Azure,sa-east-1,65.74844170472487,628.23,0
2026-04-07 04:57:00,AWS,eu-west-1,5.42,799.65,0
2026-04-07 04:58:00,GCP,ap-northeast-1,10.05,281.63,0
2026-04-07 04:59:00,Azure,us-east-1,6.02,152.07,0
2026-04-07 05:00:00,AWS,us-east-1,14.94,171.91,0
2026-04-07 05:01:00,GCP,eu-west-1,12.57,387.31,0
2026-04-07 05:02:00,Azure,us-east-1,11.72,300.85,0
2026-04-07 05:03:00,GCP,eu-west-1,8.08,301.5,0
2026-04-07 05:04:00,Azure,us-east-1,21.99,512.67,0
2026-04-07 05:05:00,Azure,eu-west-1,10.09,176.44,0
2026-04-07 05:06:00,GCP,sa-east-1,60.89102621946166,995.95,0
2026-04-07 05:07:00,GCP,sa-east-1,72.07100877034595,726.23,0
2026-04-07 05:08:00,Azure,sa-east-1,75.67586748598193,127.26,0
2026-04-07 05:09:00,AWS,us-east-1,8.78,722.71,0
2026-04-07 05:10:00,GCP,eu-west-1,7.73,812.65,0
2026-04-07 05:11:00,Azure,eu-west-1,17.24,271.69,0
2026-04-07 05:12:00,Azure,ap-northeast-1,16.22,856.25,0
2026-04-07 05:13:00,AWS,sa-east-1,110.47232093480143,650.59,0
2026-04-07 05:14:00,AWS,ap-northeast-1,19.56,838.77,0
2026-04-07 05:15:00,AWS,sa-east-1,83.82461707918934,745.02,0
2026-04-07 05:16:00,GCP,ap-northeast-1,14.28,734.17,0
2026-04-07 05:17:00,Azure,sa-east-1,100.65177898317663,242.42,0
2026-04-07 05:18:00,Azure,eu-west-1,9.6,384.22,0
2026-04-07 05:19:00,Azure,sa-east-1,76.9765097959894,570.92,0
2026-04-07 05:20:00,AWS,us-east-1,9.34,201.29,0
2026-04-07 05:21:00,Azure,sa-east-1,94.18162994192869,530.64,0
2026-04-07 05:22:00,GCP,sa-east-1,104.27999070223167,500.79,0
2026-04-07 05:23:00,AWS,eu-west-1,18.18,308.73,0
2026-04-07 05:24:00,AWS,us-east-1,10.67,279.75,0
2026-04-07 05:25:00,AWS,eu-west-1,13.01,322.64,0
2026-04-07 05:26:00,AWS,ap-northeast-1,10.15,644.6,0
2026-04-07 05:27:00,GCP,ap-northeast-1,13.31,473.46,0
2026-04-07 05:28:00,Azure,us-east-1,28.89,472.56,0
2026-04-07 05:29:00,GCP,ap-northeast-1,26.35,263.56,0
2026-04-07 05:30:00,Azure,us-east-1,9.55,808.63,0
2026-04-07 05:31:00,GCP,sa-east-1,85.42808686174645,730.34,0
2026-04-07 05:32:00,AWS,ap-northeast-1,12.5,486.17,0
2026-04-07 05:33:00,AWS,sa-east-1,96.29806371300461,227.98,0
2026-04-07 05:34:00,GCP,eu-west-1,30.79,743.23,0
2026-04-07 05:35:00,GCP,ap-northeast-1,23.17,908.96,0
2026-04-07 05:36:00,Azure,eu-west-1,10.66,260.44,0
2026-04-07 05:37:00,GCP,eu-west-1,14.9,642.39,0
2026-04-07 05:38:00,GCP,us-east-1,13.64,481.88,0
2026-04-07 05:39:00,Azure,eu-west-1,9.0,178.89,0
2026-04-07 05:40:00,Azure,us-east-1,20.22,753.24,0
2026-04-07 05:41:00,Azure,us-east-1,3.47,164.03,0
2026-04-07 05:42:00,GCP,us-east-1,20.15,732.01,1
2026-04-07 05:43:00,Azure,us-east-1,14.97,353.04,0
2026-04-07 05:44:00,AWS,us-east-1,4.94,609.09,0
2026-04-07 05:45:00,AWS,sa-east-1,85.94890028447784,244.41,0
2026-04-07 05:46:00,AWS,us-east-1,4.34,433.81,0
2026-04-07 05:47:00,GCP,ap-northeast-1,28.46,193.68,0
2026-04-07 05:48:00,AWS,us-east-1,7.42,520.57,0
2026-04-07 05:49:00,GCP,sa-east-1,101.46878335181228,291.96,0
2026-04-07 05:50:00,GCP,ap-northeast-1,19.55,269.14,0
2026-04-07 05:51:00,AWS,ap-northeast-1,11.47,196.44,0
2026-04-07 05:52:00,Azure,sa-east-1,88.18762507243038,788.89,0
2026-04-07 05:53:00,GCP,ap-northeast-1,15.74,675.57,0
2026-04-07 05:54:00,AWS,sa-east-1,98.28830748520548,241.21,0
2026-04-07 05:55:00,GCP,eu-west-1,19.46,525.19,0
2026-04-07 05:56:00,Azure,eu-west-1,6.78,694.8,0
2026-04-07 05:57:00,Azure,us-east-1,20.31,890.26,0
2026-04-07 05:58:00,AWS,us-east-1,23.9,153.61,0
2026-04-07 05:59:00,GCP,us-east-1,10.71,426.12,0
2026-04-07 06:00:00,GCP,us-east-1,7.55,654.36,0
2026-04-07 06:01:00,GCP,sa-east-1,66.93388551273469,114.06,0
2026-04-07 06:02:00,GCP,eu-west-1,8.85,319.17,0
2026-04-07 06:03:00,AWS,sa-east-1,96.66144139036848,770.41,0
2026-04-07 06:04:00,Azure,ap-northeast-1,8.42,420.16,0
2026-04-07 06:05:00,AWS,ap-northeast-1,15.31,176.05,0
2026-04-07 06:06:00,GCP,ap-northeast-1,16.75,663.94,0
2026-04-07 06:07:00,GCP,ap-northeast-1,10.18,325.05,0
2026-04-07 06:08:00,Azure,ap-northeast-1,4.58,731.49,0
2026-04-07 06:09:00,GCP,eu-west-1,15.2,910.16,0
2026-04-07 06:10:00,AWS,sa-east-1,63.3598652000489,575.07,0
2026-04-07 06:11:00,AWS,ap-northeast-1,13.8,639.23,0
2026-04-07 06:12:00,Azure,us-east-1,12.63,562.97,0
2026-04-07 06:13:00,AWS,eu-west-1,10.33,835.7,0
2026-04-07 06:14:00,AWS,us-east-1,16.82,317.54,0
2026-04-07 06:15:00,AWS,eu-west-1,14.61,461.39,0
2026-04-07 06:16:00,AWS,eu-west-1,14.79,905.53,0
2026-04-07 06:17:00,GCP,us-east-1,18.37,751.28,0
2026-04-07 06:18:00,AWS,us-east-1,9.91,388.08,0
2026-04-07 06:19:00,Azure,ap-northeast-1,9.84,849.37,0
2026-04-07 06:20:00,Azure,us-east-1,20.88,314.94,0
2026-04-07 06:21:00,AWS,sa-east-1,83.81090337379686,670.76,0
2026-04-07 06:22:00,Azure,eu-west-1,9.63,960.81,0
2026-04-07 06:23:00,AWS,eu-west-1,4.47,617.24,0
2026-04-07 06:24:00,Azure,ap-northeast-1,14.82,819.52,0
2026-04-07 06:25:00,Azure,eu-west-1,15.53,761.89,0
2026-04-07 06:26:00,AWS,us-east-1,6.64,879.15,0
2026-04-07 06:27:00,AWS,eu-west-1,7.97,971.89,0
2026-04-07 06:28:00,GCP,eu-west-1,9.94,120.08,0
2026-04-07 06:29:00,AWS,us-east-1,15.27,125.08,0
2026-04-07 06:30:00,AWS,us-east-1,42.17,634.98,0
2026-04-07 06:31:00,GCP,eu-west-1,21.3,958.82,0
2026-04-07 06:32:00,AWS,sa-east-1,97.29734372839995,537.11,0
2026-04-07 06:33:00,AWS,us-east-1,9.8,855.8,0
2026-04-07 06:34:00,GCP,sa-east-1,92.0092071503206,791.12,0
2026-04-07 06:35:00,AWS,sa-east-1,114.01827503202841,548.43,0
2026-04-07 06:36:00,AWS,ap-northeast-1,8.12,561.86,0
2026-04-07 06:37:00,GCP,sa-east-1,78.93489269683218,492.43,0
2026-04-07 06:38:00,GCP,ap-northeast-1,9.43,326.98,0
2026-04-07 06:39:00,Azure,sa-east-1,112.33709412621918,872.84,0
2026-04-07 06:40:00,AWS,ap-northeast-1,12.65,288.61,0
2026-04-07 06:41:00,Azure,us-east-1,33.88,916.23,0
2026-04-07 06:42:00,Azure,eu-west-1,19.87,423.75,0
2026-04-07 06:43:00,GCP,eu-west-1,23.5,123.85,0
2026-04-07 06:44:00,AWS,ap-northeast-1,7.18,251.54,0
2026-04-07 06:45:00,AWS,us-east-1,9.34,899.04,0
2026-04-07 06:46:00,GCP,ap-northeast-1,14.35,215.6,0
2026-04-07 06:47:00,Azure,ap-northeast-1,6.58,764.9,0
2026-04-07 06:48:00,GCP,us-east-1,20.55,264.53,0
2026-04-07 06:49:00,AWS,sa-east-1,95.09618669006063,549.04,0
2026-04-07 06:50:00,GCP,sa-east-1,89.57195707838268,284.69,0
2026-04-07 06:51:00,AWS,us-east-1,15.5,399.85,0
2026-04-07 06:52:00,Azure,ap-northeast-1,12.46,212.34,0
2026-04-07 06:53:00,AWS,eu-west-1,11.46,600.4,0
2026-04-07 06:54:00,Azure,ap-northeast-1,8.29,429.24,0
2026-04-07 06:55:00,Azure,sa-east-1,97.38944636378595,428.94,0
2026-04-07 06:56:00,AWS,us-east-1,19.0,134.72,0
2026-04-07 06:57:00,AWS,us-east-1,17.01,222.52,0
2026-04-07 06:58:00,Azure,us-east-1,22.58,736.78,0
2026-04-07 06:59:00,GCP,sa-east-1,107.0134361494697,363.09,0
2026-04-07 07:00:00,AWS,ap-northeast-1,21.36,497.86,0
2026-04-07 07:01:00,Azure,us-east-1,11.15,786.76,0
2026-04-07 07:02:00,Azure,eu-west-1,16.28,500.28,0
2026-04-07 07:03:00,GCP,us-east-1,23.24,303.05,0
2026-04-07 07:04:00,AWS,ap-northeast-1,34.31,594.84,1
2026-04-07 07:05:00,Azure,sa-east-1,109.80802840209014,821.09,0
2026-04-07 07:06:00,GCP,eu-west-1,13.48,639.68,0
2026-04-07 07:07:00,Azure,eu-west-1,16.13,478.16,0
2026-04-07 07:08:00,AWS,us-east-1,22.75,213.06,0
2026-04-07 07:09:00,GCP,ap-northeast-1,17.37,323.84,0
2026-04-07 07:10:00,Azure,us-east-1,9.98,951.51,0
2026-04-07 07:11:00,GCP,eu-west-1,16.57,794.63,0
2026-04-07 07:12:00,AWS,us-east-1,23.38,178.81,0
2026-04-07 07:13:00,GCP,ap-northeast-1,30.15,104.96,0
2026-04-07 07:14:00,AWS,sa-east-1,62.89368753274395,257.88,0
2026-04-07 07:15:00,Azure,eu-west-1,6.97,949.5,0
2026-04-07 07:16:00,AWS,ap-northeast-1,5.0,622.04,0
2026-04-07 07:17:00,Azure,us-east-1,18.13,854.79,0
2026-04-07 07:18:00,Azure,eu-west-1,5.66,518.7,0
2026-04-07 07:19:00,AWS,us-east-1,14.3,843.97,0
2026-04-07 07:20:00,Azure,us-east-1,20.88,130.52,0
2026-04-07 07:21:00,GCP,sa-east-1,61.74344642447845,484.14,0
2026-04-07 07:22:00,Azure,us-east-1,5.77,439.84,0
2026-04-07 07:23:00,AWS,us-east-1,6.49,983.39,0
2026-04-07 07:24:00,GCP,ap-northeast-1,7.69,370.43,0
2026-04-07 07:25:00,GCP,us-east-1,11.45,475.23,0
2026-04-07 07:26:00,Azure,sa-east-1,78.54839073613532,782.92,0
2026-04-07 07:27:00,Azure,us-east-1,12.25,892.64,0
2026-04-07 07:28:00,AWS,us-east-1,35.75,890.55,0
2026-04-07 07:29:00,GCP,us-east-1,20.5,455.06,0
2026-04-07 07:30:00,AWS,eu-west-1,14.12,953.7,0
2026-04-07 07:31:00,Azure,sa-east-1,104.28624956836137,688.16,0
2026-04-07 07:32:00,GCP,eu-west-1,9.5,866.02,0
2026-04-07 07:33:00,AWS,sa-east-1,100.64234641242061,933.65,0
2026-04-07 07:34:00,AWS,sa-east-1,97.96867526686886,310.24,0
2026-04-07 07:35:00,AWS,ap-northeast-1,14.3,549.28,0
2026-04-07 07:36:00,AWS,eu-west-1,9.49,629.02,0
2026-04-07 07:37:00,AWS,sa-east-1,91.99529160208651,822.19,0
2026-04-07 07:38:00,GCP,sa-east-1,111.91030439197351,461.05,0
2026-04-07 07:39:00,AWS,ap-northeast-1,16.73,289.4,0
2026-04-07 07:40:00,GCP,eu-west-1,14.55,768.91,0
2026-04-07 07:41:00,AWS,us-east-1,15.69,633.1,0
2026-04-07 07:42:00,Azure,ap-northeast-1,21.13,908.47,0
2026-04-07 07:43:00,Azure,sa-east-1,77.03426424174833,689.53,0
2026-04-07 07:44:00,AWS,eu-west-1,11.42,115.14,0
2026-04-07 07:45:00,Azure,sa-east-1,94.3824859753108,969.99,0
2026-04-07 07:46:00,GCP,ap-northeast-1,12.14,633.8,0
2026-04-07 07:47:00,AWS,ap-northeast-1,8.69,636.29,0
2026-04-07 07:48:00,GCP,eu-west-1,7.37,918.34,0
2026-04-07 07:49:00,AWS,ap-northeast-1,5.42,697.43,0
2026-04-07 07:50:00,Azure,ap-northeast-1,27.91,531.39,0
2026-04-07 07:51:00,GCP,us-east-1,10.31,196.56,0
2026-04-07 07:52:00,Azure,sa-east-1,112.29492069922728,965.98,0
2026-04-07 07:53:00,Azure,us-east-1,12.78,170.64,0
2026-04-07 07:54:00,AWS,us-east-1,15.62,253.27,0
2026-04-07 07:55:00,GCP,eu-west-1,4.47,837.58,0
2026-04-07 07:56:00,Azure,ap-northeast-1,9.63,541.36,0
2026-04-07 07:57:00,AWS,sa-east-1,109.23354919797535,260.44,0
2026-04-07 07:58:00,AWS,sa-east-1,125.55484558640836,357.55,0
2026-04-07 07:59:00,AWS,sa-east-1,72.00786714601246,994.61,0
2026-04-07 08:00:00,Azure,ap-northeast-1,10.75,625.62,0
2026-04-07 08:01:00,AWS,sa-east-1,88.22426755143177,461.45,0
2026-04-07 08:02:00,GCP,sa-east-1,90.57689459567756,888.6,0
2026-04-07 08:03:00,GCP,ap-northeast-1,12.36,531.73,0
2026-04-07 08:04:00,Azure,eu-west-1,11.8,377.14,0
2026-04-07 08:05:00,GCP,sa-east-1,82.73468219414815,247.8,0
2026-04-07 08:06:00,AWS,ap-northeast-1,9.0,770.02,0
2026-04-07 08:07:00,Azure,us-east-1,13.01,636.6,0
2026-04-07 08:08:00,AWS,ap-northeast-1,14.27,183.12,0
2026-04-07 08:09:00,Azure,us-east-1,14.65,632.48,0
2026-04-07 08:10:00,Azure,ap-northeast-1,8.65,243.51,0
2026-04-07 08:11:00,AWS,sa-east-1,97.01935778783505,983.55,0
2026-04-07 08:12:00,GCP,eu-west-1,5.42,333.74,0
2026-04-07 08:13:00,GCP,eu-west-1,15.88,726.41,0
2026-04-07 08:14:00,Azure,sa-east-1,91.32769248013078,690.44,0
2026-04-07 08:15:00,AWS,us-east-1,7.9,722.22,0
2026-04-07 08:16:00,AWS,ap-northeast-1,10.36,487.0,0
2026-04-07 08:17:00,Azure,sa-east-1,98.26955790107797,166.9,0
2026-04-07 08:18:00,GCP,ap-northeast-1,14.54,982.01,0
2026-04-07 08:19:00,AWS,sa-east-1,121.66810121406877,272.37,0
2026-04-07 08:20:00,GCP,sa-east-1,66.35508368538365,792.75,0
2026-04-07 08:21:00,GCP,ap-northeast-1,39.47,223.82,0
2026-04-07 08:22:00,Azure,eu-west-1,7.92,353.08,0
2026-04-07 08:23:00,Azure,eu-west-1,9.86,603.9,0
2026-04-07 08:24:00,GCP,us-east-1,24.04,472.12,0
2026-04-07 08:25:00,AWS,ap-northeast-1,6.7,962.44,0
2026-04-07 08:26:00,AWS,us-east-1,10.88,862.92,0
2026-04-07 08:27:00,Azure,sa-east-1,83.28760905999127,929.61,0
2026-04-07 08:28:00,GCP,us-east-1,6.76,676.63,0
2026-04-07 08:29:00,AWS,sa-east-1,81.93077715908555,297.02,0
2026-04-07 08:30:00,AWS,ap-northeast-1,15.73,566.65,0
2026-04-07 08:31:00,Azure,ap-northeast-1,4.66,788.98,0
2026-04-07 08:32:00,GCP,ap-northeast-1,8.96,158.25,0
2026-04-07 08:33:00,AWS,ap-northeast-1,40.07,876.81,0
2026-04-07 08:34:00,Azure,us-east-1,13.62,668.22,0
2026-04-07 08:35:00,AWS,sa-east-1,101.62133852015593,751.21,0
2026-04-07 08:36:00,AWS,eu-west-1,13.72,724.87,0
2026-04-07 08:37:00,AWS,ap-northeast-1,33.83,862.99,0
2026-04-07 08:38:00,Azure,ap-northeast-1,7.49,178.77,0
2026-04-07 08:39:00,GCP,sa-east-1,98.35266676681977,439.34,0
2026-04-07 08:40:00,Azure,eu-west-1,11.53,552.35,0
2026-04-07 08:41:00,GCP,ap-northeast-1,16.08,591.94,0
2026-04-07 08:42:00,AWS,eu-west-1,13.16,948.3,0
2026-04-07 08:43:00,GCP,ap-northeast-1,13.34,138.22,0
2026-04-07 08:44:00,AWS,us-east-1,9.24,879.75,0
2026-04-07 08:45:00,AWS,us-east-1,16.5,596.71,0
2026-04-07 08:46:00,Azure,eu-west-1,4.73,599.17,0
2026-04-07 08:47:00,AWS,sa-east-1,78.42384406518909,388.3,0
2026-04-07 08:48:00,Azure,sa-east-1,73.60240476790847,679.26,0
2026-04-07 08:49:00,GCP,us-east-1,7.02,681.77,0
2026-04-07 08:50:00,GCP,sa-east-1,61.52472297419157,270.36,0
2026-04-07 08:51:00,AWS,sa-east-1,75.59162701036888,709.31,0
2026-04-07 08:52:00,Azure,sa-east-1,70.1387756147809,340.04,0
2026-04-07 08:53:00,AWS,eu-west-1,15.16,719.91,0
2026-04-07 08:54:00,Azure,eu-west-1,19.5,650.75,0
2026-04-07 08:55:00,Azure,sa-east-1,86.47261271764381,744.36,0
2026-04-07 08:56:00,Azure,us-east-1,4.39,117.73,0
2026-04-07 08:57:00,GCP,sa-east-1,100.50614590557922,212.83,0
2026-04-07 08:58:00,Azure,ap-northeast-1,13.35,856.18,0
2026-04-07 08:59:00,GCP,us-east-1,13.27,442.65,0
2026-04-07 09:00:00,Azure,eu-west-1,11.45,853.05,0
2026-04-07 09:01:00,GCP,ap-northeast-1,9.25,156.41,0
2026-04-07 09:02:00,GCP,sa-east-1,72.3077051699231,792.43,0
2026-04-07 09:03:00,GCP,sa-east-1,73.52514289855675,175.39,0
2026-04-07 09:04:00,AWS,us-east-1,21.15,521.49,0
2026-04-07 09:05:00,Azure,us-east-1,9.5,943.82,0
2026-04-07 09:06:00,AWS,sa-east-1,80.82196674185182,169.91,0
2026-04-07 09:07:00,Azure,sa-east-1,79.24534545165677,415.6,0
2026-04-07 09:08:00,Azure,us-east-1,6.76,566.51,0
2026-04-07 09:09:00,AWS,ap-northeast-1,6.69,909.51,0
2026-04-07 09:10:00,GCP,eu-west-1,17.15,399.35,0
2026-04-07 09:11:00,Azure,us-east-1,19.44,826.34,0
2026-04-07 09:12:00,GCP,ap-northeast-1,11.54,746.36,0
2026-04-07 09:13:00,AWS,sa-east-1,76.42872211262092,376.36,0
2026-04-07 09:14:00,GCP,eu-west-1,15.89,406.73,0
2026-04-07 09:15:00,Azure,ap-northeast-1,10.38,271.91,0
2026-04-07 09:16:00,Azure,eu-west-1,24.27,723.67,0
2026-04-07 09:17:00,Azure,eu-west-1,32.58,606.79,0
2026-04-07 09:18:00,AWS,eu-west-1,5.74,239.46,0
2026-04-07 09:19:00,Azure,ap-northeast-1,41.94,658.06,0
2026-04-07 09:20:00,AWS,ap-northeast-1,5.59,548.78,0
2026-04-07 09:21:00,GCP,sa-east-1,84.1534077015756,183.33,0
2026-04-07 09:22:00,Azure,eu-west-1,20.35,958.33,0
2026-04-07 09:23:00,Azure,us-east-1,8.49,851.28,0
2026-04-07 09:24:00,Azure,us-east-1,8.11,163.92,0
2026-04-07 09:25:00,GCP,us-east-1,5.19,938.14,0
2026-04-07 09:26:00,Azure,ap-northeast-1,6.25,925.01,0
2026-04-07 09:27:00,AWS,sa-east-1,96.86044669169318,137.96,0
2026-04-07 09:28:00,GCP,ap-northeast-1,17.94,281.33,0
2026-04-07 09:29:00,GCP,eu-west-1,28.2,732.17,0
2026-04-07 09:30:00,GCP,us-east-1,8.34,941.12,0
2026-04-07 09:31:00,GCP,ap-northeast-1,9.97,840.8,0
2026-04-07 09:32:00,GCP,us-east-1,7.41,353.71,0
2026-04-07 09:33:00,AWS,ap-northeast-1,5.67,130.09,0
2026-04-07 09:34:00,GCP,us-east-1,5.68,525.6,0
2026-04-07 09:35:00,Azure,eu-west-1,6.44,182.77,0
2026-04-07 09:36:00,GCP,us-east-1,11.88,320.77,0
2026-04-07 09:37:00,GCP,eu-west-1,8.9,676.09,0
2026-04-07 09:38:00,GCP,eu-west-1,10.09,545.52,0
2026-04-07 09:39:00,GCP,ap-northeast-1,14.86,439.05,0
2026-04-07 09:40:00,GCP,ap-northeast-1,11.63,936.97,0
2026-04-07 09:41:00,AWS,ap-northeast-1,6.81,273.67,0
2026-04-07 09:42:00,AWS,eu-west-1,19.66,538.73,0
2026-04-07 09:43:00,GCP,sa-east-1,96.5847837359816,616.15,0
2026-04-07 09:44:00,AWS,sa-east-1,67.88949115067382,389.75,0
2026-04-07 09:45:00,Azure,eu-west-1,28.82,734.77,0
2026-04-07 09:46:00,GCP,eu-west-1,14.44,880.55,0
2026-04-07 09:47:00,Azure,ap-northeast-1,4.96,587.33,0
2026-04-07 09:48:00,Azure,ap-northeast-1,5.52,803.2,0
2026-04-07 09:49:00,GCP,ap-northeast-1,10.28,154.87,0
2026-04-07 09:50:00,Azure,sa-east-1,78.01672172081426,238.4,0
2026-04-07 09:51:00,Azure,sa-east-1,96.12798642076685,515.82,0
2026-04-07 09:52:00,Azure,eu-west-1,21.44,928.92,0
2026-04-07 09:53:00,GCP,sa-east-1,84.37898665549167,578.43,0
2026-04-07 09:54:00,GCP,ap-northeast-1,11.56,489.07,0
2026-04-07 09:55:00,Azure,ap-northeast-1,7.27,640.1,0
2026-04-07 09:56:00,GCP,ap-northeast-1,11.26,212.02,0
2026-04-07 09:57:00,GCP,ap-northeast-1,7.3,688.31,0
2026-04-07 09:58:00,Azure,ap-northeast-1,12.33,184.62,0
2026-04-07 09:59:00,GCP,us-east-1,8.91,619.11,0
2026-04-07 10:00:00,AWS,eu-west-1,16.66,742.95,0
2026-04-07 10:01:00,GCP,eu-west-1,20.59,470.36,0
2026-04-07 10:02:00,AWS,sa-east-1,77.29091880567013,919.81,0
2026-04-07 10:03:00,Azure,ap-northeast-1,12.4,236.83,0
2026-04-07 10:04:00,GCP,us-east-1,16.5,253.86,0
2026-04-07 10:05:00,Azure,ap-northeast-1,9.49,565.22,0
2026-04-07 10:06:00,Azure,ap-northeast-1,8.0,938.49,0
2026-04-07 10:07:00,Azure,sa-east-1,73.39820589727765,451.63,0
2026-04-07 10:08:00,Azure,us-east-1,14.57,933.76,0
2026-04-07 10:09:00,Azure,us-east-1,4.37,724.13,0
2026-04-07 10:10:00,GCP,eu-west-1,18.85,804.3,0
2026-04-07 10:11:00,AWS,ap-northeast-1,10.18,944.08,0
2026-04-07 10:12:00,GCP,us-east-1,10.52,615.1,0
2026-04-07 10:13:00,GCP,eu-west-1,17.06,677.49,0
2026-04-07 10:14:00,GCP,us-east-1,4.87,621.09,0
2026-04-07 10:15:00,GCP,ap-northeast-1,10.9,806.37,0
2026-04-07 10:16:00,AWS,eu-west-1,26.82,346.07,0
2026-04-07 10:17:00,GCP,us-east-1,10.57,809.24,0
2026-04-07 10:18:00,Azure,sa-east-1,67.66611407477082,742.19,0
2026-04-07 10:19:00,GCP,us-east-1,10.24,641.86,0
2026-04-07 10:20:00,GCP,ap-northeast-1,23.44,134.91,0
2026-04-07 10:21:00,AWS,sa-east-1,79.17337168509208,797.09,0
2026-04-07 10:22:00,AWS,us-east-1,5.64,219.18,0
2026-04-07 10:23:00,Azure,us-east-1,9.65,965.77,0
2026-04-07 10:24:00,GCP,eu-west-1,6.04,173.34,0
2026-04-07 10:25:00,GCP,ap-northeast-1,3.94,748.25,0
2026-04-07 10:26:00,GCP,us-east-1,17.76,424.38,0
2026-04-07 10:27:00,Azure,us-east-1,20.57,762.12,0
2026-04-07 10:28:00,AWS,us-east-1,15.02,567.06,0
2026-04-07 10:29:00,Azure,ap-northeast-1,19.04,666.55,0
2026-04-07 10:30:00,GCP,sa-east-1,76.83910312596618,167.89,0
2026-04-07 10:31:00,AWS,ap-northeast-1,23.95,969.83,0
2026-04-07 10:32:00,AWS,eu-west-1,8.9,103.46,1
2026-04-07 10:33:00,Azure,eu-west-1,12.19,947.04,0
2026-04-07 10:34:00,AWS,ap-northeast-1,7.99,611.43,0
2026-04-07 10:35:00,AWS,us-east-1,6.04,332.44,0
2026-04-07 10:36:00,GCP,us-east-1,8.86,673.95,0
2026-04-07 10:37:00,GCP,sa-east-1,121.90912966484824,705.61,0
2026-04-07 10:38:00,AWS,ap-northeast-1,26.22,757.3,0
2026-04-07 10:39:00,AWS,ap-northeast-1,17.95,114.79,0
2026-04-07 10:40:00,Azure,us-east-1,9.83,984.5,1
2026-04-07 10:41:00,Azure,eu-west-1,9.72,656.12,0
2026-04-07 10:42:00,AWS,eu-west-1,28.69,439.78,0
2026-04-07 10:43:00,GCP,sa-east-1,82.39223000493709,613.59,0
2026-04-07 10:44:00,AWS,sa-east-1,80.16631030425226,260.58,0
2026-04-07 10:45:00,AWS,eu-west-1,9.24,322.54,0
2026-04-07 10:46:00,GCP,ap-northeast-1,10.5,177.2,0
2026-04-07 10:47:00,GCP,sa-east-1,98.98253125816282,891.31,0
2026-04-07 10:48:00,Azure,us-east-1,8.43,326.44,0
2026-04-07 10:49:00,Azure,ap-northeast-1,14.5,765.74,0
2026-04-07 10:50:00,Azure,us-east-1,8.58,346.78,0
2026-04-07 10:51:00,Azure,sa-east-1,102.0645617396004,231.39,0
2026-04-07 10:52:00,GCP,eu-west-1,8.46,197.32,0
2026-04-07 10:53:00,AWS,sa-east-1,84.6734114213521,874.22,0
2026-04-07 10:54:00,Azure,eu-west-1,11.8,207.76,0
2026-04-07 10:55:00,Azure,ap-northeast-1,17.94,178.43,0
2026-04-07 10:56:00,GCP,sa-east-1,74.62177856505237,108.42,0
2026-04-07 10:57:00,GCP,sa-east-1,69.92037019060967,429.8,0
2026-04-07 10:58:00,AWS,sa-east-1,76.28436536406339,948.42,0
2026-04-07 10:59:00,AWS,ap-northeast-1,21.69,917.78,0
2026-04-07 11:00:00,GCP,us-east-1,5.91,203.55,0
2026-04-07 11:01:00,Azure,us-east-1,13.01,111.25,0
2026-04-07 11:02:00,Azure,eu-west-1,11.54,775.91,0
2026-04-07 11:03:00,Azure,sa-east-1,108.62918268186604,375.83,0
2026-04-07 11:04:00,AWS,us-east-1,23.97,851.21,0
2026-04-07 11:05:00,Azure,ap-northeast-1,18.32,293.89,0
2026-04-07 11:06:00,Azure,sa-east-1,78.02136975822144,542.99,0
2026-04-07 11:07:00,GCP,eu-west-1,13.9,129.65,0
2026-04-07 11:08:00,Azure,us-east-1,9.81,905.24,0
2026-04-07 11:09:00,GCP,ap-northeast-1,3.62,260.18,0
2026-04-07 11:10:00,Azure,ap-northeast-1,24.72,365.23,0
2026-04-07 11:11:00,AWS,eu-west-1,3.49,531.73,0
2026-04-07 11:12:00,Azure,us-east-1,26.94,344.14,0
2026-04-07 11:13:00,Azure,sa-east-1,111.20671855570097,136.15,0
2026-04-07 11:14:00,GCP,ap-northeast-1,32.6,126.18,0
2026-04-07 11:15:00,GCP,eu-west-1,13.91,959.69,0
2026-04-07 11:16:00,GCP,ap-northeast-1,15.64,392.95,0
2026-04-07 11:17:00,Azure,ap-northeast-1,11.1,400.95,0
2026-04-07 11:18:00,Azure,us-east-1,12.65,930.61,0
2026-04-07 11:19:00,AWS,us-east-1,8.48,852.54,0
2026-04-07 11:20:00,Azure,sa-east-1,81.1852211402801,718.25,0
2026-04-07 11:21:00,AWS,ap-northeast-1,7.98,692.66,0
2026-04-07 11:22:00,GCP,eu-west-1,12.47,820.98,0
2026-04-07 11:23:00,GCP,ap-northeast-1,12.03,251.99,0
2026-04-07 11:24:00,GCP,eu-west-1,12.06,697.85,0
2026-04-07 11:25:00,AWS,ap-northeast-1,11.64,188.56,0
2026-04-07 11:26:00,Azure,eu-west-1,8.94,213.86,0
2026-04-07 11:27:00,GCP,ap-northeast-1,16.12,318.48,0
2026-04-07 11:28:00,Azure,ap-northeast-1,14.26,738.82,0
2026-04-07 11:29:00,Azure,sa-east-1,96.03005981219302,903.29,0
2026-04-07 11:30:00,GCP,us-east-1,7.61,721.71,0
2026-04-07 11:31:00,AWS,us-east-1,17.06,474.96,0
2026-04-07 11:32:00,Azure,eu-west-1,8.32,562.3,0
2026-04-07 11:33:00,GCP,ap-northeast-1,9.38,741.09,0
2026-04-07 11:34:00,Azure,ap-northeast-1,12.75,651.95,0
2026-04-07 11:35:00,Azure,us-east-1,21.65,576.52,0
2026-04-07 11:36:00,Azure,eu-west-1,6.66,313.11,0
2026-04-07 11:37:00,Azure,sa-east-1,79.47744654506965,655.26,0
2026-04-07 11:38:00,Azure,sa-east-1,84.50730636214959,116.8,0
2026-04-07 11:39:00,AWS,sa-east-1,93.27277564372966,604.05,0
2026-04-07 11:40:00,AWS,ap-northeast-1,10.29,838.67,0
2026-04-07 11:41:00,GCP,eu-west-1,15.06,261.78,0
2026-04-07 11:42:00,AWS,us-east-1,14.43,202.79,0
2026-04-07 11:43:00,AWS,ap-northeast-1,18.07,973.21,0
2026-04-07 11:44:00,AWS,ap-northeast-1,12.19,859.12,0
2026-04-07 11:45:00,Azure,sa-east-1,80.19745552014591,371.8,0
2026-04-07 11:46:00,Azure,eu-west-1,13.68,287.72,0
2026-04-07 11:47:00,GCP,eu-west-1,14.99,400.64,0
2026-04-07 11:48:00,GCP,sa-east-1,73.99123447925197,488.1,0
2026-04-07 11:49:00,GCP,sa-east-1,109.29358914190674,838.97,0
2026-04-07 11:50:00,Azure,sa-east-1,102.01836739550596,315.28,0
2026-04-07 11:51:00,AWS,ap-northeast-1,6.45,748.76,0
2026-04-07 11:52:00,AWS,ap-northeast-1,5.31,936.36,0
2026-04-07 11:53:00,Azure,ap-northeast-1,14.07,441.56,0
2026-04-07 11:54:00,GCP,us-east-1,17.64,123.44,0
2026-04-07 11:55:00,GCP,us-east-1,5.97,844.85,0
2026-04-07 11:56:00,GCP,eu-west-1,13.2,737.57,0
2026-04-07 11:57:00,Azure,sa-east-1,68.78577585961611,234.16,0
2026-04-07 11:58:00,GCP,sa-east-1,71.15605821048466,637.22,1
2026-04-07 11:59:00,GCP,ap-northeast-1,27.13,842.33,0
2026-04-07 12:00:00,Azure,us-east-1,5.88,262.93,0
2026-04-07 12:01:00,AWS,sa-east-1,88.79331896343541,300.61,0
2026-04-07 12:02:00,Azure,eu-west-1,2.84,281.6,0
2026-04-07 12:03:00,Azure,sa-east-1,113.50249431094879,997.75,0
2026-04-07 12:04:00,Azure,ap-northeast-1,8.45,306.57,0
2026-04-07 12:05:00,Azure,ap-northeast-1,4.54,340.23,0
2026-04-07 12:06:00,AWS,us-east-1,16.4,143.13,0
2026-04-07 12:07:00,GCP,eu-west-1,11.26,984.95,0
2026-04-07 12:08:00,Azure,eu-west-1,10.45,322.08,0
2026-04-07 12:09:00,AWS,sa-east-1,107.78192544305419,752.71,0
2026-04-07 12:10:00,GCP,eu-west-1,8.24,123.73,0
2026-04-07 12:11:00,GCP,sa-east-1,107.72682939226652,805.06,0
2026-04-07 12:12:00,GCP,sa-east-1,83.79112584074325,775.55,0
2026-04-07 12:13:00,Azure,us-east-1,9.2,175.74,0
2026-04-07 12:14:00,Azure,eu-west-1,12.23,210.34,0
2026-04-07 12:15:00,GCP,ap-northeast-1,28.2,365.6,0
2026-04-07 12:16:00,GCP,sa-east-1,68.29563639275129,419.2,0
2026-04-07 12:17:00,GCP,sa-east-1,77.37810985450844,805.15,0
2026-04-07 12:18:00,GCP,sa-east-1,86.73409423010219,155.07,0
2026-04-07 12:19:00,GCP,eu-west-1,23.0,685.22,0
2026-04-07 12:20:00,GCP,eu-west-1,11.98,305.68,0
2026-04-07 12:21:00,AWS,eu-west-1,17.17,444.22,0
2026-04-07 12:22:00,GCP,sa-east-1,98.39401124890158,101.98,0
2026-04-07 12:23:00,Azure,ap-northeast-1,4.17,362.01,0
2026-04-07 12:24:00,Azure,ap-northeast-1,7.21,254.2,0
2026-04-07 12:25:00,Azure,eu-west-1,9.77,553.57,0
2026-04-07 12:26:00,GCP,ap-northeast-1,10.21,242.37,0
2026-04-07 12:27:00,Azure,sa-east-1,81.84849585347493,852.24,0
2026-04-07 12:28:00,AWS,eu-west-1,10.01,894.62,0
2026-04-07 12:29:00,GCP,eu-west-1,12.33,860.76,0
2026-04-07 12:30:00,Azure,sa-east-1,91.57590690422623,983.62,0
2026-04-07 12:31:00,AWS,eu-west-1,8.88,923.18,0
2026-04-07 12:32:00,AWS,sa-east-1,102.50973785344891,351.81,0
2026-04-07 12:33:00,Azure,eu-west-1,20.61,383.01,0
2026-04-07 12:34:00,AWS,ap-northeast-1,14.15,579.39,0
2026-04-07 12:35:00,Azure,eu-west-1,16.39,446.46,0
2026-04-07 12:36:00,AWS,eu-west-1,14.39,972.92,0
2026-04-07 12:37:00,GCP,eu-west-1,27.76,405.58,0
2026-04-07 12:38:00,GCP,us-east-1,7.2,766.07,0
2026-04-07 12:39:00,GCP,ap-northeast-1,42.53,617.83,0
2026-04-07 12:40:00,GCP,sa-east-1,95.06781143074394,960.83,0
2026-04-07 12:41:00,GCP,us-east-1,21.96,770.07,0
2026-04-07 12:42:00,Azure,ap-northeast-1,23.45,373.28,0
2026-04-07 12:43:00,GCP,eu-west-1,20.45,277.36,0
2026-04-07 12:44:00,GCP,eu-west-1,6.39,869.16,0
2026-04-07 12:45:00,GCP,sa-east-1,77.75512773798563,919.91,0
2026-04-07 12:46:00,GCP,sa-east-1,84.60660404646653,847.98,0
2026-04-07 12:47:00,AWS,ap-northeast-1,16.26,763.7,0
2026-04-07 12:48:00,GCP,ap-northeast-1,18.97,389.56,0
2026-04-07 12:49:00,GCP,sa-east-1,92.49242812889673,554.84,0
2026-04-07 12:50:00,Azure,ap-northeast-1,6.31,924.13,0
2026-04-07 12:51:00,AWS,sa-east-1,102.41455685405761,221.41,0
2026-04-07 12:52:00,Azure,eu-west-1,17.65,545.43,0
2026-04-07 12:53:00,GCP,sa-east-1,110.5365323182481,419.96,0
2026-04-07 12:54:00,Azure,us-east-1,12.15,709.74,0
2026-04-07 12:55:00,Azure,sa-east-1,105.83797180121121,670.66,0
2026-04-07 12:56:00,GCP,sa-east-1,82.01750983171823,604.05,0
2026-04-07 12:57:00,AWS,us-east-1,8.11,351.65,0
2026-04-07 12:58:00,AWS,us-east-1,34.96,243.6,0
2026-04-07 12:59:00,Azure,us-east-1,26.56,805.9,0
2026-04-07 13:00:00,GCP,us-east-1,20.8,992.57,0
2026-04-07 13:01:00,Azure,sa-east-1,68.95210020034081,252.18,0
2026-04-07 13:02:00,Azure,ap-northeast-1,7.37,168.21,0
2026-04-07 13:03:00,Azure,us-east-1,18.99,771.16,0
2026-04-07 13:04:00,GCP,eu-west-1,21.28,409.47,0
2026-04-07 13:05:00,GCP,sa-east-1,66.27686301719947,291.7,0
2026-04-07 13:06:00,AWS,ap-northeast-1,7.14,572.61,0
2026-04-07 13:07:00,GCP,eu-west-1,15.08,707.69,0
2026-04-07 13:08:00,Azure,sa-east-1,72.24625241435815,293.36,0
2026-04-07 13:09:00,Azure,sa-east-1,76.98316196773932,995.05,0
2026-04-07 13:10:00,AWS,eu-west-1,15.87,395.4,0
2026-04-07 13:11:00,GCP,us-east-1,7.74,383.46,0
2026-04-07 13:12:00,Azure,us-east-1,6.9,480.7,0
2026-04-07 13:13:00,AWS,eu-west-1,13.5,770.53,0
2026-04-07 13:14:00,AWS,ap-northeast-1,8.11,885.93,0
2026-04-07 13:15:00,Azure,us-east-1,15.11,391.59,0
2026-04-07 13:16:00,Azure,sa-east-1,79.50756273884497,206.87,0
2026-04-07 13:17:00,GCP,sa-east-1,98.97046395865792,330.52,0
2026-04-07 13:18:00,AWS,ap-northeast-1,20.38,175.85,0
2026-04-07 13:19:00,Azure,sa-east-1,71.50669485184204,667.31,0
2026-04-07 13:20:00,AWS,us-east-1,15.02,766.63,0
2026-04-07 13:21:00,GCP,ap-northeast-1,9.75,486.34,0
2026-04-07 13:22:00,Azure,us-east-1,12.27,957.52,0
2026-04-07 13:23:00,GCP,ap-northeast-1,10.89,754.77,0
2026-04-07 13:24:00,AWS,eu-west-1,39.13,441.69,0
2026-04-07 13:25:00,GCP,sa-east-1,75.67596928695114,191.99,0
2026-04-07 13:26:00,GCP,ap-northeast-1,8.3,544.33,0
2026-04-07 13:27:00,AWS,eu-west-1,11.7,553.45,0
2026-04-07 13:28:00,GCP,us-east-1,5.26,595.53,0
2026-04-07 13:29:00,AWS,eu-west-1,4.7,714.2,0
2026-04-07 13:30:00,Azure,us-east-1,25.31,337.94,0
2026-04-07 13:31:00,AWS,ap-northeast-1,13.97,102.24,0
2026-04-07 13:32:00,AWS,ap-northeast-1,9.72,831.56,0
2026-04-07 13:33:00,Azure,sa-east-1,87.55259356660684,841.18,0
2026-04-07 13:34:00,AWS,sa-east-1,104.04881671276846,920.46,0
2026-04-07 13:35:00,Azure,ap-northeast-1,12.6,972.13,0
2026-04-07 13:36:00,Azure,us-east-1,21.63,243.25,1
2026-04-07 13:37:00,AWS,us-east-1,15.92,418.48,0
2026-04-07 13:38:00,GCP,ap-northeast-1,9.93,866.22,0
2026-04-07 13:39:00,GCP,us-east-1,5.08,940.6,0
2026-04-07 13:40:00,Azure,ap-northeast-1,7.38,113.08,0
2026-04-07 13:41:00,GCP,sa-east-1,72.18196756075146,448.78,0
2026-04-07 13:42:00,GCP,us-east-1,26.6,202.05,0
2026-04-07 13:43:00,AWS,sa-east-1,70.02179764171267,809.61,0
2026-04-07 13:44:00,Azure,eu-west-1,7.28,772.42,0
2026-04-07 13:45:00,Azure,sa-east-1,87.00524051387775,778.87,0
2026-04-07 13:46:00,AWS,eu-west-1,29.73,451.21,0
2026-04-07 13:47:00,GCP,sa-east-1,79.33824998349513,465.62,0
2026-04-07 13:48:00,Azure,sa-east-1,107.93988412719898,335.68,0
2026-04-07 13:49:00,GCP,us-east-1,10.17,424.8,0
2026-04-07 13:50:00,Azure,sa-east-1,81.95664530471754,984.77,0
2026-04-07 13:51:00,Azure,ap-northeast-1,17.32,141.91,0
2026-04-07 13:52:00,Azure,us-east-1,32.35,391.61,0
2026-04-07 13:53:00,Azure,us-east-1,13.01,810.93,0
2026-04-07 13:54:00,GCP,us-east-1,21.05,444.11,0
2026-04-07 13:55:00,GCP,sa-east-1,101.7878511609129,954.99,0
2026-04-07 13:56:00,GCP,us-east-1,39.27,398.93,0
2026-04-07 13:57:00,GCP,eu-west-1,6.24,864.78,0
2026-04-07 13:58:00,AWS,eu-west-1,22.33,833.59,0
2026-04-07 13:59:00,Azure,sa-east-1,111.4743898074224,108.29,0
2026-04-07 14:00:00,Azure,us-east-1,6.49,462.69,0
2026-04-07 14:01:00,Azure,ap-northeast-1,18.49,352.57,0
2026-04-07 14:02:00,AWS,ap-northeast-1,12.01,531.65,0
2026-04-07 14:03:00,GCP,eu-west-1,7.72,516.49,0
2026-04-07 14:04:00,Azure,sa-east-1,75.22163333135855,914.98,0
2026-04-07 14:05:00,GCP,sa-east-1,71.66504018122737,265.22,0
2026-04-07 14:06:00,GCP,sa-east-1,75.77684174870691,263.97,0
2026-04-07 14:07:00,AWS,sa-east-1,79.33560013747409,197.26,0
2026-04-07 14:08:00,AWS,sa-east-1,64.2775331601033,764.79,0
2026-04-07 14:09:00,GCP,us-east-1,5.13,926.07,0
2026-04-07 14:10:00,Azure,us-east-1,4.98,431.65,0
2026-04-07 14:11:00,Azure,us-east-1,7.97,155.64,0
2026-04-07 14:12:00,AWS,ap-northeast-1,11.95,240.42,0
2026-04-07 14:13:00,AWS,us-east-1,7.49,192.15,0
2026-04-07 14:14:00,AWS,sa-east-1,105.7076972056096,633.11,0
2026-04-07 14:15:00,AWS,sa-east-1,73.85271632245531,354.07,0
2026-04-07 14:16:00,AWS,ap-northeast-1,7.99,907.7,0
2026-04-07 14:17:00,AWS,ap-northeast-1,24.42,246.05,0
2026-04-07 14:18:00,AWS,eu-west-1,10.47,937.14,0
2026-04-07 14:19:00,Azure,ap-northeast-1,30.44,399.46,0
2026-04-07 14:20:00,AWS,eu-west-1,10.7,880.58,0
2026-04-07 14:21:00,AWS,us-east-1,6.95,954.1,0
2026-04-07 14:22:00,Azure,sa-east-1,117.19325380643883,987.73,0
2026-04-07 14:23:00,Azure,eu-west-1,7.24,823.23,0
2026-04-07 14:24:00,GCP,eu-west-1,21.52,191.52,0
2026-04-07 14:25:00,AWS,eu-west-1,12.94,149.84,0
2026-04-07 14:26:00,AWS,ap-northeast-1,9.23,765.76,0
2026-04-07 14:27:00,AWS,ap-northeast-1,8.3,907.34,0
2026-04-07 14:28:00,AWS,ap-northeast-1,11.67,249.45,0
2026-04-07 14:29:00,GCP,eu-west-1,17.11,946.96,0
2026-04-07 14:30:00,Azure,us-east-1,11.94,649.21,0
2026-04-07 14:31:00,Azure,sa-east-1,104.35908942180262,211.61,0
2026-04-07 14:32:00,AWS,ap-northeast-1,6.77,250.33,0
2026-04-07 14:33:00,AWS,us-east-1,11.61,159.36,0
2026-04-07 14:34:00,AWS,ap-northeast-1,21.12,228.89,0
2026-04-07 14:35:00,GCP,ap-northeast-1,6.67,758.91,0
2026-04-07 14:36:00,GCP,eu-west-1,20.49,296.89,0
2026-04-07 14:37:00,Azure,eu-west-1,12.3,605.49,0
2026-04-07 14:38:00,AWS,ap-northeast-1,12.87,748.97,0
2026-04-07 14:39:00,AWS,sa-east-1,84.35438227027896,905.75,0
2026-04-07 14:40:00,AWS,ap-northeast-1,6.66,630.93,0
2026-04-07 14:41:00,AWS,sa-east-1,94.74942423936193,612.75,0
2026-04-07 14:42:00,GCP,us-east-1,9.23,921.54,0
2026-04-07 14:43:00,Azure,ap-northeast-1,26.11,365.41,0
2026-04-07 14:44:00,Azure,sa-east-1,112.37503653394161,283.33,0
2026-04-07 14:45:00,GCP,us-east-1,12.39,885.52,0
2026-04-07 14:46:00,AWS,us-east-1,23.54,167.07,0
2026-04-07 14:47:00,Azure,eu-west-1,11.85,270.71,0
2026-04-07 14:48:00,Azure,us-east-1,17.31,470.13,0
2026-04-07 14:49:00,GCP,eu-west-1,21.8,425.13,0
2026-04-07 14:50:00,AWS,us-east-1,10.63,735.48,1
2026-04-07 14:51:00,Azure,us-east-1,15.14,182.63,0
2026-04-07 14:52:00,AWS,sa-east-1,74.62334988577362,529.44,0
2026-04-07 14:53:00,Azure,sa-east-1,85.11928928832474,827.7,0
2026-04-07 14:54:00,GCP,eu-west-1,12.02,715.01,0
2026-04-07 14:55:00,AWS,ap-northeast-1,24.17,668.48,0
2026-04-07 14:56:00,GCP,sa-east-1,81.9539027803726,315.42,0
2026-04-07 14:57:00,Azure,us-east-1,43.51,454.27,0
2026-04-07 14:58:00,GCP,eu-west-1,8.55,262.65,0
2026-04-07 14:59:00,GCP,eu-west-1,18.72,558.03,0
2026-04-07 15:00:00,GCP,eu-west-1,11.92,625.75,0
2026-04-07 15:01:00,Azure,us-east-1,10.89,668.06,0
2026-04-07 15:02:00,AWS,sa-east-1,79.06043296106016,888.36,0
2026-04-07 15:03:00,GCP,ap-northeast-1,12.63,155.65,0
2026-04-07 15:04:00,AWS,eu-west-1,7.48,449.48,0
2026-04-07 15:05:00,Azure,us-east-1,10.43,631.87,0
2026-04-07 15:06:00,AWS,sa-east-1,61.415229592369876,613.11,0
2026-04-07 15:07:00,GCP,sa-east-1,92.15936033985557,119.53,0
2026-04-07 15:08:00,GCP,ap-northeast-1,7.13,270.38,0
2026-04-07 15:09:00,GCP,eu-west-1,7.16,861.17,0
2026-04-07 15:10:00,GCP,us-east-1,5.5,563.85,0
2026-04-07 15:11:00,GCP,sa-east-1,90.74472408356925,472.2,0
2026-04-07 15:12:00,GCP,us-east-1,12.29,910.16,0
2026-04-07 15:13:00,Azure,sa-east-1,94.35589490941058,167.46,0
2026-04-07 15:14:00,Azure,eu-west-1,10.01,930.08,0
2026-04-07 15:15:00,Azure,eu-west-1,8.76,125.0,0
2026-04-07 15:16:00,AWS,ap-northeast-1,11.66,606.4,0
2026-04-07 15:17:00,AWS,sa-east-1,79.78231560009515,599.58,0
2026-04-07 15:18:00,Azure,us-east-1,14.15,675.16,0
2026-04-07 15:19:00,AWS,sa-east-1,104.28998877120597,126.66,0
2026-04-07 15:20:00,AWS,us-east-1,16.98,577.47,0
2026-04-07 15:21:00,GCP,ap-northeast-1,12.21,202.25,0
2026-04-07 15:22:00,GCP,sa-east-1,78.9629498217461,240.38,0
2026-04-07 15:23:00,AWS,eu-west-1,19.18,293.82,0
2026-04-07 15:24:00,AWS,us-east-1,6.53,651.86,0
2026-04-07 15:25:00,Azure,eu-west-1,5.99,451.08,0
2026-04-07 15:26:00,AWS,ap-northeast-1,12.03,176.8,0
2026-04-07 15:27:00,GCP,ap-northeast-1,12.72,360.11,0
2026-04-07 15:28:00,AWS,us-east-1,13.69,168.96,0
2026-04-07 15:29:00,Azure,sa-east-1,92.95314008104114,697.71,0
2026-04-07 15:30:00,GCP,eu-west-1,23.96,601.72,0
2026-04-07 15:31:00,GCP,eu-west-1,5.76,466.92,0
2026-04-07 15:32:00,GCP,us-east-1,13.03,934.91,0
2026-04-07 15:33:00,GCP,us-east-1,17.8,566.85,0
2026-04-07 15:34:00,AWS,us-east-1,24.34,898.78,0
2026-04-07 15:35:00,Azure,ap-northeast-1,23.74,621.18,0
2026-04-07 15:36:00,AWS,ap-northeast-1,7.04,439.11,0
2026-04-07 15:37:00,AWS,eu-west-1,14.6,585.1,0
2026-04-07 15:38:00,GCP,sa-east-1,72.95304986681752,236.68,0
2026-04-07 15:39:00,Azure,us-east-1,12.07,707.28,0
2026-04-07 15:40:00,GCP,ap-northeast-1,21.48,983.92,0
2026-04-07 15:41:00,AWS,sa-east-1,122.31462021299228,322.69,0
2026-04-07 15:42:00,AWS,us-east-1,13.88,390.88,0
2026-04-07 15:43:00,GCP,sa-east-1,69.49580769864475,465.48,0
2026-04-07 15:44:00,AWS,us-east-1,5.29,535.13,0
2026-04-07 15:45:00,AWS,sa-east-1,107.98434481144042,747.19,0
2026-04-07 15:46:00,GCP,eu-west-1,20.06,223.01,0
2026-04-07 15:47:00,AWS,us-east-1,8.23,372.22,0
2026-04-07 15:48:00,Azure,us-east-1,11.07,584.8,0
2026-04-07 15:49:00,GCP,eu-west-1,27.36,630.62,0
2026-04-07 15:50:00,Azure,us-east-1,9.99,582.97,0
2026-04-07 15:51:00,AWS,us-east-1,29.27,491.94,0
2026-04-07 15:52:00,AWS,ap-northeast-1,9.82,740.33,0
2026-04-07 15:53:00,GCP,eu-west-1,19.15,284.03,0
2026-04-07 15:54:00,AWS,ap-northeast-1,12.66,354.45,0
2026-04-07 15:55:00,GCP,eu-west-1,17.96,500.04,1
2026-04-07 15:56:00,GCP,sa-east-1,105.99963013586378,725.95,0
2026-04-07 15:57:00,GCP,eu-west-1,15.03,174.12,0
2026-04-07 15:58:00,GCP,eu-west-1,22.89,204.1,0
2026-04-07 15:59:00,GCP,ap-northeast-1,7.79,804.17,0
2026-04-07 16:00:00,Azure,us-east-1,7.65,334.86,0
2026-04-07 16:01:00,GCP,eu-west-1,5.39,967.14,0
2026-04-07 16:02:00,Azure,us-east-1,7.19,965.26,0
2026-04-07 16:03:00,AWS,eu-west-1,26.01,717.35,0
2026-04-07 16:04:00,GCP,ap-northeast-1,14.38,745.19,0
2026-04-07 16:05:00,AWS,eu-west-1,10.66,685.9,0
2026-04-07 16:06:00,GCP,sa-east-1,70.74750416857587,259.6,0
2026-04-07 16:07:00,Azure,eu-west-1,17.12,550.41,0
2026-04-07 16:08:00,Azure,eu-west-1,17.98,813.71,0
2026-04-07 16:09:00,Azure,us-east-1,13.59,797.21,0
2026-04-07 16:10:00,AWS,us-east-1,24.32,908.89,0
2026-04-07 16:11:00,GCP,sa-east-1,88.05971328150795,910.72,0
2026-04-07 16:12:00,AWS,eu-west-1,10.22,335.34,0
2026-04-07 16:13:00,Azure,us-east-1,21.87,749.55,0
2026-04-07 16:14:00,AWS,eu-west-1,19.65,686.21,0
2026-04-07 16:15:00,Azure,ap-northeast-1,14.66,897.25,0
2026-04-07 16:16:00,Azure,ap-northeast-1,9.29,265.13,0
2026-04-07 16:17:00,Azure,sa-east-1,95.89170362861034,765.81,0
2026-04-07 16:18:00,GCP,ap-northeast-1,7.73,481.0,0
2026-04-07 16:19:00,GCP,us-east-1,22.0,455.04,0
2026-04-07 16:20:00,Azure,us-east-1,26.07,132.21,0
2026-04-07 16:21:00,AWS,sa-east-1,80.20171758111991,965.31,0
2026-04-07 16:22:00,AWS,eu-west-1,44.44,708.19,0
2026-04-07 16:23:00,GCP,us-east-1,7.4,631.63,0
2026-04-07 16:24:00,Azure,ap-northeast-1,11.08,326.05,0
2026-04-07 16:25:00,AWS,us-east-1,10.95,692.6,0
2026-04-07 16:26:00,Azure,sa-east-1,102.55554950228904,951.04,0
2026-04-07 16:27:00,AWS,ap-northeast-1,24.84,246.96,1
2026-04-07 16:28:00,GCP,ap-northeast-1,15.16,985.43,0
2026-04-07 16:29:00,Azure,ap-northeast-1,8.04,484.69,0
2026-04-07 16:30:00,Azure,sa-east-1,83.93443472980641,980.41,0
2026-04-07 16:31:00,AWS,sa-east-1,73.78112531116177,670.48,0
2026-04-07 16:32:00,AWS,eu-west-1,15.81,391.7,0
2026-04-07 16:33:00,AWS,eu-west-1,22.45,437.0,0
2026-04-07 16:34:00,Azure,eu-west-1,12.74,361.5,0
2026-04-07 16:35:00,GCP,sa-east-1,69.59915282498982,401.3,0
2026-04-07 16:36:00,GCP,ap-northeast-1,11.35,681.88,0
2026-04-07 16:37:00,AWS,ap-northeast-1,8.82,114.94,0
2026-04-07 16:38:00,GCP,us-east-1,6.88,970.87,0
2026-04-07 16:39:00,AWS,eu-west-1,26.66,791.68,0
2026-04-07 16:40:00,GCP,ap-northeast-1,5.73,946.91,0
2026-04-07 16:41:00,Azure,ap-northeast-1,13.83,745.79,0
2026-04-07 16:42:00,AWS,ap-northeast-1,14.95,532.93,0
2026-04-07 16:43:00,GCP,ap-northeast-1,7.46,270.75,0
2026-04-07 16:44:00,Azure,sa-east-1,113.72813515111275,564.69,0
2026-04-07 16:45:00,GCP,eu-west-1,6.2,740.53,0
2026-04-07 16:46:00,Azure,ap-northeast-1,9.12,868.76,0
2026-04-07 16:47:00,Azure,ap-northeast-1,19.73,391.72,0
2026-04-07 16:48:00,GCP,ap-northeast-1,6.36,559.43,0
2026-04-07 16:49:00,GCP,ap-northeast-1,18.33,657.98,0
2026-04-07 16:50:00,Azure,us-east-1,21.28,629.73,0
2026-04-07 16:51:00,Azure,ap-northeast-1,20.83,147.14,0
2026-04-07 16:52:00,Azure,ap-northeast-1,14.69,535.05,0
2026-04-07 16:53:00,AWS,ap-northeast-1,8.01,828.13,0
2026-04-07 16:54:00,Azure,us-east-1,7.43,822.07,0
2026-04-07 16:55:00,AWS,sa-east-1,82.80516232850765,556.43,0
2026-04-07 16:56:00,Azure,us-east-1,2.63,957.12,0
2026-04-07 16:57:00,AWS,ap-northeast-1,12.32,843.61,0
2026-04-07 16:58:00,Azure,sa-east-1,89.64809281398058,763.59,0
2026-04-07 16:59:00,Azure,ap-northeast-1,12.65,564.04,0
2026-04-07 17:00:00,Azure,sa-east-1,66.53705138805489,631.61,0
2026-04-07 17:01:00,GCP,ap-northeast-1,13.31,300.91,0
2026-04-07 17:02:00,GCP,ap-northeast-1,12.68,579.17,0
2026-04-07 17:03:00,Azure,sa-east-1,80.34061876968417,573.42,0
2026-04-07 17:04:00,AWS,sa-east-1,90.67824466447789,282.49,0
2026-04-07 17:05:00,AWS,ap-northeast-1,12.05,956.03,0
2026-04-07 17:06:00,Azure,us-east-1,5.14,320.28,0
2026-04-07 17:07:00,GCP,us-east-1,19.06,193.8,0
2026-04-07 17:08:00,AWS,us-east-1,10.49,520.31,0
2026-04-07 17:09:00,GCP,us-east-1,16.74,717.47,0
2026-04-07 17:10:00,AWS,sa-east-1,85.18263915933657,275.64,0
2026-04-07 17:11:00,Azure,sa-east-1,102.70598794618381,264.6,0
2026-04-07 17:12:00,GCP,us-east-1,13.81,335.32,0
2026-04-07 17:13:00,AWS,eu-west-1,15.61,372.45,0
2026-04-07 17:14:00,Azure,eu-west-1,21.87,321.58,0
2026-04-07 17:15:00,Azure,eu-west-1,19.29,523.63,0
2026-04-07 17:16:00,Azure,ap-northeast-1,22.18,116.44,0
2026-04-07 17:17:00,GCP,us-east-1,17.6,178.77,0
2026-04-07 17:18:00,GCP,ap-northeast-1,9.53,756.43,0
2026-04-07 17:19:00,Azure,sa-east-1,88.20925496379249,471.11,0
2026-04-07 17:20:00,GCP,sa-east-1,118.68936263143118,424.29,0
2026-04-07 17:21:00,AWS,eu-west-1,10.03,109.4,0
2026-04-07 17:22:00,Azure,eu-west-1,15.88,368.4,0
2026-04-07 17:23:00,Azure,sa-east-1,86.30666074105397,839.07,0
2026-04-07 17:24:00,GCP,eu-west-1,8.94,406.33,0
2026-04-07 17:25:00,Azure,eu-west-1,17.53,967.32,0
2026-04-07 17:26:00,AWS,sa-east-1,103.85946962027873,450.96,0
2026-04-07 17:27:00,GCP,ap-northeast-1,16.33,517.72,0
2026-04-07 17:28:00,GCP,eu-west-1,27.3,821.72,0
2026-04-07 17:29:00,Azure,ap-northeast-1,23.79,984.72,0
2026-04-07 17:30:00,Azure,eu-west-1,10.05,434.44,0
2026-04-07 17:31:00,Azure,us-east-1,26.76,207.94,0
2026-04-07 17:32:00,GCP,ap-northeast-1,10.89,570.75,0
2026-04-07 17:33:00,Azure,ap-northeast-1,38.25,632.58,0
2026-04-07 17:34:00,AWS,eu-west-1,12.38,963.51,0
2026-04-07 17:35:00,Azure,ap-northeast-1,16.97,472.53,0
2026-04-07 17:36:00,Azure,us-east-1,16.71,181.73,0
2026-04-07 17:37:00,GCP,sa-east-1,84.69606812691411,685.84,0
2026-04-07 17:38:00,Azure,us-east-1,24.24,119.0,0
2026-04-07 17:39:00,GCP,sa-east-1,78.40682315849577,482.88,0
2026-04-07 17:40:00,Azure,us-east-1,9.23,468.68,0
2026-04-07 17:41:00,AWS,us-east-1,8.37,329.34,0
2026-04-07 17:42:00,AWS,ap-northeast-1,9.01,967.88,0
2026-04-07 17:43:00,GCP,us-east-1,11.72,463.07,0
2026-04-07 17:44:00,GCP,eu-west-1,7.14,905.24,0
2026-04-07 17:45:00,Azure,eu-west-1,8.1,563.6,0
2026-04-07 17:46:00,Azure,eu-west-1,5.13,838.48,0
2026-04-07 17:47:00,AWS,eu-west-1,8.13,506.26,0
2026-04-07 17:48:00,Azure,ap-northeast-1,24.1,992.38,0
2026-04-07 17:49:00,AWS,eu-west-1,22.21,676.03,0
2026-04-07 17:50:00,GCP,us-east-1,13.94,240.35,0
2026-04-07 17:51:00,Azure,eu-west-1,34.92,105.79,0
2026-04-07 17:52:00,GCP,ap-northeast-1,22.36,936.01,0
2026-04-07 17:53:00,Azure,sa-east-1,102.42707575707455,718.12,0
2026-04-07 17:54:00,AWS,us-east-1,15.99,195.66,0
2026-04-07 17:55:00,GCP,us-east-1,12.74,769.14,0
2026-04-07 17:56:00,GCP,ap-northeast-1,6.49,304.43,0
2026-04-07 17:57:00,Azure,sa-east-1,88.47310792351183,828.31,0
2026-04-07 17:58:00,GCP,eu-west-1,3.33,648.93,0
2026-04-07 17:59:00,AWS,sa-east-1,85.83382032532083,211.29,0
2026-04-07 18:00:00,GCP,us-east-1,24.39,163.85,0
2026-04-07 18:01:00,GCP,us-east-1,12.66,519.51,0
2026-04-07 18:02:00,Azure,us-east-1,7.15,943.2,0
2026-04-07 18:03:00,GCP,sa-east-1,74.45695300758511,608.17,0
2026-04-07 18:04:00,Azure,eu-west-1,16.48,783.2,0
2026-04-07 18:05:00,Azure,us-east-1,26.34,522.53,0
2026-04-07 18:06:00,GCP,ap-northeast-1,29.64,445.67,0
2026-04-07 18:07:00,AWS,eu-west-1,18.0,839.99,0
2026-04-07 18:08:00,Azure,us-east-1,5.71,517.05,0
2026-04-07 18:09:00,GCP,eu-west-1,38.1,227.39,0
2026-04-07 18:10:00,Azure,ap-northeast-1,23.97,347.07,1
2026-04-07 18:11:00,AWS,sa-east-1,102.62701775247028,605.25,0
2026-04-07 18:12:00,AWS,us-east-1,12.08,462.32,0
2026-04-07 18:13:00,Azure,ap-northeast-1,5.61,429.75,0
2026-04-07 18:14:00,AWS,us-east-1,9.21,701.89,0
2026-04-07 18:15:00,GCP,us-east-1,11.88,672.69,0
2026-04-07 18:16:00,GCP,sa-east-1,74.67698376847795,382.62,0
2026-04-07 18:17:00,Azure,sa-east-1,88.83820245875647,423.48,0
2026-04-07 18:18:00,AWS,eu-west-1,11.73,776.86,0
2026-04-07 18:19:00,GCP,ap-northeast-1,8.26,929.16,0
2026-04-07 18:20:00,GCP,ap-northeast-1,15.65,391.79,0
2026-04-07 18:21:00,GCP,sa-east-1,103.37881996665818,362.69,0
2026-04-07 18:22:00,Azure,us-east-1,5.39,338.75,0
2026-04-07 18:23:00,Azure,eu-west-1,15.72,227.36,0
2026-04-07 18:24:00,GCP,sa-east-1,70.72490920584072,439.46,0
2026-04-07 18:25:00,GCP,eu-west-1,13.18,564.41,0
2026-04-07 18:26:00,AWS,eu-west-1,24.24,583.69,0
2026-04-07 18:27:00,AWS,ap-northeast-1,13.81,721.93,0
2026-04-07 18:28:00,AWS,eu-west-1,16.19,147.3,0
2026-04-07 18:29:00,Azure,ap-northeast-1,12.29,605.27,0
2026-04-07 18:30:00,GCP,us-east-1,18.27,329.49,0
2026-04-07 18:31:00,Azure,us-east-1,4.19,315.21,0
2026-04-07 18:32:00,GCP,sa-east-1,102.60225876589519,810.75,0
2026-04-07 18:33:00,AWS,us-east-1,10.04,238.13,0
2026-04-07 18:34:00,AWS,ap-northeast-1,9.59,396.19,0
2026-04-07 18:35:00,AWS,eu-west-1,8.2,673.87,0
2026-04-07 18:36:00,AWS,eu-west-1,11.69,678.59,0
2026-04-07 18:37:00,GCP,us-east-1,11.38,143.28,0
2026-04-07 18:38:00,AWS,ap-northeast-1,11.69,165.3,0
2026-04-07 18:39:00,GCP,eu-west-1,13.47,689.83,0
2026-04-07 18:40:00,GCP,us-east-1,15.63,957.84,0
2026-04-07 18:41:00,Azure,ap-northeast-1,8.26,998.65,0
2026-04-07 18:42:00,AWS,ap-northeast-1,9.38,988.4,0
2026-04-07 18:43:00,AWS,eu-west-1,19.32,416.42,0
2026-04-07 18:44:00,Azure,sa-east-1,82.63090287804553,317.63,0
2026-04-07 18:45:00,GCP,sa-east-1,67.05551021435222,188.78,0
2026-04-07 18:46:00,AWS,ap-northeast-1,8.28,393.24,0
2026-04-07 18:47:00,GCP,ap-northeast-1,11.02,349.17,0
2026-04-07 18:48:00,Azure,us-east-1,20.07,619.12,0
2026-04-07 18:49:00,GCP,ap-northeast-1,15.83,431.91,1
2026-04-07 18:50:00,AWS,us-east-1,7.87,308.38,0
2026-04-07 18:51:00,GCP,us-east-1,30.16,651.29,0
2026-04-07 18:52:00,GCP,us-east-1,8.6,390.76,0
2026-04-07 18:53:00,AWS,ap-northeast-1,5.42,418.28,0
2026-04-07 18:54:00,AWS,ap-northeast-1,30.33,638.6,0
2026-04-07 18:55:00,GCP,us-east-1,8.02,206.4,0
2026-04-07 18:56:00,GCP,eu-west-1,11.53,796.82,0
2026-04-07 18:57:00,Azure,ap-northeast-1,11.39,968.89,0
2026-04-07 18:58:00,AWS,sa-east-1,106.87994302687223,541.74,0
2026-04-07 18:59:00,GCP,eu-west-1,4.86,603.87,0
2026-04-07 19:00:00,AWS,sa-east-1,93.10483457866341,446.18,0
2026-04-07 19:01:00,Azure,ap-northeast-1,10.14,961.05,0
2026-04-07 19:02:00,GCP,eu-west-1,24.7,219.65,0
2026-04-07 19:03:00,GCP,ap-northeast-1,9.28,832.17,0
2026-04-07 19:04:00,GCP,ap-northeast-1,10.38,685.38,0
2026-04-07 19:05:00,AWS,eu-west-1,17.82,812.35,0
2026-04-07 19:06:00,Azure,ap-northeast-1,15.73,955.41,0
2026-04-07 19:07:00,AWS,eu-west-1,8.48,546.54,0
2026-04-07 19:08:00,GCP,ap-northeast-1,15.09,359.5,0
2026-04-07 19:09:00,Azure,us-east-1,8.43,801.56,0
2026-04-07 19:10:00,GCP,sa-east-1,85.54102876176906,860.11,0
2026-04-07 19:11:00,GCP,us-east-1,11.24,717.63,0
2026-04-07 19:12:00,AWS,ap-northeast-1,6.5,864.1,0
2026-04-07 19:13:00,GCP,ap-northeast-1,4.17,757.29,0
2026-04-07 19:14:00,Azure,ap-northeast-1,10.09,961.73,0
2026-04-07 19:15:00,GCP,us-east-1,8.23,613.61,0
2026-04-07 19:16:00,GCP,ap-northeast-1,10.81,442.43,0
2026-04-07 19:17:00,AWS,eu-west-1,11.89,712.47,0
2026-04-07 19:18:00,Azure,sa-east-1,69.71630365818586,162.2,0
2026-04-07 19:19:00,AWS,ap-northeast-1,8.46,548.55,0
2026-04-07 19:20:00,GCP,ap-northeast-1,11.42,796.06,0
2026-04-07 19:21:00,AWS,sa-east-1,83.85715618291673,252.07,0
2026-04-07 19:22:00,AWS,sa-east-1,74.9706731684973,460.37,0
2026-04-07 19:23:00,AWS,sa-east-1,110.25247431453039,415.26,0
2026-04-07 19:24:00,AWS,us-east-1,10.81,401.47,0
2026-04-07 19:25:00,GCP,us-east-1,11.31,685.56,0
2026-04-07 19:26:00,GCP,ap-northeast-1,9.58,547.75,0
2026-04-07 19:27:00,Azure,sa-east-1,80.84281913634278,817.58,0
2026-04-07 19:28:00,AWS,ap-northeast-1,10.05,152.06,0
2026-04-07 19:29:00,AWS,ap-northeast-1,7.51,508.52,0
2026-04-07 19:30:00,Azure,ap-northeast-1,5.31,112.6,0
2026-04-07 19:31:00,AWS,us-east-1,7.59,298.77,0
2026-04-07 19:32:00,Azure,sa-east-1,102.01336632358415,797.84,0
2026-04-07 19:33:00,GCP,ap-northeast-1,19.88,195.45,0
2026-04-07 19:34:00,Azure,us-east-1,12.46,195.02,0
2026-04-07 19:35:00,AWS,eu-west-1,12.9,461.29,0
2026-04-07 19:36:00,Azure,eu-west-1,12.2,799.25,0
2026-04-07 19:37:00,GCP,ap-northeast-1,23.1,674.22,0
2026-04-07 19:38:00,AWS,ap-northeast-1,15.7,803.58,0
2026-04-07 19:39:00,GCP,sa-east-1,98.65517313540136,144.59,0
2026-04-07 19:40:00,GCP,sa-east-1,106.12178015262333,607.35,0
2026-04-07 19:41:00,Azure,ap-northeast-1,6.49,507.96,0
2026-04-07 19:42:00,GCP,us-east-1,27.83,906.42,0
2026-04-07 19:43:00,AWS,ap-northeast-1,18.21,763.61,0
2026-04-07 19:44:00,GCP,sa-east-1,66.01706871597362,481.91,0
2026-04-07 19:45:00,GCP,sa-east-1,97.32909455597338,598.46,0
2026-04-07 19:46:00,Azure,us-east-1,12.14,482.35,0
2026-04-07 19:47:00,GCP,ap-northeast-1,8.1,497.03,0
2026-04-07 19:48:00,Azure,sa-east-1,103.63420742604342,670.67,0
2026-04-07 19:49:00,Azure,ap-northeast-1,6.42,294.88,0
2026-04-07 19:50:00,AWS,sa-east-1,102.89883414690519,399.87,0
2026-04-07 19:51:00,AWS,eu-west-1,6.68,351.24,0
2026-04-07 19:52:00,AWS,eu-west-1,8.17,820.72,0
2026-04-07 19:53:00,AWS,eu-west-1,13.46,947.75,0
2026-04-07 19:54:00,Azure,sa-east-1,72.20145962704613,472.87,0
2026-04-07 19:55:00,GCP,us-east-1,7.02,169.39,0
2026-04-07 19:56:00,AWS,eu-west-1,30.1,184.2,0
2026-04-07 19:57:00,AWS,sa-east-1,97.35992491113218,459.63,0
2026-04-07 19:58:00,AWS,ap-northeast-1,13.0,455.49,0
2026-04-07 19:59:00,GCP,eu-west-1,13.17,231.54,0
2026-04-07 20:00:00,AWS,us-east-1,13.9,826.41,0
2026-04-07 20:01:00,GCP,us-east-1,18.91,550.12,0
2026-04-07 20:02:00,Azure,us-east-1,2.65,198.15,0
2026-04-07 20:03:00,Azure,ap-northeast-1,8.27,188.85,0
2026-04-07 20:04:00,Azure,ap-northeast-1,13.14,501.37,0
2026-04-07 20:05:00,GCP,us-east-1,28.55,205.15,0
2026-04-07 20:06:00,AWS,us-east-1,9.11,605.08,0
2026-04-07 20:07:00,AWS,us-east-1,11.07,446.51,0
2026-04-07 20:08:00,AWS,ap-northeast-1,17.51,927.71,0
2026-04-07 20:09:00,AWS,ap-northeast-1,6.65,477.02,0
2026-04-07 20:10:00,AWS,sa-east-1,65.66876968873187,652.99,0
2026-04-07 20:11:00,GCP,eu-west-1,11.56,830.22,0
2026-04-07 20:12:00,Azure,ap-northeast-1,8.98,372.59,0
2026-04-07 20:13:00,AWS,us-east-1,15.67,560.7,0
2026-04-07 20:14:00,Azure,eu-west-1,35.82,208.85,0
2026-04-07 20:15:00,GCP,ap-northeast-1,13.29,489.49,0
2026-04-07 20:16:00,GCP,eu-west-1,3.99,438.24,0
2026-04-07 20:17:00,AWS,sa-east-1,81.59784276512119,485.37,0
2026-04-07 20:18:00,GCP,ap-northeast-1,25.52,196.67,0
2026-04-07 20:19:00,Azure,us-east-1,10.81,458.56,0
2026-04-07 20:20:00,AWS,us-east-1,6.78,883.24,0
2026-04-07 20:21:00,AWS,sa-east-1,71.99221183716885,943.35,0
2026-04-07 20:22:00,Azure,sa-east-1,66.34351107864896,317.55,0
2026-04-07 20:23:00,AWS,sa-east-1,101.14600908516,370.45,0
2026-04-07 20:24:00,AWS,sa-east-1,57.851551845931226,108.6,0
2026-04-07 20:25:00,Azure,sa-east-1,87.64819414152147,204.02,0
2026-04-07 20:26:00,AWS,ap-northeast-1,12.0,410.61,0
2026-04-07 20:27:00,AWS,ap-northeast-1,11.58,716.6,0
2026-04-07 20:28:00,Azure,eu-west-1,14.69,362.98,0
2026-04-07 20:29:00,GCP,sa-east-1,68.38509510575265,167.86,0
2026-04-07 20:30:00,Azure,us-east-1,7.32,757.78,0
2026-04-07 20:31:00,AWS,us-east-1,28.3,520.09,0
2026-04-07 20:32:00,Azure,sa-east-1,101.82307395898667,567.28,0
2026-04-07 20:33:00,AWS,sa-east-1,96.60834962598958,393.42,0
2026-04-07 20:34:00,AWS,sa-east-1,89.14951255574401,651.74,0
2026-04-07 20:35:00,Azure,sa-east-1,100.44691920388935,901.7,0
2026-04-07 20:36:00,AWS,sa-east-1,87.20885100180948,598.38,0
2026-04-07 20:37:00,GCP,us-east-1,16.22,628.76,0
2026-04-07 20:38:00,AWS,eu-west-1,12.48,436.21,0
2026-04-07 20:39:00,Azure,sa-east-1,161.56455693144693,174.37,0
2026-04-07 20:40:00,GCP,sa-east-1,76.99716719899617,485.69,0
2026-04-07 20:41:00,GCP,sa-east-1,103.73583413391624,932.18,0
2026-04-07 20:42:00,AWS,ap-northeast-1,7.07,712.19,0
2026-04-07 20:43:00,Azure,us-east-1,18.46,541.2,0
2026-04-07 20:44:00,AWS,us-east-1,24.82,658.79,0
2026-04-07 20:45:00,AWS,eu-west-1,10.26,602.68,0
2026-04-07 20:46:00,Azure,ap-northeast-1,8.46,921.16,0
2026-04-07 20:47:00,Azure,ap-northeast-1,11.27,301.46,0
2026-04-07 20:48:00,AWS,ap-northeast-1,8.4,899.82,0
2026-04-07 20:49:00,GCP,eu-west-1,27.26,719.62,0
2026-04-07 20:50:00,AWS,eu-west-1,11.04,214.97,0
2026-04-07 20:51:00,GCP,eu-west-1,15.18,434.71,0
2026-04-07 20:52:00,AWS,ap-northeast-1,15.4,492.67,0
2026-04-07 20:53:00,Azure,us-east-1,19.03,174.64,0
2026-04-07 20:54:00,GCP,ap-northeast-1,9.72,598.78,0
2026-04-07 20:55:00,Azure,eu-west-1,17.88,333.43,0
2026-04-07 20:56:00,Azure,ap-northeast-1,23.35,512.31,0
2026-04-07 20:57:00,Azure,sa-east-1,80.40995377202746,494.89,0
2026-04-07 20:58:00,Azure,ap-northeast-1,6.26,569.51,0
2026-04-07 20:59:00,Azure,ap-northeast-1,24.15,861.59,0
2026-04-07 21:00:00,AWS,us-east-1,13.29,802.69,0
2026-04-07 21:01:00,GCP,us-east-1,12.21,885.7,0
2026-04-07 21:02:00,AWS,us-east-1,17.09,615.11,0
2026-04-07 21:03:00,AWS,sa-east-1,75.02960391197364,654.22,0
2026-04-07 21:04:00,AWS,us-east-1,10.9,487.44,0
2026-04-07 21:05:00,Azure,sa-east-1,77.85747705839455,745.5,0
2026-04-07 21:06:00,AWS,eu-west-1,12.63,284.41,0
2026-04-07 21:07:00,GCP,us-east-1,16.64,527.67,0
2026-04-07 21:08:00,AWS,ap-northeast-1,8.99,742.76,0
2026-04-07 21:09:00,Azure,ap-northeast-1,10.73,800.09,0
2026-04-07 21:10:00,GCP,sa-east-1,103.54077240666165,323.15,0
2026-04-07 21:11:00,GCP,us-east-1,4.56,263.39,0
2026-04-07 21:12:00,GCP,ap-northeast-1,17.29,359.68,0
2026-04-07 21:13:00,GCP,eu-west-1,14.73,928.14,0
2026-04-07 21:14:00,AWS,us-east-1,27.95,216.21,0
2026-04-07 21:15:00,Azure,eu-west-1,20.15,957.79,0
2026-04-07 21:16:00,GCP,ap-northeast-1,13.31,995.33,0
2026-04-07 21:17:00,GCP,us-east-1,6.45,805.1,0
2026-04-07 21:18:00,Azure,sa-east-1,77.35606557920393,784.38,0
2026-04-07 21:19:00,AWS,ap-northeast-1,10.88,957.96,0
2026-04-07 21:20:00,GCP,eu-west-1,25.69,361.48,0
2026-04-07 21:21:00,AWS,us-east-1,18.18,216.08,0
2026-04-07 21:22:00,AWS,eu-west-1,8.19,840.79,0
2026-04-07 21:23:00,AWS,eu-west-1,14.9,253.84,0
2026-04-07 21:24:00,AWS,sa-east-1,109.16760124594518,140.87,0
2026-04-07 21:25:00,GCP,sa-east-1,76.51598673022366,276.82,0
2026-04-07 21:26:00,GCP,ap-northeast-1,16.68,494.12,0
2026-04-07 21:27:00,AWS,sa-east-1,66.75121770529923,545.59,0
2026-04-07 21:28:00,AWS,sa-east-1,73.22908789103752,156.25,0
2026-04-07 21:29:00,Azure,ap-northeast-1,18.42,499.05,0
2026-04-07 21:30:00,Azure,ap-northeast-1,13.14,643.88,0
2026-04-07 21:31:00,Azure,ap-northeast-1,10.14,938.63,0
2026-04-07 21:32:00,GCP,ap-northeast-1,25.69,304.59,0
2026-04-07 21:33:00,Azure,eu-west-1,20.74,289.87,0
2026-04-07 21:34:00,GCP,eu-west-1,12.95,450.48,0
2026-04-07 21:35:00,GCP,ap-northeast-1,5.18,985.29,0
2026-04-07 21:36:00,GCP,ap-northeast-1,21.23,402.6,0
2026-04-07 21:37:00,GCP,us-east-1,9.57,139.48,0
2026-04-07 21:38:00,Azure,us-east-1,11.26,339.05,0
2026-04-07 21:39:00,AWS,us-east-1,10.47,602.47,0
2026-04-07 21:40:00,AWS,sa-east-1,90.71245653509453,471.29,0
2026-04-07 21:41:00,AWS,eu-west-1,15.28,796.8,0
2026-04-07 21:42:00,Azure,eu-west-1,7.99,646.54,0
2026-04-07 21:43:00,AWS,us-east-1,14.88,603.51,0
2026-04-07 21:44:00,Azure,us-east-1,7.63,390.69,0
2026-04-07 21:45:00,Azure,eu-west-1,9.71,596.66,0
2026-04-07 21:46:00,Azure,sa-east-1,91.03380382956492,654.03,0
2026-04-07 21:47:00,AWS,us-east-1,12.96,261.28,0
2026-04-07 21:48:00,AWS,ap-northeast-1,16.62,762.28,0
2026-04-07 21:49:00,AWS,us-east-1,17.26,453.64,0
2026-04-07 21:50:00,GCP,eu-west-1,23.72,768.05,0
2026-04-07 21:51:00,Azure,eu-west-1,12.18,259.94,0
2026-04-07 21:52:00,GCP,us-east-1,22.28,690.87,0
2026-04-07 21:53:00,Azure,us-east-1,10.37,124.19,0
2026-04-07 21:54:00,AWS,ap-northeast-1,17.97,243.07,0
2026-04-07 21:55:00,Azure,ap-northeast-1,21.37,902.01,0
2026-04-07 21:56:00,Azure,sa-east-1,101.84478207946007,515.32,0
2026-04-07 21:57:00,GCP,sa-east-1,61.43185059100886,557.08,0
2026-04-07 21:58:00,Azure,ap-northeast-1,2.53,916.82,0
2026-04-07 21:59:00,AWS,sa-east-1,107.42907426926158,536.44,0
2026-04-07 22:00:00,Azure,sa-east-1,107.31935909315784,689.13,0
2026-04-07 22:01:00,Azure,us-east-1,14.02,299.76,0
2026-04-07 22:02:00,Azure,ap-northeast-1,12.75,173.42,0
2026-04-07 22:03:00,GCP,us-east-1,10.28,418.02,0
2026-04-07 22:04:00,Azure,us-east-1,16.22,818.81,0
2026-04-07 22:05:00,Azure,sa-east-1,71.6974993562812,502.15,0
2026-04-07 22:06:00,GCP,us-east-1,11.56,251.34,0
2026-04-07 22:07:00,GCP,eu-west-1,12.36,590.59,0
2026-04-07 22:08:00,GCP,sa-east-1,97.88683334152005,337.46,0
2026-04-07 22:09:00,GCP,eu-west-1,9.05,952.0,0
2026-04-07 22:10:00,AWS,sa-east-1,68.47825427727037,619.67,0
2026-04-07 22:11:00,AWS,us-east-1,6.93,984.67,0
2026-04-07 22:12:00,Azure,sa-east-1,68.56366406220071,138.77,0
2026-04-07 22:13:00,AWS,eu-west-1,25.59,110.4,0
2026-04-07 22:14:00,Azure,sa-east-1,73.24840261998483,529.39,0
2026-04-07 22:15:00,AWS,eu-west-1,8.68,875.8,0
2026-04-07 22:16:00,GCP,ap-northeast-1,13.48,571.97,0
2026-04-07 22:17:00,GCP,us-east-1,7.23,888.57,0
2026-04-07 22:18:00,AWS,eu-west-1,11.1,217.51,0
2026-04-07 22:19:00,AWS,ap-northeast-1,9.92,729.39,0
2026-04-07 22:20:00,Azure,us-east-1,6.29,693.89,0
2026-04-07 22:21:00,Azure,ap-northeast-1,21.04,590.47,0
2026-04-07 22:22:00,Azure,eu-west-1,10.09,464.59,0
2026-04-07 22:23:00,GCP,us-east-1,11.95,682.36,0
2026-04-07 22:24:00,GCP,ap-northeast-1,17.26,595.08,0
2026-04-07 22:25:00,GCP,eu-west-1,14.53,345.36,0
2026-04-07 22:26:00,GCP,ap-northeast-1,12.66,194.15,0
2026-04-07 22:27:00,Azure,us-east-1,10.82,447.98,0
2026-04-07 22:28:00,GCP,us-east-1,17.53,561.19,0
2026-04-07 22:29:00,GCP,us-east-1,12.14,557.66,0
2026-04-07 22:30:00,GCP,eu-west-1,13.09,483.02,0
2026-04-07 22:31:00,GCP,ap-northeast-1,21.25,394.62,0
2026-04-07 22:32:00,AWS,ap-northeast-1,21.86,415.44,0
2026-04-07 22:33:00,Azure,eu-west-1,13.93,339.26,0
2026-04-07 22:34:00,Azure,us-east-1,12.84,621.92,0
2026-04-07 22:35:00,GCP,sa-east-1,92.97600437600866,864.9,0
2026-04-07 22:36:00,AWS,us-east-1,10.74,891.72,0
2026-04-07 22:37:00,Azure,sa-east-1,105.05500935797086,994.35,0
2026-04-07 22:38:00,Azure,us-east-1,11.81,179.94,0
2026-04-07 22:39:00,GCP,eu-west-1,7.32,292.83,0
2026-04-07 22:40:00,GCP,sa-east-1,130.6202167104816,757.19,0
2026-04-07 22:41:00,Azure,eu-west-1,9.98,680.72,0
2026-04-07 22:42:00,Azure,sa-east-1,72.55917075198204,220.48,0
2026-04-07 22:43:00,AWS,ap-northeast-1,12.08,667.92,0
2026-04-07 22:44:00,Azure,sa-east-1,92.67599081942467,465.82,0
2026-04-07 22:45:00,Azure,sa-east-1,67.5942317726412,961.17,0
2026-04-07 22:46:00,GCP,sa-east-1,85.4824246621952,869.72,0
2026-04-07 22:47:00,Azure,ap-northeast-1,7.96,165.92,0
2026-04-07 22:48:00,GCP,eu-west-1,22.36,180.99,0
2026-04-07 22:49:00,Azure,ap-northeast-1,16.96,475.35,0
2026-04-07 22:50:00,Azure,sa-east-1,84.12629284202521,107.53,0
2026-04-07 22:51:00,Azure,us-east-1,12.27,184.95,0
2026-04-07 22:52:00,AWS,ap-northeast-1,6.08,939.34,0
2026-04-07 22:53:00,GCP,us-east-1,8.17,813.19,0
2026-04-07 22:54:00,AWS,ap-northeast-1,19.31,705.44,0
2026-04-07 22:55:00,Azure,ap-northeast-1,3.51,847.21,0
2026-04-07 22:56:00,AWS,sa-east-1,111.12895107259925,325.05,0
2026-04-07 22:57:00,GCP,eu-west-1,14.72,753.01,0
2026-04-07 22:58:00,Azure,eu-west-1,11.7,654.01,0
2026-04-07 22:59:00,AWS,sa-east-1,111.96520999640694,863.78,0
2026-04-07 23:00:00,AWS,ap-northeast-1,47.06,354.42,0
2026-04-07 23:01:00,GCP,eu-west-1,6.27,787.34,0
2026-04-07 23:02:00,AWS,eu-west-1,28.41,867.39,1
2026-04-07 23:03:00,GCP,eu-west-1,19.75,594.11,0
2026-04-07 23:04:00,Azure,sa-east-1,59.94499675419463,472.41,0
2026-04-07 23:05:00,Azure,us-east-1,15.84,953.79,0
2026-04-07 23:06:00,AWS,us-east-1,6.99,252.07,0
2026-04-07 23:07:00,Azure,us-east-1,9.52,132.65,0
2026-04-07 23:08:00,Azure,us-east-1,4.25,261.23,0
2026-04-07 23:09:00,AWS,us-east-1,6.21,715.11,0
2026-04-07 23:10:00,Azure,eu-west-1,14.74,810.05,0
2026-04-07 23:11:00,AWS,eu-west-1,15.41,745.14,1
2026-04-07 23:12:00,GCP,ap-northeast-1,15.33,477.88,0
2026-04-07 23:13:00,GCP,eu-west-1,16.74,970.82,0
2026-04-07 23:14:00,GCP,sa-east-1,97.39076972639447,499.87,0
2026-04-07 23:15:00,AWS,ap-northeast-1,17.1,983.17,0
2026-04-07 23:16:00,AWS,eu-west-1,20.83,926.3,0
2026-04-07 23:17:00,Azure,ap-northeast-1,13.78,466.43,0
2026-04-07 23:18:00,Azure,ap-northeast-1,9.8,244.91,0
2026-04-07 23:19:00,Azure,us-east-1,11.33,180.85,0
2026-04-07 23:20:00,Azure,ap-northeast-1,8.02,578.33,0
2026-04-07 23:21:00,Azure,eu-west-1,18.65,786.89,0
2026-04-07 23:22:00,AWS,us-east-1,5.46,258.44,0
2026-04-07 23:23:00,AWS,eu-west-1,11.25,386.39,0
2026-04-07 23:24:00,GCP,us-east-1,16.19,667.48,0
2026-04-07 23:25:00,GCP,eu-west-1,7.32,514.78,0
2026-04-07 23:26:00,GCP,us-east-1,6.06,643.48,0
2026-04-07 23:27:00,GCP,us-east-1,3.9,708.73,0
2026-04-07 23:28:00,AWS,sa-east-1,81.0779518718027,442.63,0
2026-04-07 23:29:00,AWS,eu-west-1,6.88,807.37,0
2026-04-07 23:30:00,AWS,ap-northeast-1,18.89,732.58,0
2026-04-07 23:31:00,Azure,us-east-1,5.61,718.8,0
2026-04-07 23:32:00,Azure,eu-west-1,15.87,234.54,0
2026-04-07 23:33:00,GCP,us-east-1,6.35,526.81,0
2026-04-07 23:34:00,Azure,sa-east-1,80.46768963483214,619.46,0
2026-04-07 23:35:00,AWS,sa-east-1,67.76214720269664,303.75,0
2026-04-07 23:36:00,GCP,sa-east-1,72.57348264721752,782.71,0
2026-04-07 23:37:00,GCP,sa-east-1,98.44951087844206,208.97,0
2026-04-07 23:38:00,Azure,ap-northeast-1,21.56,234.87,0
2026-04-07 23:39:00,GCP,ap-northeast-1,13.48,471.99,0
2026-04-07 23:40:00,Azure,us-east-1,9.4,221.81,0
2026-04-07 23:41:00,Azure,eu-west-1,7.2,110.48,0
2026-04-07 23:42:00,GCP,sa-east-1,93.10140122930352,470.26,0
2026-04-07 23:43:00,Azure,sa-east-1,103.09487625202092,683.7,0
2026-04-07 23:44:00,Azure,ap-northeast-1,9.1,545.62,0
2026-04-07 23:45:00,Azure,ap-northeast-1,25.17,146.96,0
2026-04-07 23:46:00,Azure,sa-east-1,80.98510315736186,309.22,0
2026-04-07 23:47:00,GCP,eu-west-1,11.36,571.91,0
2026-04-07 23:48:00,AWS,us-east-1,22.02,764.28,0
2026-04-07 23:49:00,AWS,us-east-1,8.97,814.53,0
2026-04-07 23:50:00,Azure,us-east-1,37.47,567.43,0
2026-04-07 23:51:00,Azure,us-east-1,6.32,681.51,0
2026-04-07 23:52:00,Azure,eu-west-1,7.71,913.08,0
2026-04-07 23:53:00,AWS,eu-west-1,23.49,158.68,0
2026-04-07 23:54:00,Azure,eu-west-1,10.54,189.26,0
2026-04-07 23:55:00,GCP,ap-northeast-1,24.19,512.07,0
2026-04-07 23:56:00,GCP,sa-east-1,80.07163109330749,648.76,0
2026-04-07 23:57:00,GCP,eu-west-1,16.94,104.17,0
2026-04-07 23:58:00,AWS,us-east-1,8.61,507.29,0
2026-04-07 23:59:00,Azure,eu-west-1,11.73,255.48,0
2026-04-08 00:00:00,Azure,sa-east-1,93.53729079717432,680.59,0
2026-04-08 00:01:00,Azure,ap-northeast-1,11.89,340.96,0
2026-04-08 00:02:00,AWS,us-east-1,7.85,911.74,0
2026-04-08 00:03:00,AWS,ap-northeast-1,34.34,157.46,0
2026-04-08 00:04:00,AWS,eu-west-1,10.38,828.29,0
2026-04-08 00:05:00,AWS,us-east-1,6.69,453.09,0
2026-04-08 00:06:00,GCP,us-east-1,17.22,871.44,0
2026-04-08 00:07:00,AWS,eu-west-1,6.66,833.61,0
2026-04-08 00:08:00,AWS,eu-west-1,18.89,315.36,0
2026-04-08 00:09:00,AWS,sa-east-1,72.05737824684306,145.51,0
2026-04-08 00:10:00,Azure,eu-west-1,11.95,725.97,0
2026-04-08 00:11:00,Azure,eu-west-1,11.08,283.96,0
2026-04-08 00:12:00,Azure,eu-west-1,10.73,937.46,0
2026-04-08 00:13:00,GCP,us-east-1,12.57,160.51,0
2026-04-08 00:14:00,GCP,sa-east-1,107.11067202470944,391.58,0
2026-04-08 00:15:00,AWS,us-east-1,7.06,111.38,0
2026-04-08 00:16:00,Azure,eu-west-1,12.42,385.32,0
2026-04-08 00:17:00,GCP,sa-east-1,91.86481535330036,587.13,0
2026-04-08 00:18:00,Azure,eu-west-1,6.43,689.38,0
2026-04-08 00:19:00,GCP,us-east-1,16.56,753.79,0
2026-04-08 00:20:00,GCP,us-east-1,12.08,850.11,0
2026-04-08 00:21:00,AWS,eu-west-1,7.08,199.71,0
2026-04-08 00:22:00,AWS,sa-east-1,71.6896158315925,785.69,0
2026-04-08 00:23:00,GCP,us-east-1,11.33,350.53,0
2026-04-08 00:24:00,AWS,eu-west-1,7.28,224.42,0
2026-04-08 00:25:00,GCP,ap-northeast-1,59.22,339.09,0
2026-04-08 00:26:00,GCP,eu-west-1,12.14,872.19,0
2026-04-08 00:27:00,Azure,eu-west-1,10.91,664.65,0
2026-04-08 00:28:00,AWS,sa-east-1,130.8806000624257,637.64,0
2026-04-08 00:29:00,AWS,eu-west-1,15.31,626.17,0
2026-04-08 00:30:00,AWS,ap-northeast-1,22.3,467.76,0
2026-04-08 00:31:00,Azure,eu-west-1,12.77,475.3,0
2026-04-08 00:32:00,Azure,ap-northeast-1,12.58,233.49,0
2026-04-08 00:33:00,Azure,us-east-1,7.94,399.35,0
2026-04-08 00:34:00,AWS,eu-west-1,17.02,560.83,0
2026-04-08 00:35:00,AWS,sa-east-1,129.92839770169272,645.42,0
2026-04-08 00:36:00,AWS,eu-west-1,26.8,164.47,0
2026-04-08 00:37:00,Azure,ap-northeast-1,6.65,400.43,0
2026-04-08 00:38:00,Azure,ap-northeast-1,30.87,405.48,0
2026-04-08 00:39:00,GCP,sa-east-1,70.51467682825894,563.56,0
2026-04-08 00:40:00,Azure,ap-northeast-1,7.61,739.03,0
2026-04-08 00:41:00,GCP,eu-west-1,7.82,671.71,0
2026-04-08 00:42:00,AWS,ap-northeast-1,10.02,613.8,0
2026-04-08 00:43:00,Azure,eu-west-1,4.64,362.28,0
2026-04-08 00:44:00,AWS,eu-west-1,12.51,855.15,0
2026-04-08 00:45:00,AWS,ap-northeast-1,10.7,806.76,0
2026-04-08 00:46:00,AWS,sa-east-1,103.56524419026952,265.25,0
2026-04-08 00:47:00,AWS,us-east-1,9.51,689.62,0
2026-04-08 00:48:00,Azure,sa-east-1,104.36320926198698,915.99,0
2026-04-08 00:49:00,AWS,us-east-1,10.7,492.04,0
2026-04-08 00:50:00,GCP,sa-east-1,83.46654077013235,932.29,0
2026-04-08 00:51:00,Azure,eu-west-1,7.35,119.77,0
2026-04-08 00:52:00,AWS,eu-west-1,7.86,564.62,1
2026-04-08 00:53:00,Azure,ap-northeast-1,15.29,330.64,0
2026-04-08 00:54:00,GCP,us-east-1,6.56,335.94,0
2026-04-08 00:55:00,AWS,us-east-1,13.64,889.79,0
2026-04-08 00:56:00,GCP,ap-northeast-1,15.21,380.35,1
2026-04-08 00:57:00,AWS,sa-east-1,70.91647931114126,121.0,0
2026-04-08 00:58:00,GCP,ap-northeast-1,8.37,585.72,0
2026-04-08 00:59:00,AWS,sa-east-1,91.87567394175194,973.78,0
2026-04-08 01:00:00,Azure,ap-northeast-1,8.2,171.19,0
2026-04-08 01:01:00,AWS,us-east-1,16.18,357.67,1
2026-04-08 01:02:00,Azure,us-east-1,18.53,522.55,0
2026-04-08 01:03:00,AWS,sa-east-1,110.11295476878844,847.43,0
2026-04-08 01:04:00,AWS,us-east-1,8.96,342.01,0
2026-04-08 01:05:00,GCP,us-east-1,12.64,409.32,0
2026-04-08 01:06:00,GCP,us-east-1,8.09,446.05,0
2026-04-08 01:07:00,GCP,us-east-1,13.32,441.67,0
2026-04-08 01:08:00,AWS,eu-west-1,17.7,280.31,0
2026-04-08 01:09:00,AWS,ap-northeast-1,9.65,924.1,0
2026-04-08 01:10:00,AWS,ap-northeast-1,8.15,813.62,0
2026-04-08 01:11:00,Azure,eu-west-1,9.55,978.08,0
2026-04-08 01:12:00,Azure,us-east-1,20.98,433.89,0
2026-04-08 01:13:00,AWS,ap-northeast-1,49.19,140.77,0
2026-04-08 01:14:00,GCP,ap-northeast-1,16.85,203.95,0
2026-04-08 01:15:00,GCP,ap-northeast-1,11.74,421.74,0
2026-04-08 01:16:00,GCP,sa-east-1,92.25377612769329,919.96,0
2026-04-08 01:17:00,AWS,eu-west-1,7.26,982.98,0
2026-04-08 01:18:00,GCP,sa-east-1,90.32068790154109,839.8,0
2026-04-08 01:19:00,AWS,sa-east-1,63.51147383882633,314.58,0
2026-04-08 01:20:00,Azure,eu-west-1,20.31,693.73,0
2026-04-08 01:21:00,GCP,ap-northeast-1,9.01,636.95,0
2026-04-08 01:22:00,Azure,sa-east-1,121.03876019440801,840.93,0
2026-04-08 01:23:00,GCP,ap-northeast-1,9.93,558.77,0
2026-04-08 01:24:00,AWS,sa-east-1,74.92503943235775,386.32,0
2026-04-08 01:25:00,AWS,ap-northeast-1,17.06,117.35,0
2026-04-08 01:26:00,AWS,us-east-1,18.61,815.52,0
2026-04-08 01:27:00,AWS,us-east-1,11.77,577.22,0
2026-04-08 01:28:00,GCP,us-east-1,8.74,580.77,0
2026-04-08 01:29:00,Azure,eu-west-1,20.18,961.36,0
2026-04-08 01:30:00,AWS,us-east-1,29.86,537.6,0
2026-04-08 01:31:00,GCP,sa-east-1,67.95683965239829,384.22,0
2026-04-08 01:32:00,Azure,ap-northeast-1,15.45,405.85,0
2026-04-08 01:33:00,AWS,ap-northeast-1,15.42,110.57,0
2026-04-08 01:34:00,Azure,ap-northeast-1,13.24,210.12,0
2026-04-08 01:35:00,AWS,ap-northeast-1,24.92,139.43,0
2026-04-08 01:36:00,Azure,sa-east-1,80.8073865871102,318.93,0
2026-04-08 01:37:00,Azure,ap-northeast-1,21.1,158.19,0
2026-04-08 01:38:00,AWS,sa-east-1,85.63110905214302,398.0,0
2026-04-08 01:39:00,GCP,sa-east-1,56.54892580752257,213.52,0
2026-04-08 01:40:00,Azure,ap-northeast-1,5.88,926.13,0
2026-04-08 01:41:00,AWS,ap-northeast-1,12.4,944.55,0
2026-04-08 01:42:00,Azure,ap-northeast-1,22.42,643.11,0
2026-04-08 01:43:00,Azure,sa-east-1,75.03490487401874,824.94,0
2026-04-08 01:44:00,GCP,eu-west-1,12.84,709.49,0
2026-04-08 01:45:00,Azure,sa-east-1,63.126268921499275,830.0,0
2026-04-08 01:46:00,Azure,eu-west-1,6.66,675.83,0
2026-04-08 01:47:00,AWS,ap-northeast-1,15.03,487.17,0
2026-04-08 01:48:00,AWS,sa-east-1,63.91481047434686,886.38,0
2026-04-08 01:49:00,GCP,ap-northeast-1,19.8,494.26,0
2026-04-08 01:50:00,Azure,eu-west-1,10.32,456.59,0
2026-04-08 01:51:00,Azure,eu-west-1,8.28,661.94,0
2026-04-08 01:52:00,Azure,sa-east-1,109.47232920426708,944.14,0
2026-04-08 01:53:00,GCP,sa-east-1,73.99745943159871,497.98,0
2026-04-08 01:54:00,Azure,sa-east-1,98.3860651661273,617.45,0
2026-04-08 01:55:00,AWS,sa-east-1,104.64681213448242,543.1,0
2026-04-08 01:56:00,GCP,us-east-1,13.08,918.76,0
2026-04-08 01:57:00,AWS,us-east-1,19.56,709.07,0
2026-04-08 01:58:00,AWS,ap-northeast-1,17.99,477.63,0
2026-04-08 01:59:00,GCP,eu-west-1,20.94,646.21,0
2026-04-08 02:00:00,AWS,eu-west-1,28.23,240.45,0
2026-04-08 02:01:00,Azure,ap-northeast-1,13.06,407.75,0
2026-04-08 02:02:00,GCP,ap-northeast-1,4.04,762.56,0
2026-04-08 02:03:00,AWS,ap-northeast-1,18.74,606.15,0
2026-04-08 02:04:00,Azure,us-east-1,22.19,382.85,0
2026-04-08 02:05:00,Azure,ap-northeast-1,10.87,426.07,0
2026-04-08 02:06:00,AWS,eu-west-1,4.44,828.8,0
2026-04-08 02:07:00,Azure,ap-northeast-1,20.49,586.79,0
2026-04-08 02:08:00,GCP,sa-east-1,97.36424632443277,314.88,0
2026-04-08 02:09:00,AWS,eu-west-1,6.25,367.13,0
2026-04-08 02:10:00,Azure,eu-west-1,10.66,521.1,0
2026-04-08 02:11:00,Azure,eu-west-1,12.15,786.55,0
2026-04-08 02:12:00,AWS,us-east-1,10.66,997.7,0
2026-04-08 02:13:00,AWS,us-east-1,9.46,267.18,0
2026-04-08 02:14:00,AWS,eu-west-1,19.61,779.44,0
2026-04-08 02:15:00,AWS,sa-east-1,106.8357979925097,655.5,0
2026-04-08 02:16:00,GCP,eu-west-1,32.01,578.07,0
2026-04-08 02:17:00,AWS,us-east-1,7.38,969.81,0
2026-04-08 02:18:00,GCP,sa-east-1,98.2809186478602,390.48,0
2026-04-08 02:19:00,GCP,eu-west-1,13.4,259.28,0
2026-04-08 02:20:00,AWS,us-east-1,14.7,889.84,0
2026-04-08 02:21:00,GCP,sa-east-1,100.55144696718918,161.82,0
2026-04-08 02:22:00,AWS,ap-northeast-1,11.88,835.41,0
2026-04-08 02:23:00,AWS,ap-northeast-1,11.12,630.31,0
2026-04-08 02:24:00,Azure,eu-west-1,8.61,247.6,0
2026-04-08 02:25:00,AWS,ap-northeast-1,6.8,304.63,0
2026-04-08 02:26:00,Azure,us-east-1,8.88,240.26,0
2026-04-08 02:27:00,GCP,sa-east-1,107.80291863039344,746.5,0
2026-04-08 02:28:00,Azure,eu-west-1,11.88,232.58,0
2026-04-08 02:29:00,GCP,sa-east-1,98.94624754450021,713.23,0
2026-04-08 02:30:00,AWS,sa-east-1,71.77137369539898,215.34,0
2026-04-08 02:31:00,GCP,sa-east-1,75.82153939058499,822.04,0
2026-04-08 02:32:00,GCP,us-east-1,13.3,927.54,0
2026-04-08 02:33:00,AWS,eu-west-1,7.41,603.38,0
2026-04-08 02:34:00,GCP,ap-northeast-1,12.54,969.57,0
2026-04-08 02:35:00,AWS,sa-east-1,81.26675337996372,451.34,0
2026-04-08 02:36:00,Azure,sa-east-1,76.27633100146988,320.14,0
2026-04-08 02:37:00,AWS,sa-east-1,113.87314124775122,259.57,0
2026-04-08 02:38:00,AWS,us-east-1,18.62,531.07,0
2026-04-08 02:39:00,GCP,ap-northeast-1,15.69,217.67,0
2026-04-08 02:40:00,Azure,sa-east-1,73.60666457842207,888.21,0
2026-04-08 02:41:00,AWS,us-east-1,11.24,806.29,0
2026-04-08 02:42:00,Azure,us-east-1,11.64,605.91,0
2026-04-08 02:43:00,Azure,sa-east-1,92.43142752380643,749.32,0
2026-04-08 02:44:00,GCP,sa-east-1,98.92839789554053,144.99,0
2026-04-08 02:45:00,AWS,us-east-1,10.53,283.17,0
2026-04-08 02:46:00,GCP,us-east-1,8.28,659.09,0
2026-04-08 02:47:00,AWS,sa-east-1,80.17152965106118,529.72,0
2026-04-08 02:48:00,Azure,us-east-1,8.13,644.16,0
2026-04-08 02:49:00,AWS,us-east-1,36.23,180.07,0
2026-04-08 02:50:00,AWS,sa-east-1,72.9881291530176,687.18,0
2026-04-08 02:51:00,Azure,sa-east-1,71.28356897599485,823.25,0
2026-04-08 02:52:00,Azure,eu-west-1,15.76,591.65,0
2026-04-08 02:53:00,AWS,ap-northeast-1,16.92,421.67,0
2026-04-08 02:54:00,GCP,sa-east-1,62.46339133929614,257.18,0
2026-04-08 02:55:00,AWS,sa-east-1,101.94588233922337,338.82,0
2026-04-08 02:56:00,Azure,sa-east-1,99.17730655072751,570.28,0
2026-04-08 02:57:00,GCP,ap-northeast-1,25.8,329.97,0
2026-04-08 02:58:00,Azure,eu-west-1,15.07,800.15,0
2026-04-08 02:59:00,Azure,us-east-1,29.28,218.57,0
2026-04-08 03:00:00,GCP,ap-northeast-1,16.45,564.78,0
2026-04-08 03:01:00,Azure,sa-east-1,107.38924129306369,546.37,0
2026-04-08 03:02:00,Azure,sa-east-1,103.87170129137857,225.0,0
2026-04-08 03:03:00,Azure,eu-west-1,13.05,995.49,0
2026-04-08 03:04:00,Azure,eu-west-1,15.94,840.82,0
2026-04-08 03:05:00,Azure,eu-west-1,12.74,447.88,0
2026-04-08 03:06:00,Azure,us-east-1,9.3,716.42,0
2026-04-08 03:07:00,Azure,ap-northeast-1,11.25,744.92,0
2026-04-08 03:08:00,Azure,ap-northeast-1,17.39,686.03,0
2026-04-08 03:09:00,Azure,eu-west-1,19.81,489.24,0
2026-04-08 03:10:00,AWS,us-east-1,4.44,896.6,0
2026-04-08 03:11:00,AWS,ap-northeast-1,14.3,794.4,0
2026-04-08 03:12:00,Azure,sa-east-1,94.35569886425938,587.82,0
2026-04-08 03:13:00,AWS,sa-east-1,68.23930329745076,102.31,0
2026-04-08 03:14:00,GCP,sa-east-1,82.41815789626193,301.04,0
2026-04-08 03:15:00,AWS,ap-northeast-1,30.06,557.94,0
2026-04-08 03:16:00,Azure,eu-west-1,25.56,909.04,0
2026-04-08 03:17:00,Azure,sa-east-1,74.66821539245254,665.76,0
2026-04-08 03:18:00,AWS,eu-west-1,14.33,476.08,0
2026-04-08 03:19:00,Azure,us-east-1,8.8,143.12,0
2026-04-08 03:20:00,GCP,sa-east-1,103.17674891557768,637.55,0
2026-04-08 03:21:00,GCP,us-east-1,10.74,415.68,0
2026-04-08 03:22:00,Azure,eu-west-1,4.01,583.64,0
2026-04-08 03:23:00,GCP,ap-northeast-1,4.35,789.8,0
2026-04-08 03:24:00,GCP,eu-west-1,12.71,823.37,0
2026-04-08 03:25:00,AWS,sa-east-1,85.55748122252521,877.85,0
2026-04-08 03:26:00,GCP,sa-east-1,73.0317255536093,672.44,0
2026-04-08 03:27:00,AWS,eu-west-1,6.52,915.06,0
2026-04-08 03:28:00,Azure,sa-east-1,105.92488018814824,721.57,0
2026-04-08 03:29:00,AWS,sa-east-1,95.67178135336937,805.52,0
2026-04-08 03:30:00,Azure,us-east-1,10.16,716.93,0
2026-04-08 03:31:00,Azure,ap-northeast-1,9.47,884.68,0
2026-04-08 03:32:00,Azure,eu-west-1,22.61,300.6,0
2026-04-08 03:33:00,Azure,us-east-1,10.94,783.9,0
2026-04-08 03:34:00,Azure,sa-east-1,71.09551452087047,205.44,0
2026-04-08 03:35:00,AWS,us-east-1,15.34,182.79,0
2026-04-08 03:36:00,Azure,ap-northeast-1,7.8,542.46,0
2026-04-08 03:37:00,GCP,eu-west-1,7.42,370.21,0
2026-04-08 03:38:00,GCP,ap-northeast-1,6.21,607.02,0
2026-04-08 03:39:00,Azure,ap-northeast-1,7.35,709.96,0
2026-04-08 03:40:00,GCP,us-east-1,18.42,303.91,0
2026-04-08 03:41:00,AWS,us-east-1,8.08,729.93,0
2026-04-08 03:42:00,AWS,ap-northeast-1,11.37,995.91,0
2026-04-08 03:43:00,Azure,sa-east-1,87.85375419672376,783.96,0
2026-04-08 03:44:00,Azure,eu-west-1,14.73,256.41,0
2026-04-08 03:45:00,Azure,sa-east-1,87.48178151759517,670.33,0
2026-04-08 03:46:00,GCP,sa-east-1,118.8592036030509,108.54,0
2026-04-08 03:47:00,GCP,eu-west-1,24.98,522.75,0
2026-04-08 03:48:00,AWS,us-east-1,12.03,579.98,0
2026-04-08 03:49:00,GCP,sa-east-1,94.30993357916059,975.14,0
2026-04-08 03:50:00,AWS,us-east-1,7.93,763.48,0
2026-04-08 03:51:00,GCP,eu-west-1,14.27,735.36,0
2026-04-08 03:52:00,AWS,sa-east-1,69.72565644225135,579.16,0
2026-04-08 03:53:00,Azure,us-east-1,10.71,561.86,0
2026-04-08 03:54:00,GCP,us-east-1,21.12,992.87,0
2026-04-08 03:55:00,AWS,sa-east-1,84.72625106692794,119.14,0
2026-04-08 03:56:00,GCP,eu-west-1,19.93,372.89,0
2026-04-08 03:57:00,Azure,ap-northeast-1,12.19,220.41,0
2026-04-08 03:58:00,AWS,us-east-1,9.18,383.47,0
2026-04-08 03:59:00,GCP,eu-west-1,17.56,517.26,0
2026-04-08 04:00:00,GCP,sa-east-1,83.62569187792793,407.74,0
2026-04-08 04:01:00,Azure,us-east-1,18.99,966.43,0
2026-04-08 04:02:00,Azure,us-east-1,52.1,712.53,0
2026-04-08 04:03:00,AWS,us-east-1,7.64,755.24,0
2026-04-08 04:04:00,GCP,eu-west-1,18.92,768.06,0
2026-04-08 04:05:00,GCP,us-east-1,16.76,909.3,0
2026-04-08 04:06:00,Azure,us-east-1,29.66,791.22,0
2026-04-08 04:07:00,Azure,sa-east-1,88.9121822152783,114.58,0
2026-04-08 04:08:00,AWS,us-east-1,26.75,335.26,0
2026-04-08 04:09:00,GCP,eu-west-1,7.45,990.19,0
2026-04-08 04:10:00,GCP,sa-east-1,63.43065907300384,686.91,0
2026-04-08 04:11:00,AWS,ap-northeast-1,7.61,161.31,0
2026-04-08 04:12:00,AWS,sa-east-1,80.0268823271693,519.97,0
2026-04-08 04:13:00,Azure,us-east-1,24.32,982.75,0
2026-04-08 04:14:00,Azure,ap-northeast-1,27.19,993.55,0
2026-04-08 04:15:00,AWS,sa-east-1,83.65448642644813,489.2,0
2026-04-08 04:16:00,AWS,us-east-1,11.52,903.75,0
2026-04-08 04:17:00,GCP,sa-east-1,67.72366020854598,632.79,0
2026-04-08 04:18:00,AWS,eu-west-1,12.63,558.49,0
2026-04-08 04:19:00,AWS,us-east-1,11.03,470.75,0
2026-04-08 04:20:00,GCP,eu-west-1,11.05,902.92,0
2026-04-08 04:21:00,AWS,us-east-1,21.99,659.01,0
2026-04-08 04:22:00,Azure,eu-west-1,14.92,400.42,0
2026-04-08 04:23:00,Azure,ap-northeast-1,6.34,542.74,0
2026-04-08 04:24:00,GCP,eu-west-1,3.4,499.67,0
2026-04-08 04:25:00,AWS,sa-east-1,94.84278696892666,506.04,0
2026-04-08 04:26:00,Azure,us-east-1,13.68,380.45,0
2026-04-08 04:27:00,Azure,sa-east-1,75.77408165110725,669.66,0
2026-04-08 04:28:00,Azure,eu-west-1,13.68,147.01,0
2026-04-08 04:29:00,Azure,us-east-1,6.87,897.55,0
2026-04-08 04:30:00,AWS,eu-west-1,11.08,473.86,0
2026-04-08 04:31:00,AWS,ap-northeast-1,10.46,820.78,0
2026-04-08 04:32:00,AWS,ap-northeast-1,11.7,756.54,0
2026-04-08 04:33:00,AWS,ap-northeast-1,18.9,524.67,0
2026-04-08 04:34:00,Azure,eu-west-1,9.13,278.84,0
2026-04-08 04:35:00,GCP,eu-west-1,6.83,605.99,0
2026-04-08 04:36:00,GCP,ap-northeast-1,23.81,953.27,0
2026-04-08 04:37:00,Azure,eu-west-1,8.46,267.2,0
2026-04-08 04:38:00,Azure,sa-east-1,77.74591274639832,330.41,0
2026-04-08 04:39:00,GCP,eu-west-1,35.72,993.7,0
2026-04-08 04:40:00,GCP,sa-east-1,125.07925950767199,903.31,0
2026-04-08 04:41:00,Azure,ap-northeast-1,16.98,594.59,0
2026-04-08 04:42:00,Azure,eu-west-1,11.03,725.27,0
2026-04-08 04:43:00,AWS,ap-northeast-1,19.23,498.76,0
2026-04-08 04:44:00,AWS,us-east-1,12.04,463.68,0
2026-04-08 04:45:00,GCP,eu-west-1,24.72,498.87,0
2026-04-08 04:46:00,Azure,eu-west-1,16.76,472.97,0
2026-04-08 04:47:00,GCP,ap-northeast-1,14.72,708.0,0
2026-04-08 04:48:00,AWS,ap-northeast-1,12.49,397.41,0
2026-04-08 04:49:00,AWS,ap-northeast-1,9.52,253.7,0
2026-04-08 04:50:00,GCP,us-east-1,12.17,735.91,0
2026-04-08 04:51:00,AWS,us-east-1,14.1,128.17,0
2026-04-08 04:52:00,Azure,ap-northeast-1,10.71,746.88,0
2026-04-08 04:53:00,GCP,eu-west-1,14.14,336.92,0
2026-04-08 04:54:00,Azure,eu-west-1,19.94,271.23,1
2026-04-08 04:55:00,Azure,ap-northeast-1,14.0,441.06,0
2026-04-08 04:56:00,AWS,sa-east-1,93.75005022323425,205.75,0
2026-04-08 04:57:00,Azure,us-east-1,3.07,446.04,0
2026-04-08 04:58:00,GCP,us-east-1,22.35,192.09,0
2026-04-08 04:59:00,Azure,sa-east-1,91.26990500941258,535.14,0
2026-04-08 05:00:00,Azure,ap-northeast-1,13.47,258.55,0
2026-04-08 05:01:00,Azure,eu-west-1,16.0,217.0,0
2026-04-08 05:02:00,Azure,eu-west-1,16.0,621.2,0
2026-04-08 05:03:00,Azure,us-east-1,17.79,662.72,0
2026-04-08 05:04:00,AWS,sa-east-1,86.54519047832001,104.97,0
2026-04-08 05:05:00,GCP,eu-west-1,17.77,448.91,0
2026-04-08 05:06:00,AWS,us-east-1,2.56,170.16,0
2026-04-08 05:07:00,GCP,eu-west-1,14.83,764.78,0
2026-04-08 05:08:00,GCP,eu-west-1,13.84,713.37,0
2026-04-08 05:09:00,GCP,eu-west-1,10.74,144.76,0
2026-04-08 05:10:00,GCP,us-east-1,15.48,947.13,0
2026-04-08 05:11:00,GCP,sa-east-1,72.72700303481477,963.96,0
2026-04-08 05:12:00,Azure,ap-northeast-1,9.17,401.2,0
2026-04-08 05:13:00,AWS,sa-east-1,79.18480246386187,217.55,0
2026-04-08 05:14:00,AWS,eu-west-1,14.5,202.91,0
2026-04-08 05:15:00,Azure,sa-east-1,66.4111973364844,856.65,0
2026-04-08 05:16:00,GCP,eu-west-1,4.3,513.25,0
2026-04-08 05:17:00,AWS,us-east-1,35.32,108.56,0
2026-04-08 05:18:00,Azure,us-east-1,4.8,932.82,0
2026-04-08 05:19:00,Azure,us-east-1,15.83,633.46,0
2026-04-08 05:20:00,AWS,eu-west-1,17.4,721.36,0
2026-04-08 05:21:00,AWS,sa-east-1,112.70563187327127,841.2,0
2026-04-08 05:22:00,GCP,ap-northeast-1,7.53,836.72,0
2026-04-08 05:23:00,GCP,ap-northeast-1,8.13,168.22,0
2026-04-08 05:24:00,AWS,us-east-1,18.18,616.59,0
2026-04-08 05:25:00,GCP,ap-northeast-1,16.87,726.62,0
2026-04-08 05:26:00,Azure,eu-west-1,28.53,177.06,0
2026-04-08 05:27:00,GCP,sa-east-1,84.79012740634688,300.16,0
2026-04-08 05:28:00,GCP,ap-northeast-1,10.29,456.23,0
2026-04-08 05:29:00,Azure,ap-northeast-1,11.52,897.87,0
2026-04-08 05:30:00,GCP,sa-east-1,81.72626766268476,865.57,0
2026-04-08 05:31:00,Azure,ap-northeast-1,5.67,803.89,0
2026-04-08 05:32:00,GCP,sa-east-1,74.1795169646759,991.25,0
2026-04-08 05:33:00,AWS,eu-west-1,16.72,318.39,0
2026-04-08 05:34:00,GCP,eu-west-1,8.13,521.03,0
2026-04-08 05:35:00,AWS,eu-west-1,10.95,502.05,0
2026-04-08 05:36:00,AWS,us-east-1,4.52,711.04,0
2026-04-08 05:37:00,AWS,eu-west-1,19.38,865.14,0
2026-04-08 05:38:00,AWS,ap-northeast-1,15.01,542.51,0
2026-04-08 05:39:00,AWS,us-east-1,6.34,542.38,0
2026-04-08 05:40:00,Azure,us-east-1,7.17,647.49,0
2026-04-08 05:41:00,Azure,us-east-1,9.8,768.23,0
2026-04-08 05:42:00,Azure,eu-west-1,18.63,281.17,0
2026-04-08 05:43:00,AWS,us-east-1,15.68,965.67,0
2026-04-08 05:44:00,GCP,eu-west-1,8.08,182.85,0
2026-04-08 05:45:00,Azure,eu-west-1,9.06,120.79,0
2026-04-08 05:46:00,GCP,us-east-1,12.51,422.91,0
2026-04-08 05:47:00,GCP,us-east-1,8.16,731.29,0
2026-04-08 05:48:00,AWS,ap-northeast-1,9.39,980.27,0
2026-04-08 05:49:00,AWS,us-east-1,17.22,939.48,0
2026-04-08 05:50:00,AWS,eu-west-1,6.6,719.64,0
2026-04-08 05:51:00,Azure,ap-northeast-1,11.35,492.89,0
2026-04-08 05:52:00,AWS,ap-northeast-1,10.93,636.22,0
2026-04-08 05:53:00,Azure,eu-west-1,11.92,971.79,0
2026-04-08 05:54:00,Azure,us-east-1,13.9,338.95,0
2026-04-08 05:55:00,Azure,us-east-1,16.57,530.45,0
2026-04-08 05:56:00,Azure,sa-east-1,73.88819381484515,723.61,0
2026-04-08 05:57:00,AWS,us-east-1,10.26,109.27,0
2026-04-08 05:58:00,Azure,sa-east-1,86.03974099848949,443.14,0
2026-04-08 05:59:00,AWS,ap-northeast-1,14.52,611.12,0
2026-04-08 06:00:00,AWS,ap-northeast-1,13.33,910.83,0
2026-04-08 06:01:00,Azure,ap-northeast-1,16.21,992.8,0
2026-04-08 06:02:00,AWS,sa-east-1,101.62573736690335,600.69,0
2026-04-08 06:03:00,GCP,eu-west-1,8.07,950.12,0
2026-04-08 06:04:00,AWS,eu-west-1,31.1,189.34,0
2026-04-08 06:05:00,AWS,ap-northeast-1,12.2,731.14,0
2026-04-08 06:06:00,Azure,sa-east-1,116.83661989400954,460.5,0
2026-04-08 06:07:00,Azure,sa-east-1,83.50486755256792,775.88,0
2026-04-08 06:08:00,AWS,ap-northeast-1,13.96,880.95,0
2026-04-08 06:09:00,Azure,us-east-1,13.89,148.35,0
2026-04-08 06:10:00,GCP,ap-northeast-1,19.37,941.93,0
2026-04-08 06:11:00,GCP,sa-east-1,94.17193430954366,161.34,0
2026-04-08 06:12:00,Azure,us-east-1,17.95,778.06,0
2026-04-08 06:13:00,AWS,eu-west-1,15.66,162.16,0
2026-04-08 06:14:00,GCP,us-east-1,21.93,875.51,0
2026-04-08 06:15:00,GCP,eu-west-1,9.5,284.48,0
2026-04-08 06:16:00,AWS,sa-east-1,68.51330490717092,490.66,0
2026-04-08 06:17:00,Azure,ap-northeast-1,7.94,939.36,0
2026-04-08 06:18:00,GCP,ap-northeast-1,21.22,812.86,0
2026-04-08 06:19:00,AWS,ap-northeast-1,8.42,807.2,0
2026-04-08 06:20:00,AWS,ap-northeast-1,14.38,787.0,0
2026-04-08 06:21:00,GCP,ap-northeast-1,9.71,612.49,0
2026-04-08 06:22:00,Azure,sa-east-1,99.33382592219174,956.29,0
2026-04-08 06:23:00,GCP,sa-east-1,87.73412182426391,848.47,0
2026-04-08 06:24:00,AWS,ap-northeast-1,16.87,496.26,0
2026-04-08 06:25:00,GCP,us-east-1,7.09,768.3,0
2026-04-08 06:26:00,Azure,ap-northeast-1,8.89,998.3,0
2026-04-08 06:27:00,AWS,eu-west-1,16.5,883.9,0
2026-04-08 06:28:00,Azure,eu-west-1,23.23,101.1,0
2026-04-08 06:29:00,GCP,eu-west-1,15.85,764.1,0
2026-04-08 06:30:00,GCP,eu-west-1,40.1,908.09,0
2026-04-08 06:31:00,Azure,ap-northeast-1,18.1,394.98,0
2026-04-08 06:32:00,GCP,eu-west-1,12.28,979.74,0
2026-04-08 06:33:00,Azure,us-east-1,10.38,461.17,0
2026-04-08 06:34:00,GCP,ap-northeast-1,30.22,479.06,0
2026-04-08 06:35:00,Azure,eu-west-1,18.24,244.78,0
2026-04-08 06:36:00,Azure,ap-northeast-1,9.41,186.94,0
2026-04-08 06:37:00,AWS,ap-northeast-1,8.76,582.94,0
2026-04-08 06:38:00,AWS,ap-northeast-1,8.74,642.5,0
2026-04-08 06:39:00,Azure,sa-east-1,67.33288893899521,430.21,0
2026-04-08 06:40:00,GCP,eu-west-1,5.7,645.95,0
2026-04-08 06:41:00,GCP,sa-east-1,83.58932195802029,455.2,0
2026-04-08 06:42:00,GCP,us-east-1,14.14,881.37,0
2026-04-08 06:43:00,Azure,us-east-1,12.35,958.44,0
2026-04-08 06:44:00,Azure,sa-east-1,84.47167123891305,634.19,0
2026-04-08 06:45:00,Azure,eu-west-1,17.24,858.05,0
2026-04-08 06:46:00,Azure,ap-northeast-1,17.2,868.37,0
2026-04-08 06:47:00,AWS,us-east-1,10.93,742.39,0
2026-04-08 06:48:00,Azure,us-east-1,9.34,272.8,0
2026-04-08 06:49:00,GCP,us-east-1,18.77,239.44,0
2026-04-08 06:50:00,AWS,eu-west-1,11.25,927.54,0
2026-04-08 06:51:00,GCP,sa-east-1,80.8709608226135,338.56,0
2026-04-08 06:52:00,Azure,sa-east-1,96.69732643630117,321.7,0
2026-04-08 06:53:00,AWS,eu-west-1,7.03,249.52,0
2026-04-08 06:54:00,Azure,us-east-1,9.4,574.71,0
2026-04-08 06:55:00,AWS,eu-west-1,10.69,709.3,0
2026-04-08 06:56:00,GCP,eu-west-1,31.61,708.55,0
2026-04-08 06:57:00,Azure,sa-east-1,58.788275648795434,334.95,0
2026-04-08 06:58:00,Azure,eu-west-1,12.43,185.31,0
2026-04-08 06:59:00,AWS,eu-west-1,7.82,379.19,0
2026-04-08 07:00:00,AWS,us-east-1,38.65,553.09,0
2026-04-08 07:01:00,Azure,ap-northeast-1,13.92,651.2,0
2026-04-08 07:02:00,AWS,us-east-1,7.56,343.54,0
2026-04-08 07:03:00,Azure,sa-east-1,97.57231730380894,264.84,0
2026-04-08 07:04:00,AWS,ap-northeast-1,16.54,857.42,0
2026-04-08 07:05:00,GCP,us-east-1,13.42,872.13,0
2026-04-08 07:06:00,AWS,eu-west-1,16.74,351.96,0
2026-04-08 07:07:00,GCP,eu-west-1,7.36,604.1,0
2026-04-08 07:08:00,AWS,ap-northeast-1,31.0,495.84,0
2026-04-08 07:09:00,AWS,ap-northeast-1,12.69,227.77,0
2026-04-08 07:10:00,Azure,eu-west-1,15.06,946.53,0
2026-04-08 07:11:00,AWS,sa-east-1,92.66562586555845,108.8,0
2026-04-08 07:12:00,AWS,us-east-1,12.82,268.82,0
2026-04-08 07:13:00,GCP,eu-west-1,23.4,411.01,0
2026-04-08 07:14:00,AWS,us-east-1,9.35,870.82,0
2026-04-08 07:15:00,Azure,us-east-1,20.31,809.79,0
2026-04-08 07:16:00,GCP,us-east-1,23.73,621.9,0
2026-04-08 07:17:00,Azure,us-east-1,20.46,725.52,0
2026-04-08 07:18:00,Azure,sa-east-1,76.5674704466415,406.82,0
2026-04-08 07:19:00,Azure,sa-east-1,107.64840172196207,946.49,0
2026-04-08 07:20:00,Azure,sa-east-1,84.70762939627605,124.11,0
2026-04-08 07:21:00,GCP,eu-west-1,15.01,190.84,0
2026-04-08 07:22:00,AWS,eu-west-1,12.65,933.0,0
2026-04-08 07:23:00,Azure,eu-west-1,16.67,950.55,0
2026-04-08 07:24:00,GCP,sa-east-1,121.61638902377028,541.51,0
2026-04-08 07:25:00,Azure,us-east-1,8.49,618.81,0
2026-04-08 07:26:00,AWS,sa-east-1,65.67660786904455,912.28,0
2026-04-08 07:27:00,GCP,eu-west-1,11.0,868.09,0
2026-04-08 07:28:00,GCP,ap-northeast-1,3.52,875.76,0
2026-04-08 07:29:00,AWS,eu-west-1,11.77,434.61,0
2026-04-08 07:30:00,GCP,us-east-1,24.9,847.49,0
2026-04-08 07:31:00,AWS,sa-east-1,57.478608839115566,162.38,0
2026-04-08 07:32:00,GCP,ap-northeast-1,9.89,538.27,0
2026-04-08 07:33:00,GCP,ap-northeast-1,6.9,313.67,0
2026-04-08 07:34:00,AWS,us-east-1,14.86,132.22,0
2026-04-08 07:35:00,AWS,sa-east-1,102.41919206081485,655.49,0
2026-04-08 07:36:00,GCP,ap-northeast-1,12.31,168.56,0
2026-04-08 07:37:00,GCP,eu-west-1,8.65,208.14,0
2026-04-08 07:38:00,AWS,us-east-1,13.4,173.57,0
2026-04-08 07:39:00,AWS,ap-northeast-1,22.62,977.54,0
2026-04-08 07:40:00,GCP,us-east-1,19.01,135.31,0
2026-04-08 07:41:00,GCP,sa-east-1,107.211265623218,342.78,0
2026-04-08 07:42:00,GCP,sa-east-1,64.23959097532583,686.8,0
2026-04-08 07:43:00,AWS,sa-east-1,96.99631530933993,841.04,0
2026-04-08 07:44:00,GCP,eu-west-1,15.57,647.38,0
2026-04-08 07:45:00,Azure,ap-northeast-1,6.1,978.85,0
2026-04-08 07:46:00,AWS,sa-east-1,69.44027903570941,403.94,0
2026-04-08 07:47:00,GCP,eu-west-1,9.29,524.8,0
2026-04-08 07:48:00,AWS,sa-east-1,100.36538583407814,839.17,0
2026-04-08 07:49:00,Azure,sa-east-1,87.51325809328453,713.53,0
2026-04-08 07:50:00,AWS,ap-northeast-1,17.56,292.66,0
2026-04-08 07:51:00,GCP,eu-west-1,9.06,548.8,0
2026-04-08 07:52:00,Azure,sa-east-1,96.63116735270602,978.36,0
2026-04-08 07:53:00,Azure,eu-west-1,9.12,876.72,0
2026-04-08 07:54:00,GCP,eu-west-1,7.09,272.62,0
2026-04-08 07:55:00,GCP,sa-east-1,87.31416610923597,261.81,0
2026-04-08 07:56:00,GCP,sa-east-1,102.28921777218191,845.56,0
2026-04-08 07:57:00,AWS,us-east-1,11.92,279.01,0
2026-04-08 07:58:00,AWS,ap-northeast-1,8.8,507.51,0
2026-04-08 07:59:00,AWS,sa-east-1,91.82308612928897,262.68,0
2026-04-08 08:00:00,GCP,us-east-1,15.05,113.2,0
2026-04-08 08:01:00,GCP,ap-northeast-1,8.89,887.86,0
2026-04-08 08:02:00,AWS,sa-east-1,77.43017658305835,801.1,0
2026-04-08 08:03:00,Azure,eu-west-1,7.73,523.53,0
2026-04-08 08:04:00,AWS,ap-northeast-1,17.04,243.62,0
2026-04-08 08:05:00,Azure,eu-west-1,13.25,825.78,0
2026-04-08 08:06:00,GCP,us-east-1,15.02,423.43,0
2026-04-08 08:07:00,GCP,sa-east-1,105.59171500986096,695.75,0
2026-04-08 08:08:00,AWS,us-east-1,6.1,385.02,0
2026-04-08 08:09:00,AWS,sa-east-1,61.44081094564312,489.06,0
2026-04-08 08:10:00,GCP,sa-east-1,85.13785013730173,581.92,0
2026-04-08 08:11:00,AWS,eu-west-1,12.25,785.81,0
2026-04-08 08:12:00,GCP,us-east-1,31.85,848.86,0
2026-04-08 08:13:00,GCP,eu-west-1,9.98,499.19,0
2026-04-08 08:14:00,Azure,eu-west-1,9.12,309.74,0
2026-04-08 08:15:00,AWS,eu-west-1,11.86,238.28,0
2026-04-08 08:16:00,GCP,us-east-1,8.22,406.67,0
2026-04-08 08:17:00,AWS,sa-east-1,85.12032304303322,821.61,0
2026-04-08 08:18:00,Azure,sa-east-1,70.61689877261105,346.58,0
2026-04-08 08:19:00,Azure,us-east-1,10.88,142.77,0
2026-04-08 08:20:00,AWS,sa-east-1,96.72398684855308,607.85,0
2026-04-08 08:21:00,AWS,us-east-1,9.54,130.25,0
2026-04-08 08:22:00,GCP,us-east-1,13.43,896.43,0
2026-04-08 08:23:00,Azure,sa-east-1,70.46941458413211,710.25,0
2026-04-08 08:24:00,Azure,ap-northeast-1,17.23,331.16,0
2026-04-08 08:25:00,Azure,eu-west-1,8.42,522.18,0
2026-04-08 08:26:00,AWS,us-east-1,6.93,765.3,0
2026-04-08 08:27:00,GCP,us-east-1,7.29,924.12,0
2026-04-08 08:28:00,AWS,ap-northeast-1,8.84,887.01,0
2026-04-08 08:29:00,AWS,us-east-1,6.83,162.58,0
2026-04-08 08:30:00,AWS,us-east-1,14.09,173.03,0
2026-04-08 08:31:00,GCP,sa-east-1,99.38337589396222,637.95,0
2026-04-08 08:32:00,AWS,sa-east-1,86.30765481835316,546.85,0
2026-04-08 08:33:00,Azure,ap-northeast-1,9.45,363.64,0
2026-04-08 08:34:00,Azure,us-east-1,7.7,978.56,0
2026-04-08 08:35:00,Azure,eu-west-1,8.66,771.64,0
2026-04-08 08:36:00,GCP,sa-east-1,75.26506413993059,718.59,0
2026-04-08 08:37:00,AWS,eu-west-1,12.31,263.2,0
2026-04-08 08:38:00,GCP,eu-west-1,9.28,355.54,0
2026-04-08 08:39:00,AWS,ap-northeast-1,21.24,644.52,0
2026-04-08 08:40:00,Azure,ap-northeast-1,3.85,816.04,0
2026-04-08 08:41:00,AWS,us-east-1,21.85,937.95,0
2026-04-08 08:42:00,AWS,ap-northeast-1,8.7,727.95,0
2026-04-08 08:43:00,AWS,sa-east-1,108.95603979419715,476.77,0
2026-04-08 08:44:00,GCP,us-east-1,12.94,721.97,0
2026-04-08 08:45:00,AWS,us-east-1,22.19,162.26,0
2026-04-08 08:46:00,AWS,eu-west-1,11.73,640.07,0
2026-04-08 08:47:00,AWS,eu-west-1,11.37,905.16,0
2026-04-08 08:48:00,GCP,eu-west-1,7.58,673.25,0
2026-04-08 08:49:00,GCP,us-east-1,11.64,106.79,0
2026-04-08 08:50:00,GCP,ap-northeast-1,7.39,725.07,0
2026-04-08 08:51:00,AWS,ap-northeast-1,13.38,753.8,0
2026-04-08 08:52:00,Azure,ap-northeast-1,13.21,587.11,0
2026-04-08 08:53:00,Azure,us-east-1,11.46,834.48,0
2026-04-08 08:54:00,Azure,us-east-1,22.61,282.06,0
2026-04-08 08:55:00,AWS,us-east-1,15.62,468.08,0
2026-04-08 08:56:00,Azure,us-east-1,7.69,826.83,0
2026-04-08 08:57:00,Azure,us-east-1,16.19,643.32,0
2026-04-08 08:58:00,Azure,ap-northeast-1,19.61,994.93,0
2026-04-08 08:59:00,AWS,us-east-1,3.68,162.34,0
2026-04-08 09:00:00,Azure,ap-northeast-1,7.09,319.88,0
2026-04-08 09:01:00,Azure,us-east-1,9.64,279.21,0
2026-04-08 09:02:00,AWS,ap-northeast-1,8.11,978.75,0
2026-04-08 09:03:00,GCP,sa-east-1,91.53533597586711,882.34,0
2026-04-08 09:04:00,Azure,sa-east-1,79.1186665992121,219.81,0
2026-04-08 09:05:00,GCP,ap-northeast-1,7.41,418.42,0
2026-04-08 09:06:00,Azure,sa-east-1,99.20102422559269,147.34,0
2026-04-08 09:07:00,AWS,sa-east-1,81.48096462337173,669.31,0
2026-04-08 09:08:00,GCP,ap-northeast-1,21.35,398.08,0
2026-04-08 09:09:00,GCP,us-east-1,14.67,331.81,0
2026-04-08 09:10:00,GCP,us-east-1,66.78,570.81,0
2026-04-08 09:11:00,GCP,ap-northeast-1,7.06,816.0,0
2026-04-08 09:12:00,Azure,eu-west-1,5.67,463.53,0
2026-04-08 09:13:00,Azure,eu-west-1,24.24,781.7,0
2026-04-08 09:14:00,GCP,sa-east-1,117.55790956396899,501.52,0
2026-04-08 09:15:00,Azure,eu-west-1,10.9,293.07,0
2026-04-08 09:16:00,GCP,sa-east-1,97.48232138438163,501.59,0
2026-04-08 09:17:00,GCP,us-east-1,12.98,584.25,0
2026-04-08 09:18:00,AWS,ap-northeast-1,7.95,515.42,0
2026-04-08 09:19:00,GCP,us-east-1,4.61,346.89,0
2026-04-08 09:20:00,Azure,ap-northeast-1,13.76,266.59,0
2026-04-08 09:21:00,GCP,eu-west-1,12.24,952.26,0
2026-04-08 09:22:00,AWS,us-east-1,6.1,367.74,0
2026-04-08 09:23:00,Azure,us-east-1,8.95,734.83,0
2026-04-08 09:24:00,AWS,sa-east-1,59.42070501790502,406.62,0
2026-04-08 09:25:00,AWS,ap-northeast-1,14.67,972.68,0
2026-04-08 09:26:00,GCP,eu-west-1,12.02,989.45,0
2026-04-08 09:27:00,AWS,us-east-1,13.21,842.59,0
2026-04-08 09:28:00,AWS,ap-northeast-1,15.8,623.33,0
2026-04-08 09:29:00,Azure,eu-west-1,21.08,587.86,0
2026-04-08 09:30:00,AWS,us-east-1,13.32,396.07,0
2026-04-08 09:31:00,GCP,ap-northeast-1,16.57,209.83,0
2026-04-08 09:32:00,GCP,sa-east-1,130.23383243803318,171.16,0
2026-04-08 09:33:00,GCP,us-east-1,19.75,518.9,0
2026-04-08 09:34:00,AWS,ap-northeast-1,13.59,980.91,0
2026-04-08 09:35:00,Azure,eu-west-1,13.18,322.19,0
2026-04-08 09:36:00,GCP,eu-west-1,8.05,469.86,0
2026-04-08 09:37:00,AWS,sa-east-1,88.65155061184464,677.28,0
2026-04-08 09:38:00,GCP,us-east-1,11.6,415.96,0
2026-04-08 09:39:00,GCP,sa-east-1,71.02511506157622,103.27,0
2026-04-08 09:40:00,Azure,ap-northeast-1,31.27,456.6,0
2026-04-08 09:41:00,GCP,eu-west-1,14.68,824.18,0
2026-04-08 09:42:00,Azure,sa-east-1,73.99906417128204,949.56,0
2026-04-08 09:43:00,AWS,us-east-1,21.9,347.58,0
2026-04-08 09:44:00,GCP,ap-northeast-1,13.35,929.48,0
2026-04-08 09:45:00,AWS,us-east-1,10.61,880.43,0
2026-04-08 09:46:00,AWS,sa-east-1,77.54579089118394,466.05,0
2026-04-08 09:47:00,AWS,eu-west-1,14.93,104.21,0
2026-04-08 09:48:00,GCP,eu-west-1,24.53,860.39,0
2026-04-08 09:49:00,Azure,sa-east-1,100.14359557085714,358.1,0
2026-04-08 09:50:00,GCP,us-east-1,8.42,780.3,0
2026-04-08 09:51:00,AWS,us-east-1,11.75,614.36,0
2026-04-08 09:52:00,Azure,us-east-1,19.46,299.5,0
2026-04-08 09:53:00,AWS,us-east-1,18.06,683.39,0
2026-04-08 09:54:00,Azure,eu-west-1,12.86,788.36,0
2026-04-08 09:55:00,GCP,us-east-1,20.28,527.0,0
2026-04-08 09:56:00,Azure,sa-east-1,100.03442548982305,773.12,0
2026-04-08 09:57:00,GCP,sa-east-1,88.46640666998347,464.47,0
2026-04-08 09:58:00,AWS,sa-east-1,88.02203238258535,982.23,0
2026-04-08 09:59:00,Azure,sa-east-1,100.71514677549472,315.83,0
2026-04-08 10:00:00,AWS,us-east-1,16.49,800.07,0
2026-04-08 10:01:00,Azure,eu-west-1,5.95,774.64,0
2026-04-08 10:02:00,GCP,ap-northeast-1,9.45,576.5,0
2026-04-08 10:03:00,Azure,us-east-1,11.34,415.3,0
2026-04-08 10:04:00,Azure,ap-northeast-1,14.99,501.18,0
2026-04-08 10:05:00,GCP,eu-west-1,20.22,666.54,0
2026-04-08 10:06:00,GCP,us-east-1,6.2,577.31,0
2026-04-08 10:07:00,GCP,ap-northeast-1,6.94,785.39,0
2026-04-08 10:08:00,Azure,eu-west-1,67.14,424.61,0
2026-04-08 10:09:00,AWS,ap-northeast-1,10.96,196.52,0
2026-04-08 10:10:00,Azure,sa-east-1,92.01671842396046,555.04,0
2026-04-08 10:11:00,Azure,sa-east-1,86.73287192722066,333.11,0
2026-04-08 10:12:00,AWS,eu-west-1,9.36,654.97,0
2026-04-08 10:13:00,GCP,eu-west-1,12.21,568.29,0
2026-04-08 10:14:00,Azure,ap-northeast-1,22.12,800.87,0
2026-04-08 10:15:00,AWS,eu-west-1,27.58,617.7,0
2026-04-08 10:16:00,GCP,sa-east-1,68.50151468242439,487.68,0
2026-04-08 10:17:00,GCP,sa-east-1,106.34641938953423,207.87,0
2026-04-08 10:18:00,Azure,us-east-1,13.12,208.13,0
2026-04-08 10:19:00,GCP,ap-northeast-1,8.47,676.32,0
2026-04-08 10:20:00,GCP,eu-west-1,22.12,892.68,0
2026-04-08 10:21:00,AWS,eu-west-1,41.82,473.31,0
2026-04-08 10:22:00,AWS,eu-west-1,12.31,577.71,0
2026-04-08 10:23:00,GCP,ap-northeast-1,14.36,632.09,0
2026-04-08 10:24:00,AWS,sa-east-1,103.6802071906495,529.57,0
2026-04-08 10:25:00,GCP,eu-west-1,14.41,153.61,0
2026-04-08 10:26:00,Azure,eu-west-1,7.17,630.23,0
2026-04-08 10:27:00,AWS,sa-east-1,73.6412466161951,223.39,0
2026-04-08 10:28:00,GCP,eu-west-1,4.91,600.22,0
2026-04-08 10:29:00,GCP,us-east-1,18.32,797.84,0
2026-04-08 10:30:00,AWS,sa-east-1,99.2842496540049,104.9,0
2026-04-08 10:31:00,AWS,sa-east-1,74.49203244003172,487.43,0
2026-04-08 10:32:00,Azure,sa-east-1,94.34277683837479,771.12,0
2026-04-08 10:33:00,GCP,us-east-1,10.42,575.68,0
2026-04-08 10:34:00,Azure,sa-east-1,64.34896335632456,311.78,0
2026-04-08 10:35:00,Azure,ap-northeast-1,7.32,727.81,0
2026-04-08 10:36:00,Azure,ap-northeast-1,19.5,805.13,0
2026-04-08 10:37:00,AWS,ap-northeast-1,20.58,426.27,0
2026-04-08 10:38:00,Azure,sa-east-1,102.46083755165282,367.66,0
2026-04-08 10:39:00,AWS,sa-east-1,101.65963436433006,590.62,0
2026-04-08 10:40:00,AWS,sa-east-1,70.35265161724907,428.88,0
2026-04-08 10:41:00,Azure,us-east-1,10.73,852.34,0
2026-04-08 10:42:00,Azure,ap-northeast-1,12.05,801.15,0
2026-04-08 10:43:00,GCP,eu-west-1,12.59,380.7,0
2026-04-08 10:44:00,Azure,eu-west-1,6.26,511.28,0
2026-04-08 10:45:00,GCP,sa-east-1,95.55244330147265,900.54,0
2026-04-08 10:46:00,Azure,us-east-1,8.46,232.64,0
2026-04-08 10:47:00,Azure,sa-east-1,89.52786721712857,778.81,0
2026-04-08 10:48:00,Azure,eu-west-1,7.4,385.12,0
2026-04-08 10:49:00,Azure,ap-northeast-1,12.52,207.53,0
2026-04-08 10:50:00,GCP,eu-west-1,8.55,205.28,0
2026-04-08 10:51:00,GCP,ap-northeast-1,11.07,348.66,0
2026-04-08 10:52:00,Azure,ap-northeast-1,19.55,593.27,0
2026-04-08 10:53:00,Azure,us-east-1,6.56,917.1,0
2026-04-08 10:54:00,GCP,eu-west-1,3.31,372.7,0
2026-04-08 10:55:00,AWS,sa-east-1,98.5080807831781,279.31,0
2026-04-08 10:56:00,AWS,us-east-1,15.01,530.79,0
2026-04-08 10:57:00,AWS,ap-northeast-1,6.69,240.97,0
2026-04-08 10:58:00,GCP,eu-west-1,8.53,344.52,0
2026-04-08 10:59:00,GCP,sa-east-1,68.36349017592885,987.97,0
2026-04-08 11:00:00,AWS,us-east-1,18.21,602.25,0
2026-04-08 11:01:00,AWS,sa-east-1,95.70535887006982,805.52,0
2026-04-08 11:02:00,Azure,eu-west-1,16.07,290.63,0
2026-04-08 11:03:00,GCP,sa-east-1,76.80938290872845,568.06,0
2026-04-08 11:04:00,GCP,us-east-1,27.2,559.48,0
2026-04-08 11:05:00,AWS,sa-east-1,70.61840806218278,831.4,0
2026-04-08 11:06:00,AWS,eu-west-1,8.86,119.41,0
2026-04-08 11:07:00,GCP,us-east-1,12.15,874.43,0
2026-04-08 11:08:00,Azure,ap-northeast-1,14.0,171.64,1
2026-04-08 11:09:00,AWS,us-east-1,25.01,924.94,0
2026-04-08 11:10:00,GCP,eu-west-1,8.88,228.56,0
2026-04-08 11:11:00,GCP,sa-east-1,75.19403140402692,579.01,0
2026-04-08 11:12:00,Azure,ap-northeast-1,8.9,189.45,0
2026-04-08 11:13:00,Azure,ap-northeast-1,27.21,502.47,0
2026-04-08 11:14:00,AWS,sa-east-1,98.90662816367639,369.35,0
2026-04-08 11:15:00,AWS,eu-west-1,23.21,478.09,0
2026-04-08 11:16:00,AWS,us-east-1,6.85,590.53,0
2026-04-08 11:17:00,GCP,eu-west-1,9.2,513.49,0
2026-04-08 11:18:00,AWS,ap-northeast-1,13.8,120.85,0
2026-04-08 11:19:00,GCP,us-east-1,23.4,877.11,0
2026-04-08 11:20:00,AWS,us-east-1,20.01,185.46,0
2026-04-08 11:21:00,Azure,sa-east-1,85.89489066391468,982.56,0
2026-04-08 11:22:00,Azure,eu-west-1,23.82,866.19,0
2026-04-08 11:23:00,GCP,us-east-1,17.98,605.24,0
2026-04-08 11:24:00,Azure,sa-east-1,94.75980587079889,320.67,0
2026-04-08 11:25:00,GCP,eu-west-1,6.98,177.62,0
2026-04-08 11:26:00,GCP,ap-northeast-1,4.17,704.65,0
2026-04-08 11:27:00,Azure,ap-northeast-1,12.96,281.36,0
2026-04-08 11:28:00,GCP,eu-west-1,18.2,759.9,0
2026-04-08 11:29:00,Azure,us-east-1,3.12,849.26,0
2026-04-08 11:30:00,AWS,us-east-1,6.77,990.07,0
2026-04-08 11:31:00,AWS,ap-northeast-1,7.33,553.79,0
2026-04-08 11:32:00,Azure,ap-northeast-1,11.09,977.2,0
2026-04-08 11:33:00,Azure,us-east-1,12.83,234.39,0
2026-04-08 11:34:00,Azure,eu-west-1,20.92,852.62,0
2026-04-08 11:35:00,Azure,ap-northeast-1,6.31,423.82,0
2026-04-08 11:36:00,AWS,us-east-1,14.47,428.33,0
2026-04-08 11:37:00,GCP,eu-west-1,6.09,341.78,0
2026-04-08 11:38:00,GCP,sa-east-1,87.98553134730932,256.07,0
2026-04-08 11:39:00,AWS,eu-west-1,9.58,497.99,0
2026-04-08 11:40:00,GCP,us-east-1,6.65,988.56,0
2026-04-08 11:41:00,AWS,eu-west-1,8.7,396.92,0
2026-04-08 11:42:00,GCP,us-east-1,6.97,514.97,0
2026-04-08 11:43:00,Azure,ap-northeast-1,12.76,305.65,0
2026-04-08 11:44:00,Azure,sa-east-1,78.77061118266471,403.41,0
2026-04-08 11:45:00,Azure,ap-northeast-1,20.4,149.63,0
2026-04-08 11:46:00,AWS,ap-northeast-1,9.4,960.43,0
2026-04-08 11:47:00,AWS,us-east-1,24.39,558.82,0
2026-04-08 11:48:00,GCP,us-east-1,12.03,759.66,0
2026-04-08 11:49:00,GCP,us-east-1,22.93,561.96,0
2026-04-08 11:50:00,GCP,us-east-1,11.26,793.18,0
2026-04-08 11:51:00,AWS,ap-northeast-1,10.85,580.68,0
2026-04-08 11:52:00,GCP,us-east-1,16.27,731.39,0
2026-04-08 11:53:00,Azure,us-east-1,14.21,716.32,0
2026-04-08 11:54:00,GCP,ap-northeast-1,9.23,580.21,0
2026-04-08 11:55:00,Azure,sa-east-1,110.89575072690627,307.53,0
2026-04-08 11:56:00,AWS,sa-east-1,75.74470190166723,290.66,0
2026-04-08 11:57:00,Azure,eu-west-1,16.27,886.87,0
2026-04-08 11:58:00,Azure,ap-northeast-1,15.91,208.62,0
2026-04-08 11:59:00,Azure,us-east-1,20.74,603.32,0
2026-04-08 12:00:00,AWS,eu-west-1,20.95,552.28,0
2026-04-08 12:01:00,AWS,sa-east-1,61.86740172864796,818.56,0
2026-04-08 12:02:00,AWS,sa-east-1,104.93726107040693,221.85,0
2026-04-08 12:03:00,AWS,ap-northeast-1,11.98,718.57,0
2026-04-08 12:04:00,GCP,us-east-1,29.16,645.27,0
2026-04-08 12:05:00,AWS,us-east-1,16.87,731.08,0
2026-04-08 12:06:00,Azure,eu-west-1,20.53,659.1,0
2026-04-08 12:07:00,AWS,sa-east-1,76.47638846420313,606.29,0
2026-04-08 12:08:00,GCP,eu-west-1,6.94,933.64,0
2026-04-08 12:09:00,GCP,eu-west-1,7.63,413.79,0
2026-04-08 12:10:00,GCP,eu-west-1,20.21,266.22,0
2026-04-08 12:11:00,Azure,us-east-1,8.45,815.87,0
2026-04-08 12:12:00,AWS,sa-east-1,151.30561661443602,216.72,0
2026-04-08 12:13:00,AWS,eu-west-1,9.95,711.75,0
2026-04-08 12:14:00,AWS,sa-east-1,91.83668753656612,594.6,0
2026-04-08 12:15:00,Azure,sa-east-1,108.57632387998099,101.16,0
2026-04-08 12:16:00,Azure,eu-west-1,13.33,315.88,0
2026-04-08 12:17:00,GCP,eu-west-1,6.62,546.31,0
2026-04-08 12:18:00,GCP,ap-northeast-1,13.79,396.74,0
2026-04-08 12:19:00,AWS,us-east-1,13.73,484.2,0
2026-04-08 12:20:00,Azure,sa-east-1,81.39339168113143,641.14,0
2026-04-08 12:21:00,Azure,eu-west-1,30.75,757.74,0
2026-04-08 12:22:00,AWS,eu-west-1,5.31,236.09,0
2026-04-08 12:23:00,AWS,sa-east-1,64.19377459249898,354.62,0
2026-04-08 12:24:00,GCP,eu-west-1,17.76,672.84,0
2026-04-08 12:25:00,GCP,ap-northeast-1,11.66,629.6,0
2026-04-08 12:26:00,GCP,sa-east-1,58.75034951648446,763.16,0
2026-04-08 12:27:00,AWS,eu-west-1,13.43,676.46,0
2026-04-08 12:28:00,AWS,sa-east-1,108.6065321370572,397.14,0
2026-04-08 12:29:00,GCP,eu-west-1,5.39,549.31,0
2026-04-08 12:30:00,GCP,eu-west-1,17.49,896.27,0
2026-04-08 12:31:00,Azure,us-east-1,14.37,267.48,0
2026-04-08 12:32:00,Azure,sa-east-1,99.82389784873402,439.07,0
2026-04-08 12:33:00,GCP,us-east-1,13.77,857.56,0
2026-04-08 12:34:00,GCP,eu-west-1,13.89,427.77,0
2026-04-08 12:35:00,Azure,sa-east-1,75.82104040732298,471.0,0
2026-04-08 12:36:00,GCP,sa-east-1,105.21286637021984,387.3,0
2026-04-08 12:37:00,Azure,ap-northeast-1,20.98,909.57,0
2026-04-08 12:38:00,Azure,ap-northeast-1,20.01,697.01,0
2026-04-08 12:39:00,Azure,eu-west-1,20.31,287.9,0
2026-04-08 12:40:00,AWS,eu-west-1,5.14,774.67,0
2026-04-08 12:41:00,AWS,eu-west-1,21.59,134.66,0
2026-04-08 12:42:00,GCP,eu-west-1,10.13,456.77,0
2026-04-08 12:43:00,Azure,ap-northeast-1,15.89,918.79,0
2026-04-08 12:44:00,AWS,sa-east-1,101.97451068619618,720.81,0
2026-04-08 12:45:00,GCP,us-east-1,8.66,813.79,0
2026-04-08 12:46:00,GCP,sa-east-1,86.81500158137172,938.18,0
2026-04-08 12:47:00,GCP,sa-east-1,73.22945207364873,797.1,0
2026-04-08 12:48:00,GCP,ap-northeast-1,7.1,179.73,0
2026-04-08 12:49:00,GCP,sa-east-1,81.31497932573691,307.58,0
2026-04-08 12:50:00,Azure,sa-east-1,104.56542730634834,549.99,0
2026-04-08 12:51:00,GCP,eu-west-1,10.66,112.47,0
2026-04-08 12:52:00,Azure,us-east-1,6.79,662.14,0
2026-04-08 12:53:00,AWS,sa-east-1,94.93184479290761,691.52,1
2026-04-08 12:54:00,GCP,sa-east-1,116.69911489675417,726.8,0
2026-04-08 12:55:00,AWS,us-east-1,18.96,600.15,0
2026-04-08 12:56:00,Azure,eu-west-1,7.74,507.14,0
2026-04-08 12:57:00,Azure,ap-northeast-1,11.9,869.99,0
2026-04-08 12:58:00,AWS,ap-northeast-1,5.55,790.6,0
2026-04-08 12:59:00,GCP,sa-east-1,75.24090065985976,651.12,0
2026-04-08 13:00:00,GCP,eu-west-1,12.3,141.41,0
2026-04-08 13:01:00,AWS,ap-northeast-1,16.86,724.54,0
2026-04-08 13:02:00,AWS,ap-northeast-1,13.46,602.34,0
2026-04-08 13:03:00,AWS,ap-northeast-1,8.91,724.14,0
2026-04-08 13:04:00,GCP,ap-northeast-1,9.24,380.27,0
2026-04-08 13:05:00,GCP,ap-northeast-1,15.3,799.29,0
2026-04-08 13:06:00,GCP,sa-east-1,127.16569264013907,476.14,0
2026-04-08 13:07:00,AWS,ap-northeast-1,10.26,905.02,0
2026-04-08 13:08:00,GCP,sa-east-1,103.30973855297972,193.61,0
2026-04-08 13:09:00,Azure,us-east-1,19.32,536.09,0
2026-04-08 13:10:00,AWS,us-east-1,10.38,285.16,0
2026-04-08 13:11:00,GCP,eu-west-1,21.12,508.12,0
2026-04-08 13:12:00,AWS,sa-east-1,79.56653043945623,418.39,0
2026-04-08 13:13:00,Azure,eu-west-1,4.17,823.09,0
2026-04-08 13:14:00,Azure,us-east-1,17.3,250.45,0
2026-04-08 13:15:00,AWS,us-east-1,23.11,638.85,0
2026-04-08 13:16:00,AWS,us-east-1,6.8,465.84,0
2026-04-08 13:17:00,Azure,us-east-1,6.32,566.27,0
2026-04-08 13:18:00,AWS,ap-northeast-1,13.52,742.96,0
2026-04-08 13:19:00,Azure,us-east-1,26.82,421.39,0
2026-04-08 13:20:00,Azure,ap-northeast-1,7.07,430.35,0
2026-04-08 13:21:00,GCP,ap-northeast-1,5.53,169.12,0
2026-04-08 13:22:00,AWS,eu-west-1,9.71,596.75,0
2026-04-08 13:23:00,AWS,ap-northeast-1,9.06,475.21,0
2026-04-08 13:24:00,GCP,eu-west-1,5.28,831.06,0
2026-04-08 13:25:00,Azure,ap-northeast-1,9.1,495.34,0
2026-04-08 13:26:00,AWS,ap-northeast-1,14.5,973.72,0
2026-04-08 13:27:00,GCP,us-east-1,30.82,254.61,0
2026-04-08 13:28:00,GCP,sa-east-1,91.46878024809338,340.36,0
2026-04-08 13:29:00,AWS,ap-northeast-1,18.23,452.72,0
2026-04-08 13:30:00,GCP,sa-east-1,98.07482678814188,253.38,0
2026-04-08 13:31:00,Azure,sa-east-1,68.6743452065056,975.09,0
2026-04-08 13:32:00,GCP,sa-east-1,91.33961323402823,676.86,0
2026-04-08 13:33:00,Azure,ap-northeast-1,14.34,110.08,0
2026-04-08 13:34:00,Azure,sa-east-1,101.0979354246113,620.66,0
2026-04-08 13:35:00,AWS,ap-northeast-1,19.62,803.12,0
2026-04-08 13:36:00,GCP,us-east-1,12.38,146.17,0
2026-04-08 13:37:00,Azure,ap-northeast-1,9.38,620.13,0
2026-04-08 13:38:00,Azure,eu-west-1,22.47,436.88,0
2026-04-08 13:39:00,GCP,us-east-1,17.51,623.33,0
2026-04-08 13:40:00,Azure,sa-east-1,87.23114348821525,327.35,0
2026-04-08 13:41:00,GCP,sa-east-1,89.02005095830508,699.41,0
2026-04-08 13:42:00,AWS,eu-west-1,22.38,704.2,0
2026-04-08 13:43:00,Azure,us-east-1,6.5,585.55,0
2026-04-08 13:44:00,Azure,eu-west-1,19.04,931.38,0
2026-04-08 13:45:00,GCP,sa-east-1,110.85707440450052,918.53,0
2026-04-08 13:46:00,GCP,ap-northeast-1,7.76,142.78,0
2026-04-08 13:47:00,GCP,sa-east-1,106.25797601374377,360.9,0
2026-04-08 13:48:00,GCP,eu-west-1,6.41,427.83,0
2026-04-08 13:49:00,Azure,ap-northeast-1,15.72,149.74,0
2026-04-08 13:50:00,AWS,ap-northeast-1,3.35,571.27,0
2026-04-08 13:51:00,AWS,sa-east-1,91.32947548653291,122.12,0
2026-04-08 13:52:00,AWS,ap-northeast-1,8.32,710.26,0
2026-04-08 13:53:00,AWS,us-east-1,7.45,102.42,0
2026-04-08 13:54:00,GCP,sa-east-1,89.89117334481769,128.74,0
2026-04-08 13:55:00,Azure,sa-east-1,73.96030662761257,850.38,0
2026-04-08 13:56:00,Azure,us-east-1,24.9,327.35,0
2026-04-08 13:57:00,Azure,sa-east-1,75.20288328102785,173.11,0
2026-04-08 13:58:00,GCP,eu-west-1,15.03,459.52,0
2026-04-08 13:59:00,Azure,eu-west-1,7.06,145.85,0
2026-04-08 14:00:00,GCP,sa-east-1,114.77023231436053,775.37,0
2026-04-08 14:01:00,Azure,us-east-1,16.49,544.73,0
2026-04-08 14:02:00,AWS,ap-northeast-1,10.87,596.74,0
2026-04-08 14:03:00,GCP,us-east-1,13.68,777.71,0
2026-04-08 14:04:00,Azure,eu-west-1,14.28,806.01,0
2026-04-08 14:05:00,AWS,sa-east-1,62.32288733426546,222.63,0
2026-04-08 14:06:00,AWS,us-east-1,8.11,352.25,0
2026-04-08 14:07:00,AWS,ap-northeast-1,19.28,258.1,0
2026-04-08 14:08:00,GCP,ap-northeast-1,26.4,148.63,0
2026-04-08 14:09:00,GCP,ap-northeast-1,13.11,583.77,0
2026-04-08 14:10:00,Azure,ap-northeast-1,17.22,324.82,0
2026-04-08 14:11:00,AWS,us-east-1,22.25,238.58,0
2026-04-08 14:12:00,Azure,ap-northeast-1,10.36,559.13,0
2026-04-08 14:13:00,Azure,eu-west-1,11.73,670.61,0
2026-04-08 14:14:00,AWS,ap-northeast-1,17.41,794.89,0
2026-04-08 14:15:00,Azure,eu-west-1,36.3,115.74,0
2026-04-08 14:16:00,GCP,us-east-1,17.72,573.66,0
2026-04-08 14:17:00,Azure,eu-west-1,14.18,340.36,0
2026-04-08 14:18:00,AWS,us-east-1,9.08,992.43,0
2026-04-08 14:19:00,GCP,ap-northeast-1,11.83,241.24,0
2026-04-08 14:20:00,GCP,sa-east-1,77.45438823419036,494.06,0
2026-04-08 14:21:00,Azure,eu-west-1,16.29,973.02,0
2026-04-08 14:22:00,Azure,eu-west-1,9.03,291.79,0
2026-04-08 14:23:00,GCP,sa-east-1,86.94470361821841,826.21,0
2026-04-08 14:24:00,Azure,us-east-1,23.47,318.74,0
2026-04-08 14:25:00,AWS,us-east-1,11.53,167.74,0
2026-04-08 14:26:00,Azure,ap-northeast-1,14.01,138.48,0
2026-04-08 14:27:00,Azure,eu-west-1,8.84,953.86,0
2026-04-08 14:28:00,GCP,us-east-1,8.13,291.6,0
2026-04-08 14:29:00,Azure,ap-northeast-1,14.49,362.76,0
2026-04-08 14:30:00,Azure,us-east-1,8.25,970.22,0
2026-04-08 14:31:00,Azure,sa-east-1,71.56781529065691,691.65,0
2026-04-08 14:32:00,AWS,sa-east-1,93.37084010969234,539.31,0
2026-04-08 14:33:00,Azure,sa-east-1,115.91364374515629,491.88,0
2026-04-08 14:34:00,AWS,ap-northeast-1,11.67,143.71,0
2026-04-08 14:35:00,AWS,eu-west-1,4.66,855.05,0
2026-04-08 14:36:00,AWS,sa-east-1,61.459748238108844,785.83,0
2026-04-08 14:37:00,AWS,sa-east-1,75.46471564617342,181.63,0
2026-04-08 14:38:00,GCP,us-east-1,5.12,418.11,0
2026-04-08 14:39:00,AWS,sa-east-1,101.39060099135271,896.87,0
2026-04-08 14:40:00,Azure,eu-west-1,11.09,312.8,0
2026-04-08 14:41:00,AWS,ap-northeast-1,20.13,650.11,0
2026-04-08 14:42:00,Azure,sa-east-1,89.98155394256383,539.14,0
2026-04-08 14:43:00,AWS,ap-northeast-1,12.09,836.67,0
2026-04-08 14:44:00,GCP,ap-northeast-1,7.95,132.45,1
2026-04-08 14:45:00,AWS,eu-west-1,7.76,834.53,0
2026-04-08 14:46:00,AWS,us-east-1,16.85,222.15,0
2026-04-08 14:47:00,GCP,us-east-1,13.45,113.57,0
2026-04-08 14:48:00,AWS,ap-northeast-1,18.68,635.95,0
2026-04-08 14:49:00,Azure,sa-east-1,116.52151162100128,332.78,0
2026-04-08 14:50:00,AWS,ap-northeast-1,9.71,738.35,0
2026-04-08 14:51:00,AWS,us-east-1,15.18,522.8,0
2026-04-08 14:52:00,AWS,sa-east-1,113.42195570415586,644.97,0
2026-04-08 14:53:00,GCP,us-east-1,8.6,720.74,0
2026-04-08 14:54:00,AWS,eu-west-1,8.82,934.24,0
2026-04-08 14:55:00,AWS,us-east-1,17.49,840.8,0
2026-04-08 14:56:00,Azure,sa-east-1,111.73681595794119,545.6,0
2026-04-08 14:57:00,AWS,sa-east-1,77.65577325392957,494.21,0
2026-04-08 14:58:00,AWS,ap-northeast-1,8.09,689.21,0
2026-04-08 14:59:00,AWS,sa-east-1,73.55878020837179,760.18,0
2026-04-08 15:00:00,AWS,eu-west-1,10.18,255.39,0
2026-04-08 15:01:00,Azure,us-east-1,7.28,129.27,0
2026-04-08 15:02:00,Azure,ap-northeast-1,12.82,509.19,0
2026-04-08 15:03:00,GCP,ap-northeast-1,38.11,189.51,0
2026-04-08 15:04:00,AWS,sa-east-1,102.7719165109674,345.46,0
2026-04-08 15:05:00,GCP,eu-west-1,20.77,626.27,0
2026-04-08 15:06:00,GCP,ap-northeast-1,14.88,236.31,0
2026-04-08 15:07:00,AWS,eu-west-1,5.34,125.64,0
2026-04-08 15:08:00,Azure,eu-west-1,12.98,599.14,0
2026-04-08 15:09:00,Azure,us-east-1,8.66,519.6,0
2026-04-08 15:10:00,AWS,us-east-1,8.07,375.67,0
2026-04-08 15:11:00,AWS,us-east-1,10.88,521.91,0
2026-04-08 15:12:00,Azure,eu-west-1,16.7,715.17,0
2026-04-08 15:13:00,AWS,us-east-1,10.46,198.1,1
2026-04-08 15:14:00,AWS,ap-northeast-1,18.72,330.12,0
2026-04-08 15:15:00,AWS,ap-northeast-1,13.35,815.46,0
2026-04-08 15:16:00,Azure,sa-east-1,94.00796297106314,703.11,0
2026-04-08 15:17:00,GCP,eu-west-1,11.83,339.63,0
2026-04-08 15:18:00,GCP,us-east-1,23.17,458.34,0
2026-04-08 15:19:00,AWS,ap-northeast-1,8.58,207.77,0
2026-04-08 15:20:00,Azure,eu-west-1,8.83,327.81,0
2026-04-08 15:21:00,AWS,eu-west-1,10.39,857.04,0
2026-04-08 15:22:00,Azure,us-east-1,15.66,496.37,0
2026-04-08 15:23:00,AWS,eu-west-1,16.75,676.26,0
2026-04-08 15:24:00,Azure,us-east-1,9.21,243.77,0
2026-04-08 15:25:00,Azure,us-east-1,19.08,264.98,0
2026-04-08 15:26:00,GCP,us-east-1,7.46,946.83,0
2026-04-08 15:27:00,AWS,eu-west-1,17.4,857.29,0
2026-04-08 15:28:00,GCP,eu-west-1,14.57,811.3,0
2026-04-08 15:29:00,GCP,us-east-1,12.29,396.63,0
2026-04-08 15:30:00,Azure,eu-west-1,15.43,606.48,0
2026-04-08 15:31:00,AWS,us-east-1,11.48,543.11,0
2026-04-08 15:32:00,Azure,sa-east-1,96.80018393241295,960.61,0
2026-04-08 15:33:00,Azure,eu-west-1,40.57,315.67,0
2026-04-08 15:34:00,Azure,eu-west-1,19.05,952.51,0
2026-04-08 15:35:00,AWS,sa-east-1,85.90814088199963,736.17,0
2026-04-08 15:36:00,AWS,sa-east-1,86.1670746902615,472.32,0
2026-04-08 15:37:00,Azure,sa-east-1,88.03839648505192,339.72,0
2026-04-08 15:38:00,AWS,us-east-1,10.0,781.62,0
2026-04-08 15:39:00,Azure,us-east-1,28.51,840.64,0
2026-04-08 15:40:00,AWS,ap-northeast-1,17.86,421.77,0
2026-04-08 15:41:00,AWS,sa-east-1,85.96001868232815,254.69,0
2026-04-08 15:42:00,GCP,ap-northeast-1,18.81,543.02,0
2026-04-08 15:43:00,Azure,us-east-1,4.14,521.65,0
2026-04-08 15:44:00,GCP,eu-west-1,10.23,752.86,0
2026-04-08 15:45:00,GCP,sa-east-1,82.09075583144262,975.87,0
2026-04-08 15:46:00,Azure,eu-west-1,4.79,578.15,0
2026-04-08 15:47:00,Azure,us-east-1,33.61,758.55,0
2026-04-08 15:48:00,AWS,sa-east-1,87.55294126652632,415.52,0
2026-04-08 15:49:00,Azure,ap-northeast-1,7.47,639.62,0
2026-04-08 15:50:00,GCP,ap-northeast-1,26.05,203.8,0
2026-04-08 15:51:00,GCP,us-east-1,4.69,833.44,0
2026-04-08 15:52:00,Azure,eu-west-1,7.36,409.89,0
2026-04-08 15:53:00,GCP,us-east-1,6.0,172.04,0
2026-04-08 15:54:00,AWS,eu-west-1,4.54,991.51,0
2026-04-08 15:55:00,GCP,us-east-1,10.31,911.61,0
2026-04-08 15:56:00,AWS,ap-northeast-1,13.4,277.69,0
2026-04-08 15:57:00,GCP,eu-west-1,13.21,426.88,0
2026-04-08 15:58:00,AWS,us-east-1,13.0,943.05,0
2026-04-08 15:59:00,AWS,sa-east-1,94.03972413543609,816.7,0
2026-04-08 16:00:00,Azure,ap-northeast-1,6.75,915.77,0
2026-04-08 16:01:00,AWS,ap-northeast-1,9.48,606.29,0
2026-04-08 16:02:00,Azure,sa-east-1,84.9112901698133,318.8,0
2026-04-08 16:03:00,GCP,us-east-1,20.9,304.35,0
2026-04-08 16:04:00,GCP,eu-west-1,12.77,573.1,0
2026-04-08 16:05:00,GCP,ap-northeast-1,12.61,931.6,0
2026-04-08 16:06:00,AWS,us-east-1,17.99,668.43,0
2026-04-08 16:07:00,GCP,sa-east-1,97.49584951655793,130.95,0
2026-04-08 16:08:00,GCP,eu-west-1,10.17,604.43,0
2026-04-08 16:09:00,Azure,us-east-1,11.49,647.6,0
2026-04-08 16:10:00,Azure,us-east-1,26.66,623.4,0
2026-04-08 16:11:00,GCP,ap-northeast-1,9.09,721.97,0
2026-04-08 16:12:00,GCP,ap-northeast-1,26.54,364.16,0
2026-04-08 16:13:00,AWS,eu-west-1,10.22,229.39,0
2026-04-08 16:14:00,AWS,us-east-1,4.69,775.04,0
2026-04-08 16:15:00,GCP,sa-east-1,96.47646303357236,276.72,0
2026-04-08 16:16:00,Azure,sa-east-1,80.7856710195303,202.74,0
2026-04-08 16:17:00,GCP,eu-west-1,6.21,423.44,0
2026-04-08 16:18:00,AWS,us-east-1,11.7,849.48,0
2026-04-08 16:19:00,Azure,ap-northeast-1,9.56,173.9,0
2026-04-08 16:20:00,Azure,us-east-1,31.09,276.01,0
2026-04-08 16:21:00,AWS,ap-northeast-1,19.77,527.73,0
2026-04-08 16:22:00,GCP,sa-east-1,87.24763195314304,358.88,0
2026-04-08 16:23:00,GCP,eu-west-1,8.41,749.49,0
2026-04-08 16:24:00,GCP,eu-west-1,20.09,707.41,0
2026-04-08 16:25:00,AWS,eu-west-1,22.34,858.26,0
2026-04-08 16:26:00,Azure,ap-northeast-1,10.31,283.46,0
2026-04-08 16:27:00,AWS,sa-east-1,64.34430175338574,684.03,0
2026-04-08 16:28:00,GCP,sa-east-1,85.61621913457071,797.26,0
2026-04-08 16:29:00,AWS,eu-west-1,14.08,156.4,0
2026-04-08 16:30:00,Azure,eu-west-1,17.51,133.14,0
2026-04-08 16:31:00,AWS,ap-northeast-1,17.97,603.33,0
2026-04-08 16:32:00,GCP,ap-northeast-1,7.19,629.07,0
2026-04-08 16:33:00,Azure,us-east-1,10.18,453.53,0
2026-04-08 16:34:00,AWS,ap-northeast-1,4.29,132.47,0
2026-04-08 16:35:00,AWS,us-east-1,12.04,461.73,0
2026-04-08 16:36:00,Azure,eu-west-1,6.09,677.88,0
2026-04-08 16:37:00,Azure,sa-east-1,87.75221607943674,731.69,0
2026-04-08 16:38:00,GCP,ap-northeast-1,21.16,543.51,0
2026-04-08 16:39:00,Azure,sa-east-1,85.92031259801766,572.52,0
2026-04-08 16:40:00,GCP,ap-northeast-1,14.51,705.41,0
2026-04-08 16:41:00,AWS,ap-northeast-1,12.2,504.37,0
2026-04-08 16:42:00,GCP,us-east-1,24.58,337.16,0
2026-04-08 16:43:00,AWS,ap-northeast-1,8.9,300.67,0
2026-04-08 16:44:00,Azure,eu-west-1,13.22,777.48,0
2026-04-08 16:45:00,AWS,sa-east-1,63.718248355012705,538.79,0
2026-04-08 16:46:00,Azure,ap-northeast-1,10.23,661.68,0
2026-04-08 16:47:00,AWS,sa-east-1,120.54007214022661,524.0,0
2026-04-08 16:48:00,AWS,sa-east-1,79.39448438690309,836.95,0
2026-04-08 16:49:00,AWS,sa-east-1,62.614677758646614,547.16,0
2026-04-08 16:50:00,AWS,ap-northeast-1,12.86,989.25,0
2026-04-08 16:51:00,GCP,us-east-1,9.01,318.34,0
2026-04-08 16:52:00,AWS,sa-east-1,102.44588251282308,224.67,0
2026-04-08 16:53:00,GCP,sa-east-1,111.82069453907184,436.24,0
2026-04-08 16:54:00,Azure,ap-northeast-1,13.75,926.79,0
2026-04-08 16:55:00,Azure,ap-northeast-1,21.35,867.08,0
2026-04-08 16:56:00,GCP,eu-west-1,9.23,322.62,0
2026-04-08 16:57:00,Azure,eu-west-1,4.81,639.73,0
2026-04-08 16:58:00,Azure,us-east-1,7.62,630.05,0
2026-04-08 16:59:00,AWS,us-east-1,4.66,364.06,0
2026-04-08 17:00:00,AWS,us-east-1,25.75,311.84,0
2026-04-08 17:01:00,AWS,us-east-1,20.14,451.04,0
2026-04-08 17:02:00,GCP,sa-east-1,81.07431913010534,809.76,0
2026-04-08 17:03:00,GCP,ap-northeast-1,17.0,272.54,0
2026-04-08 17:04:00,Azure,eu-west-1,6.05,501.15,0
2026-04-08 17:05:00,AWS,sa-east-1,95.3103414500324,533.53,0
2026-04-08 17:06:00,GCP,ap-northeast-1,18.11,945.21,0
2026-04-08 17:07:00,GCP,ap-northeast-1,5.21,373.17,0
2026-04-08 17:08:00,AWS,sa-east-1,91.06576124724299,117.68,0
2026-04-08 17:09:00,GCP,sa-east-1,82.44483767419997,724.36,0
2026-04-08 17:10:00,AWS,eu-west-1,37.77,780.21,0
2026-04-08 17:11:00,Azure,us-east-1,19.64,732.73,0
2026-04-08 17:12:00,Azure,us-east-1,15.45,730.67,0
2026-04-08 17:13:00,Azure,eu-west-1,12.36,534.9,0
2026-04-08 17:14:00,AWS,eu-west-1,15.98,116.79,0
2026-04-08 17:15:00,GCP,us-east-1,16.53,756.93,0
2026-04-08 17:16:00,Azure,sa-east-1,88.5385957193516,942.87,0
2026-04-08 17:17:00,Azure,us-east-1,13.55,241.65,0
2026-04-08 17:18:00,Azure,ap-northeast-1,3.25,161.12,0
2026-04-08 17:19:00,GCP,ap-northeast-1,3.95,338.68,0
2026-04-08 17:20:00,GCP,eu-west-1,12.44,864.81,0
2026-04-08 17:21:00,AWS,us-east-1,15.48,195.53,0
2026-04-08 17:22:00,Azure,us-east-1,6.28,743.65,0
2026-04-08 17:23:00,GCP,ap-northeast-1,21.05,156.65,0
2026-04-08 17:24:00,AWS,us-east-1,26.04,129.51,0
2026-04-08 17:25:00,Azure,eu-west-1,18.23,902.17,0
2026-04-08 17:26:00,GCP,eu-west-1,12.02,793.5,0
2026-04-08 17:27:00,GCP,ap-northeast-1,14.2,638.73,0
2026-04-08 17:28:00,AWS,us-east-1,12.89,254.8,0
2026-04-08 17:29:00,Azure,us-east-1,13.56,350.96,0
2026-04-08 17:30:00,Azure,ap-northeast-1,7.3,143.74,0
2026-04-08 17:31:00,GCP,sa-east-1,82.50129766068227,680.83,0
2026-04-08 17:32:00,Azure,sa-east-1,107.4753429191599,717.48,0
2026-04-08 17:33:00,AWS,us-east-1,14.42,394.13,0
2026-04-08 17:34:00,GCP,eu-west-1,16.36,404.57,0
2026-04-08 17:35:00,GCP,sa-east-1,92.5716538147422,666.08,0
2026-04-08 17:36:00,AWS,us-east-1,11.17,951.1,0
2026-04-08 17:37:00,GCP,sa-east-1,86.02929007352937,455.24,0
2026-04-08 17:38:00,Azure,ap-northeast-1,32.45,544.23,0
2026-04-08 17:39:00,Azure,sa-east-1,86.39421219375602,728.45,0
2026-04-08 17:40:00,GCP,sa-east-1,68.63878565954849,408.09,0
2026-04-08 17:41:00,AWS,ap-northeast-1,20.05,881.97,0
2026-04-08 17:42:00,AWS,eu-west-1,18.67,861.56,0
2026-04-08 17:43:00,Azure,us-east-1,4.4,706.85,0
2026-04-08 17:44:00,AWS,eu-west-1,11.14,583.23,0
2026-04-08 17:45:00,GCP,eu-west-1,17.1,985.17,0
2026-04-08 17:46:00,GCP,sa-east-1,71.04273629795745,732.14,0
2026-04-08 17:47:00,Azure,us-east-1,5.29,678.9,0
2026-04-08 17:48:00,Azure,sa-east-1,59.48382771370278,889.14,0
2026-04-08 17:49:00,Azure,ap-northeast-1,7.82,599.49,0
2026-04-08 17:50:00,AWS,eu-west-1,14.36,318.63,0
2026-04-08 17:51:00,GCP,eu-west-1,13.7,224.0,0
2026-04-08 17:52:00,GCP,ap-northeast-1,26.1,523.93,0
2026-04-08 17:53:00,GCP,us-east-1,12.26,564.09,0
2026-04-08 17:54:00,Azure,eu-west-1,13.49,844.92,0
2026-04-08 17:55:00,GCP,eu-west-1,6.24,225.53,0
2026-04-08 17:56:00,AWS,us-east-1,11.27,713.11,0
2026-04-08 17:57:00,AWS,sa-east-1,91.1414798663022,373.71,0
2026-04-08 17:58:00,GCP,ap-northeast-1,14.46,945.13,0
2026-04-08 17:59:00,Azure,us-east-1,9.21,523.38,0
2026-04-08 18:00:00,GCP,ap-northeast-1,15.0,660.16,0
2026-04-08 18:01:00,AWS,ap-northeast-1,20.51,685.1,0
2026-04-08 18:02:00,AWS,eu-west-1,15.63,181.9,0
2026-04-08 18:03:00,AWS,us-east-1,18.46,866.98,0
2026-04-08 18:04:00,GCP,ap-northeast-1,19.68,247.81,0
2026-04-08 18:05:00,AWS,sa-east-1,66.53461493420286,457.68,0
2026-04-08 18:06:00,Azure,ap-northeast-1,14.36,705.31,0
2026-04-08 18:07:00,GCP,eu-west-1,9.03,149.7,0
2026-04-08 18:08:00,GCP,sa-east-1,59.68411670426629,622.38,0
2026-04-08 18:09:00,AWS,sa-east-1,101.2673178228482,468.92,0
2026-04-08 18:10:00,AWS,us-east-1,6.28,157.47,0
2026-04-08 18:11:00,Azure,sa-east-1,88.57858187519706,753.75,0
2026-04-08 18:12:00,GCP,us-east-1,8.18,551.2,0
2026-04-08 18:13:00,AWS,us-east-1,13.32,373.1,0
2026-04-08 18:14:00,Azure,sa-east-1,103.23738362021199,175.9,0
2026-04-08 18:15:00,AWS,us-east-1,6.31,592.73,0
2026-04-08 18:16:00,GCP,us-east-1,14.95,375.37,0
2026-04-08 18:17:00,AWS,sa-east-1,62.726220350474435,952.02,0
2026-04-08 18:18:00,GCP,eu-west-1,16.35,632.36,0
2026-04-08 18:19:00,AWS,ap-northeast-1,16.47,356.56,0
2026-04-08 18:20:00,GCP,us-east-1,17.03,575.76,0
2026-04-08 18:21:00,Azure,us-east-1,14.47,585.55,0
2026-04-08 18:22:00,GCP,sa-east-1,101.46071465511754,754.09,0
2026-04-08 18:23:00,Azure,ap-northeast-1,9.57,911.98,0
2026-04-08 18:24:00,GCP,ap-northeast-1,8.95,966.33,0
2026-04-08 18:25:00,Azure,us-east-1,20.39,746.1,0
2026-04-08 18:26:00,AWS,sa-east-1,83.07535947050732,591.32,0
2026-04-08 18:27:00,GCP,eu-west-1,12.71,302.44,0
2026-04-08 18:28:00,AWS,ap-northeast-1,7.43,462.73,0
2026-04-08 18:29:00,Azure,eu-west-1,10.6,539.91,0
2026-04-08 18:30:00,GCP,sa-east-1,85.98315878771362,215.53,0
2026-04-08 18:31:00,GCP,eu-west-1,16.07,330.76,0
2026-04-08 18:32:00,AWS,sa-east-1,80.92515776818905,986.01,0
2026-04-08 18:33:00,GCP,us-east-1,10.67,781.02,0
2026-04-08 18:34:00,GCP,eu-west-1,5.24,533.81,0
2026-04-08 18:35:00,AWS,us-east-1,10.94,303.43,0
2026-04-08 18:36:00,GCP,us-east-1,10.04,616.1,0
2026-04-08 18:37:00,AWS,sa-east-1,71.65654900150021,308.69,0
2026-04-08 18:38:00,AWS,eu-west-1,14.02,273.8,0
2026-04-08 18:39:00,AWS,ap-northeast-1,29.23,184.38,0
2026-04-08 18:40:00,AWS,eu-west-1,12.3,411.27,0
2026-04-08 18:41:00,AWS,ap-northeast-1,16.43,587.55,0
2026-04-08 18:42:00,Azure,us-east-1,11.82,243.39,0
2026-04-08 18:43:00,Azure,us-east-1,11.82,280.39,0
2026-04-08 18:44:00,AWS,sa-east-1,78.41518314809186,452.03,0
2026-04-08 18:45:00,Azure,ap-northeast-1,14.69,540.58,0
2026-04-08 18:46:00,Azure,eu-west-1,17.98,786.05,0
2026-04-08 18:47:00,GCP,sa-east-1,104.04424214691203,609.97,0
2026-04-08 18:48:00,AWS,sa-east-1,65.03446244469488,655.93,0
2026-04-08 18:49:00,Azure,sa-east-1,103.35186157806116,726.59,0
2026-04-08 18:50:00,GCP,eu-west-1,17.61,505.88,0
2026-04-08 18:51:00,GCP,sa-east-1,60.92604139921368,408.82,0
2026-04-08 18:52:00,AWS,eu-west-1,8.88,820.38,0
2026-04-08 18:53:00,AWS,sa-east-1,106.54236678812444,845.49,0
2026-04-08 18:54:00,GCP,ap-northeast-1,9.53,238.58,0
2026-04-08 18:55:00,AWS,us-east-1,6.73,958.03,0
2026-04-08 18:56:00,AWS,ap-northeast-1,5.32,936.93,0
2026-04-08 18:57:00,GCP,ap-northeast-1,8.08,883.79,0
2026-04-08 18:58:00,GCP,sa-east-1,97.17395156657143,480.39,0
2026-04-08 18:59:00,AWS,ap-northeast-1,14.04,857.96,0
2026-04-08 19:00:00,Azure,ap-northeast-1,12.8,665.25,0
2026-04-08 19:01:00,AWS,ap-northeast-1,17.65,284.86,0
2026-04-08 19:02:00,Azure,sa-east-1,78.36795176729866,797.39,0
2026-04-08 19:03:00,GCP,eu-west-1,15.63,465.49,0
2026-04-08 19:04:00,Azure,us-east-1,8.13,362.95,0
2026-04-08 19:05:00,GCP,us-east-1,17.94,890.46,0
2026-04-08 19:06:00,AWS,eu-west-1,4.9,876.05,0
2026-04-08 19:07:00,AWS,eu-west-1,10.82,877.94,0
2026-04-08 19:08:00,GCP,ap-northeast-1,9.98,873.57,0
2026-04-08 19:09:00,GCP,us-east-1,18.15,598.81,1
2026-04-08 19:10:00,GCP,eu-west-1,18.01,655.23,0
2026-04-08 19:11:00,AWS,ap-northeast-1,22.41,953.98,0
2026-04-08 19:12:00,AWS,us-east-1,4.45,216.41,0
2026-04-08 19:13:00,Azure,sa-east-1,82.8753528669771,825.64,0
2026-04-08 19:14:00,GCP,sa-east-1,101.20180410000141,573.64,0
2026-04-08 19:15:00,Azure,us-east-1,28.62,980.57,0
2026-04-08 19:16:00,AWS,us-east-1,37.03,675.3,0
2026-04-08 19:17:00,Azure,sa-east-1,104.30741270146848,246.29,0
2026-04-08 19:18:00,Azure,sa-east-1,83.17884599389977,833.94,0
2026-04-08 19:19:00,AWS,us-east-1,6.54,705.4,0
2026-04-08 19:20:00,AWS,ap-northeast-1,8.56,234.04,0
2026-04-08 19:21:00,GCP,eu-west-1,16.2,108.09,0
2026-04-08 19:22:00,Azure,eu-west-1,7.16,589.28,0
2026-04-08 19:23:00,AWS,us-east-1,4.81,317.34,0
2026-04-08 19:24:00,AWS,eu-west-1,20.92,880.52,0
2026-04-08 19:25:00,Azure,sa-east-1,74.99037144502573,325.84,0
2026-04-08 19:26:00,AWS,sa-east-1,97.31414391086655,696.57,0
2026-04-08 19:27:00,GCP,eu-west-1,17.92,410.62,0
2026-04-08 19:28:00,GCP,us-east-1,13.45,415.29,0
2026-04-08 19:29:00,Azure,sa-east-1,89.29720023081282,263.63,0
2026-04-08 19:30:00,GCP,ap-northeast-1,25.54,552.45,0
2026-04-08 19:31:00,AWS,ap-northeast-1,17.85,621.34,0
2026-04-08 19:32:00,AWS,sa-east-1,91.35832407215446,622.91,0
2026-04-08 19:33:00,AWS,sa-east-1,107.06260460806928,870.95,0
2026-04-08 19:34:00,AWS,eu-west-1,9.81,687.11,0
2026-04-08 19:35:00,Azure,us-east-1,14.21,766.21,0
2026-04-08 19:36:00,GCP,eu-west-1,13.53,391.1,0
2026-04-08 19:37:00,GCP,us-east-1,15.56,478.62,0
2026-04-08 19:38:00,AWS,ap-northeast-1,14.39,116.46,0
2026-04-08 19:39:00,Azure,ap-northeast-1,9.69,171.2,0
2026-04-08 19:40:00,AWS,us-east-1,21.54,446.61,0
2026-04-08 19:41:00,AWS,eu-west-1,9.36,288.76,0
2026-04-08 19:42:00,Azure,sa-east-1,112.46356503035719,831.66,0
2026-04-08 19:43:00,Azure,us-east-1,15.76,708.84,0
2026-04-08 19:44:00,AWS,eu-west-1,7.21,973.27,0
2026-04-08 19:45:00,GCP,ap-northeast-1,26.6,898.33,0
2026-04-08 19:46:00,AWS,sa-east-1,110.0742450126402,979.89,0
2026-04-08 19:47:00,GCP,ap-northeast-1,7.41,428.75,0
2026-04-08 19:48:00,GCP,us-east-1,12.18,535.94,0
2026-04-08 19:49:00,Azure,ap-northeast-1,7.48,435.36,0
2026-04-08 19:50:00,Azure,ap-northeast-1,9.12,967.88,0
2026-04-08 19:51:00,AWS,us-east-1,9.03,462.44,0
2026-04-08 19:52:00,GCP,sa-east-1,106.77670903957645,205.09,0
2026-04-08 19:53:00,GCP,us-east-1,24.1,325.46,0
2026-04-08 19:54:00,AWS,eu-west-1,12.85,482.34,0
2026-04-08 19:55:00,AWS,us-east-1,13.23,642.69,0
2026-04-08 19:56:00,AWS,us-east-1,9.6,656.28,0
2026-04-08 19:57:00,Azure,sa-east-1,104.1531255804855,782.91,0
2026-04-08 19:58:00,AWS,eu-west-1,11.98,683.08,0
2026-04-08 19:59:00,AWS,ap-northeast-1,11.68,542.38,0
2026-04-08 20:00:00,GCP,ap-northeast-1,17.35,127.15,0
2026-04-08 20:01:00,AWS,ap-northeast-1,7.61,725.53,0
2026-04-08 20:02:00,GCP,ap-northeast-1,22.95,176.91,0
2026-04-08 20:03:00,GCP,sa-east-1,75.85285443146846,521.93,1
2026-04-08 20:04:00,Azure,eu-west-1,11.63,906.76,0
2026-04-08 20:05:00,AWS,sa-east-1,78.44217717923101,637.19,0
2026-04-08 20:06:00,AWS,us-east-1,22.27,279.07,0
2026-04-08 20:07:00,GCP,eu-west-1,13.19,827.16,0
2026-04-08 20:08:00,Azure,eu-west-1,8.13,370.37,0
2026-04-08 20:09:00,Azure,ap-northeast-1,11.4,619.54,0
2026-04-08 20:10:00,AWS,ap-northeast-1,44.51,672.26,0
2026-04-08 20:11:00,GCP,ap-northeast-1,17.36,758.01,0
2026-04-08 20:12:00,AWS,ap-northeast-1,5.21,158.48,0
2026-04-08 20:13:00,AWS,us-east-1,12.7,868.84,0
2026-04-08 20:14:00,AWS,ap-northeast-1,9.03,202.47,0
2026-04-08 20:15:00,AWS,sa-east-1,87.99057793564924,185.08,0
2026-04-08 20:16:00,GCP,eu-west-1,15.51,511.2,0
2026-04-08 20:17:00,Azure,us-east-1,7.5,434.96,0
2026-04-08 20:18:00,AWS,us-east-1,26.42,149.15,0
2026-04-08 20:19:00,AWS,eu-west-1,23.82,249.4,0
2026-04-08 20:20:00,AWS,eu-west-1,8.46,495.29,0
2026-04-08 20:21:00,AWS,eu-west-1,8.2,846.16,0
2026-04-08 20:22:00,Azure,us-east-1,17.06,209.17,0
2026-04-08 20:23:00,Azure,sa-east-1,90.36120878247151,194.08,0
2026-04-08 20:24:00,Azure,sa-east-1,95.09274680149251,824.35,0
2026-04-08 20:25:00,Azure,eu-west-1,19.87,543.08,0
2026-04-08 20:26:00,AWS,us-east-1,28.0,424.22,0
2026-04-08 20:27:00,GCP,ap-northeast-1,14.37,515.22,0
2026-04-08 20:28:00,Azure,us-east-1,7.28,469.76,0
2026-04-08 20:29:00,Azure,eu-west-1,18.04,803.7,0
2026-04-08 20:30:00,AWS,us-east-1,13.09,108.39,0
2026-04-08 20:31:00,AWS,us-east-1,10.37,489.84,0
2026-04-08 20:32:00,AWS,us-east-1,17.74,242.97,0
2026-04-08 20:33:00,AWS,ap-northeast-1,22.28,377.46,0
2026-04-08 20:34:00,GCP,eu-west-1,13.37,200.95,0
2026-04-08 20:35:00,GCP,eu-west-1,3.9,484.29,0
2026-04-08 20:36:00,Azure,eu-west-1,12.93,678.97,0
2026-04-08 20:37:00,GCP,sa-east-1,74.6892528342096,695.43,0
2026-04-08 20:38:00,Azure,sa-east-1,132.62649694945623,817.07,0
2026-04-08 20:39:00,Azure,eu-west-1,13.0,833.51,0
2026-04-08 20:40:00,GCP,us-east-1,11.18,637.96,0
2026-04-08 20:41:00,Azure,us-east-1,17.2,417.83,0
2026-04-08 20:42:00,AWS,eu-west-1,10.48,146.18,0
2026-04-08 20:43:00,Azure,ap-northeast-1,8.64,132.28,0
2026-04-08 20:44:00,AWS,ap-northeast-1,5.49,201.94,0
2026-04-08 20:45:00,GCP,us-east-1,9.05,985.45,0
2026-04-08 20:46:00,GCP,us-east-1,4.69,807.38,0
2026-04-08 20:47:00,Azure,sa-east-1,72.57293459482815,464.39,0
2026-04-08 20:48:00,AWS,ap-northeast-1,13.57,519.58,0
2026-04-08 20:49:00,Azure,us-east-1,17.26,763.64,0
2026-04-08 20:50:00,GCP,us-east-1,7.28,562.96,0
2026-04-08 20:51:00,Azure,eu-west-1,5.93,424.37,1
2026-04-08 20:52:00,Azure,sa-east-1,124.50872845272245,414.6,0
2026-04-08 20:53:00,AWS,ap-northeast-1,11.71,288.68,0
2026-04-08 20:54:00,GCP,ap-northeast-1,17.29,897.05,0
2026-04-08 20:55:00,Azure,sa-east-1,108.60541670851792,472.74,0
2026-04-08 20:56:00,AWS,us-east-1,17.68,777.13,0
2026-04-08 20:57:00,Azure,ap-northeast-1,13.65,616.39,0
2026-04-08 20:58:00,AWS,ap-northeast-1,8.16,778.68,0
2026-04-08 20:59:00,AWS,ap-northeast-1,15.97,388.82,0
2026-04-08 21:00:00,Azure,eu-west-1,14.18,776.81,0
2026-04-08 21:01:00,GCP,sa-east-1,100.26544175547701,810.97,0
2026-04-08 21:02:00,GCP,ap-northeast-1,14.12,193.85,0
2026-04-08 21:03:00,AWS,sa-east-1,77.36996007867435,182.32,0
2026-04-08 21:04:00,GCP,us-east-1,8.73,986.95,0
2026-04-08 21:05:00,AWS,sa-east-1,89.3305732904278,206.16,0
2026-04-08 21:06:00,GCP,eu-west-1,11.75,716.36,0
2026-04-08 21:07:00,Azure,eu-west-1,11.93,773.03,0
2026-04-08 21:08:00,GCP,sa-east-1,104.64525924665688,157.16,0
2026-04-08 21:09:00,AWS,eu-west-1,11.99,771.86,0
2026-04-08 21:10:00,AWS,ap-northeast-1,11.6,477.56,0
2026-04-08 21:11:00,GCP,eu-west-1,25.23,347.21,0
2026-04-08 21:12:00,Azure,us-east-1,8.65,698.8,0
2026-04-08 21:13:00,AWS,sa-east-1,89.7178879520251,849.81,0
2026-04-08 21:14:00,AWS,sa-east-1,88.79396957808393,615.52,0
2026-04-08 21:15:00,AWS,us-east-1,7.62,883.56,0
2026-04-08 21:16:00,AWS,us-east-1,7.04,120.12,0
2026-04-08 21:17:00,AWS,us-east-1,12.09,764.74,0
2026-04-08 21:18:00,Azure,us-east-1,13.98,252.46,0
2026-04-08 21:19:00,GCP,ap-northeast-1,11.17,357.47,0
2026-04-08 21:20:00,Azure,eu-west-1,9.7,615.03,0
2026-04-08 21:21:00,Azure,eu-west-1,11.02,347.0,0
2026-04-08 21:22:00,AWS,ap-northeast-1,11.88,251.34,0
2026-04-08 21:23:00,Azure,us-east-1,12.17,896.95,0
2026-04-08 21:24:00,AWS,sa-east-1,102.9988694970779,916.05,0
2026-04-08 21:25:00,Azure,sa-east-1,94.67320171596013,132.73,0
2026-04-08 21:26:00,AWS,sa-east-1,68.0708603016721,550.11,0
2026-04-08 21:27:00,AWS,us-east-1,8.71,283.31,0
2026-04-08 21:28:00,Azure,ap-northeast-1,5.6,877.07,0
2026-04-08 21:29:00,Azure,ap-northeast-1,13.25,516.27,0
2026-04-08 21:30:00,GCP,ap-northeast-1,8.54,530.61,0
2026-04-08 21:31:00,GCP,eu-west-1,11.11,664.73,0
2026-04-08 21:32:00,GCP,eu-west-1,8.4,150.06,0
2026-04-08 21:33:00,Azure,eu-west-1,7.19,214.57,0
2026-04-08 21:34:00,Azure,eu-west-1,3.47,548.55,0
2026-04-08 21:35:00,AWS,sa-east-1,93.05529669384026,970.04,0
2026-04-08 21:36:00,GCP,sa-east-1,82.26177118470457,859.25,0
2026-04-08 21:37:00,AWS,ap-northeast-1,15.8,900.43,0
2026-04-08 21:38:00,AWS,eu-west-1,34.48,223.44,0
2026-04-08 21:39:00,AWS,ap-northeast-1,30.42,962.76,0
2026-04-08 21:40:00,AWS,us-east-1,11.7,756.99,0
2026-04-08 21:41:00,GCP,eu-west-1,8.2,393.12,0
2026-04-08 21:42:00,AWS,eu-west-1,4.6,878.02,0
2026-04-08 21:43:00,Azure,ap-northeast-1,9.88,772.58,0
2026-04-08 21:44:00,Azure,ap-northeast-1,7.72,762.86,0
2026-04-08 21:45:00,Azure,us-east-1,8.43,761.16,0
2026-04-08 21:46:00,GCP,ap-northeast-1,5.39,820.77,0
2026-04-08 21:47:00,AWS,eu-west-1,17.31,953.68,0
2026-04-08 21:48:00,GCP,sa-east-1,75.90663831630019,223.18,0
2026-04-08 21:49:00,AWS,us-east-1,7.71,999.57,0
2026-04-08 21:50:00,GCP,us-east-1,18.69,885.11,0
2026-04-08 21:51:00,GCP,eu-west-1,12.55,497.46,0
2026-04-08 21:52:00,AWS,sa-east-1,73.50154215690247,241.69,0
2026-04-08 21:53:00,GCP,ap-northeast-1,17.94,508.41,0
2026-04-08 21:54:00,AWS,ap-northeast-1,14.62,800.75,0
2026-04-08 21:55:00,Azure,sa-east-1,75.83338653538914,642.21,0
2026-04-08 21:56:00,Azure,sa-east-1,119.12202179125312,351.6,0
2026-04-08 21:57:00,Azure,eu-west-1,17.93,466.12,0
2026-04-08 21:58:00,GCP,ap-northeast-1,18.06,958.87,1
2026-04-08 21:59:00,Azure,eu-west-1,6.27,823.44,0
2026-04-08 22:00:00,AWS,ap-northeast-1,5.85,211.66,0
2026-04-08 22:01:00,Azure,ap-northeast-1,25.96,590.85,0
2026-04-08 22:02:00,Azure,sa-east-1,66.13820112990264,937.89,0
2026-04-08 22:03:00,GCP,eu-west-1,13.82,130.88,0
2026-04-08 22:04:00,AWS,sa-east-1,95.84122572790264,138.29,0
2026-04-08 22:05:00,GCP,eu-west-1,27.56,745.06,0
2026-04-08 22:06:00,GCP,ap-northeast-1,16.23,617.99,0
2026-04-08 22:07:00,AWS,us-east-1,9.38,141.4,0
2026-04-08 22:08:00,GCP,us-east-1,10.56,996.41,0
2026-04-08 22:09:00,AWS,eu-west-1,14.66,622.09,0
2026-04-08 22:10:00,Azure,eu-west-1,13.3,542.74,0
2026-04-08 22:11:00,AWS,sa-east-1,74.86636397025883,502.93,0
2026-04-08 22:12:00,AWS,ap-northeast-1,3.23,730.62,0
2026-04-08 22:13:00,AWS,us-east-1,8.43,512.52,0
2026-04-08 22:14:00,GCP,sa-east-1,108.10102424597783,693.17,0
2026-04-08 22:15:00,AWS,eu-west-1,12.12,539.5,0
2026-04-08 22:16:00,AWS,ap-northeast-1,28.6,649.65,0
2026-04-08 22:17:00,AWS,sa-east-1,89.64463659729483,824.67,0
2026-04-08 22:18:00,Azure,sa-east-1,70.98279435850039,835.45,0
2026-04-08 22:19:00,AWS,eu-west-1,15.67,864.14,0
2026-04-08 22:20:00,GCP,ap-northeast-1,3.21,282.67,0
2026-04-08 22:21:00,AWS,us-east-1,22.49,155.01,0
2026-04-08 22:22:00,AWS,sa-east-1,83.42098916601854,852.52,0
2026-04-08 22:23:00,Azure,eu-west-1,13.38,138.07,0
2026-04-08 22:24:00,AWS,sa-east-1,70.05431452154856,292.14,0
2026-04-08 22:25:00,GCP,eu-west-1,20.35,573.58,0
2026-04-08 22:26:00,AWS,eu-west-1,10.23,869.89,0
2026-04-08 22:27:00,GCP,eu-west-1,18.38,907.1,0
2026-04-08 22:28:00,Azure,ap-northeast-1,14.62,665.25,0
2026-04-08 22:29:00,AWS,us-east-1,12.95,970.08,0
2026-04-08 22:30:00,Azure,ap-northeast-1,11.54,756.95,0
2026-04-08 22:31:00,AWS,us-east-1,9.44,574.95,0
2026-04-08 22:32:00,GCP,eu-west-1,11.21,220.93,0
2026-04-08 22:33:00,Azure,us-east-1,10.06,485.91,0
2026-04-08 22:34:00,AWS,ap-northeast-1,15.02,840.11,0
2026-04-08 22:35:00,GCP,sa-east-1,75.88197266273092,355.28,0
2026-04-08 22:36:00,Azure,ap-northeast-1,12.63,620.44,0
2026-04-08 22:37:00,AWS,ap-northeast-1,26.0,985.09,0
2026-04-08 22:38:00,Azure,ap-northeast-1,9.78,256.98,0
2026-04-08 22:39:00,AWS,ap-northeast-1,15.17,191.31,0
2026-04-08 22:40:00,GCP,ap-northeast-1,3.81,816.04,0
2026-04-08 22:41:00,GCP,us-east-1,5.53,122.43,0
2026-04-08 22:42:00,Azure,us-east-1,11.4,678.93,0
2026-04-08 22:43:00,Azure,sa-east-1,98.35314775943824,402.17,0
2026-04-08 22:44:00,AWS,ap-northeast-1,12.44,751.43,0
2026-04-08 22:45:00,GCP,ap-northeast-1,36.43,208.23,0
2026-04-08 22:46:00,AWS,sa-east-1,89.06706844340533,397.04,0
2026-04-08 22:47:00,GCP,sa-east-1,63.257276173316654,115.33,0
2026-04-08 22:48:00,Azure,eu-west-1,8.51,311.58,0
2026-04-08 22:49:00,AWS,sa-east-1,92.50587398954826,534.93,0
2026-04-08 22:50:00,AWS,sa-east-1,97.50723235861003,259.85,0
2026-04-08 22:51:00,GCP,sa-east-1,86.7299818239564,639.69,0
2026-04-08 22:52:00,GCP,eu-west-1,7.76,206.33,0
2026-04-08 22:53:00,GCP,us-east-1,18.39,770.7,0
2026-04-08 22:54:00,Azure,eu-west-1,12.97,929.5,0
2026-04-08 22:55:00,AWS,us-east-1,14.04,447.33,0
2026-04-08 22:56:00,GCP,sa-east-1,84.57995603487628,575.39,0
2026-04-08 22:57:00,Azure,eu-west-1,22.3,539.66,0
2026-04-08 22:58:00,GCP,eu-west-1,11.27,806.86,0
2026-04-08 22:59:00,AWS,us-east-1,32.55,994.77,0
2026-04-08 23:00:00,GCP,eu-west-1,22.98,762.12,0
2026-04-08 23:01:00,AWS,eu-west-1,5.82,293.08,0
2026-04-08 23:02:00,Azure,ap-northeast-1,16.76,726.47,0
2026-04-08 23:03:00,Azure,us-east-1,22.96,654.19,0
2026-04-08 23:04:00,GCP,eu-west-1,9.94,289.11,0
2026-04-08 23:05:00,AWS,eu-west-1,14.97,316.87,0
2026-04-08 23:06:00,AWS,sa-east-1,76.5737728279868,687.51,0
2026-04-08 23:07:00,AWS,ap-northeast-1,7.4,827.04,0
2026-04-08 23:08:00,GCP,ap-northeast-1,10.74,786.16,0
2026-04-08 23:09:00,AWS,sa-east-1,83.02272107499316,645.77,0
2026-04-08 23:10:00,AWS,sa-east-1,66.21871457720316,943.79,0
2026-04-08 23:11:00,AWS,sa-east-1,106.84337355531221,757.94,0
2026-04-08 23:12:00,AWS,sa-east-1,100.53735877182883,587.72,0
2026-04-08 23:13:00,GCP,ap-northeast-1,6.23,834.58,1
2026-04-08 23:14:00,GCP,eu-west-1,5.53,361.44,0
2026-04-08 23:15:00,AWS,eu-west-1,22.34,337.14,0
2026-04-08 23:16:00,AWS,sa-east-1,84.7160828814934,974.31,0
2026-04-08 23:17:00,Azure,us-east-1,14.12,954.84,0
2026-04-08 23:18:00,Azure,sa-east-1,122.34978319225891,892.46,0
2026-04-08 23:19:00,AWS,eu-west-1,7.47,292.93,0
2026-04-08 23:20:00,AWS,us-east-1,7.99,628.92,0
2026-04-08 23:21:00,Azure,sa-east-1,91.06123907686406,581.55,0
2026-04-08 23:22:00,Azure,us-east-1,13.74,282.8,0
2026-04-08 23:23:00,AWS,sa-east-1,60.85823679803624,503.01,0
2026-04-08 23:24:00,GCP,ap-northeast-1,10.5,518.63,0
2026-04-08 23:25:00,GCP,eu-west-1,12.75,316.56,0
2026-04-08 23:26:00,AWS,sa-east-1,83.14270579742308,959.39,0
2026-04-08 23:27:00,AWS,us-east-1,10.12,543.44,0
2026-04-08 23:28:00,Azure,eu-west-1,32.18,572.4,0
2026-04-08 23:29:00,Azure,sa-east-1,90.21417450162743,638.72,0
2026-04-08 23:30:00,GCP,sa-east-1,80.73464892480692,898.26,0
2026-04-08 23:31:00,AWS,sa-east-1,86.99235739872888,579.98,0
2026-04-08 23:32:00,Azure,sa-east-1,77.89930276950338,586.87,0
2026-04-08 23:33:00,GCP,ap-northeast-1,42.02,316.17,0
2026-04-08 23:34:00,GCP,eu-west-1,8.95,642.54,0
2026-04-08 23:35:00,GCP,ap-northeast-1,14.22,443.03,0
2026-04-08 23:36:00,Azure,eu-west-1,18.03,682.1,0
2026-04-08 23:37:00,Azure,sa-east-1,67.66789811182906,370.67,0
2026-04-08 23:38:00,AWS,eu-west-1,19.12,744.16,0
2026-04-08 23:39:00,AWS,us-east-1,12.24,657.01,0
2026-04-08 23:40:00,GCP,eu-west-1,10.68,527.04,0
2026-04-08 23:41:00,GCP,us-east-1,9.11,187.01,0
2026-04-08 23:42:00,Azure,us-east-1,7.4,664.27,0
2026-04-08 23:43:00,Azure,ap-northeast-1,4.8,873.35,0
2026-04-08 23:44:00,AWS,eu-west-1,49.74,253.97,0
2026-04-08 23:45:00,AWS,sa-east-1,100.55504944253991,176.25,0
2026-04-08 23:46:00,AWS,eu-west-1,12.83,135.61,0
2026-04-08 23:47:00,Azure,ap-northeast-1,26.58,128.64,0
2026-04-08 23:48:00,GCP,us-east-1,24.89,857.86,0
2026-04-08 23:49:00,AWS,us-east-1,16.42,754.85,0
2026-04-08 23:50:00,AWS,ap-northeast-1,10.25,282.07,0
2026-04-08 23:51:00,Azure,ap-northeast-1,20.84,925.41,0
2026-04-08 23:52:00,AWS,eu-west-1,19.19,221.81,0
2026-04-08 23:53:00,GCP,us-east-1,18.09,436.75,0
2026-04-08 23:54:00,Azure,ap-northeast-1,10.29,506.9,0
2026-04-08 23:55:00,AWS,eu-west-1,14.72,168.31,0
2026-04-08 23:56:00,AWS,eu-west-1,13.97,412.73,0
2026-04-08 23:57:00,Azure,sa-east-1,101.79143642838079,191.69,0
2026-04-08 23:58:00,Azure,us-east-1,14.66,810.8,0
2026-04-08 23:59:00,AWS,eu-west-1,22.79,142.15,0
2026-04-09 00:00:00,GCP,ap-northeast-1,26.12,115.42,0
2026-04-09 00:01:00,Azure,us-east-1,15.64,759.25,0
2026-04-09 00:02:00,GCP,ap-northeast-1,11.21,802.76,0
2026-04-09 00:03:00,AWS,ap-northeast-1,18.68,546.07,0
2026-04-09 00:04:00,GCP,eu-west-1,7.88,386.09,0
2026-04-09 00:05:00,AWS,eu-west-1,10.09,312.81,0
2026-04-09 00:06:00,AWS,sa-east-1,98.51277703944821,205.33,0
2026-04-09 00:07:00,AWS,ap-northeast-1,31.06,535.81,0
2026-04-09 00:08:00,AWS,eu-west-1,21.54,541.98,0
2026-04-09 00:09:00,GCP,sa-east-1,72.57109062899767,510.36,0
2026-04-09 00:10:00,AWS,us-east-1,4.08,800.44,0
2026-04-09 00:11:00,AWS,sa-east-1,102.32443223352219,189.8,0
2026-04-09 00:12:00,GCP,sa-east-1,109.31995145519448,703.01,0
2026-04-09 00:13:00,Azure,ap-northeast-1,16.06,461.41,0
2026-04-09 00:14:00,GCP,us-east-1,5.95,316.85,0
2026-04-09 00:15:00,GCP,ap-northeast-1,10.33,713.43,0
2026-04-09 00:16:00,GCP,ap-northeast-1,30.96,277.91,0
2026-04-09 00:17:00,AWS,sa-east-1,74.55657482363969,307.83,0
2026-04-09 00:18:00,AWS,sa-east-1,69.82331699888466,998.69,0
2026-04-09 00:19:00,AWS,eu-west-1,8.77,899.8,0
2026-04-09 00:20:00,Azure,sa-east-1,111.44213187603155,727.43,0
2026-04-09 00:21:00,AWS,eu-west-1,11.03,384.19,0
2026-04-09 00:22:00,Azure,ap-northeast-1,22.27,583.05,0
2026-04-09 00:23:00,AWS,sa-east-1,96.55096575112015,213.95,0
2026-04-09 00:24:00,GCP,us-east-1,20.03,400.56,0
2026-04-09 00:25:00,AWS,us-east-1,35.01,161.17,0
2026-04-09 00:26:00,Azure,ap-northeast-1,19.95,649.29,0
2026-04-09 00:27:00,Azure,ap-northeast-1,16.25,871.75,0
2026-04-09 00:28:00,AWS,sa-east-1,121.30195775857909,828.6,0
2026-04-09 00:29:00,GCP,eu-west-1,16.14,870.47,0
2026-04-09 00:30:00,AWS,sa-east-1,93.71719233093411,257.14,0
2026-04-09 00:31:00,AWS,eu-west-1,7.98,685.08,0
2026-04-09 00:32:00,AWS,sa-east-1,73.410604879398,961.07,0
2026-04-09 00:33:00,GCP,us-east-1,8.91,804.93,0
2026-04-09 00:34:00,Azure,us-east-1,8.49,103.05,0
2026-04-09 00:35:00,GCP,eu-west-1,11.08,894.08,0
2026-04-09 00:36:00,Azure,sa-east-1,76.79723237621563,735.2,0
2026-04-09 00:37:00,Azure,ap-northeast-1,8.79,209.86,0
2026-04-09 00:38:00,Azure,eu-west-1,8.43,382.44,0
2026-04-09 00:39:00,GCP,us-east-1,41.72,205.76,0
2026-04-09 00:40:00,AWS,eu-west-1,17.74,756.83,0
2026-04-09 00:41:00,AWS,sa-east-1,62.01315629693917,103.17,0
2026-04-09 00:42:00,AWS,ap-northeast-1,8.3,518.07,0
2026-04-09 00:43:00,AWS,ap-northeast-1,3.6,999.83,0
2026-04-09 00:44:00,AWS,eu-west-1,5.86,866.02,0
2026-04-09 00:45:00,GCP,sa-east-1,72.38471445110801,628.5,0
2026-04-09 00:46:00,GCP,sa-east-1,96.7446633146802,724.54,0
2026-04-09 00:47:00,GCP,ap-northeast-1,12.12,643.27,0
2026-04-09 00:48:00,GCP,us-east-1,11.09,829.76,0
2026-04-09 00:49:00,GCP,sa-east-1,85.58143603074161,897.39,0
2026-04-09 00:50:00,GCP,ap-northeast-1,11.88,789.93,0
2026-04-09 00:51:00,GCP,ap-northeast-1,5.95,263.77,0
2026-04-09 00:52:00,AWS,sa-east-1,88.1570504394511,435.27,0
2026-04-09 00:53:00,Azure,sa-east-1,110.24214454446445,805.97,0
2026-04-09 00:54:00,GCP,eu-west-1,15.59,840.86,0
2026-04-09 00:55:00,Azure,us-east-1,21.05,665.92,0
2026-04-09 00:56:00,GCP,eu-west-1,5.7,742.73,0
2026-04-09 00:57:00,GCP,eu-west-1,12.43,257.05,0
2026-04-09 00:58:00,AWS,ap-northeast-1,7.57,435.4,0
2026-04-09 00:59:00,Azure,ap-northeast-1,6.85,581.17,0
2026-04-09 01:00:00,AWS,us-east-1,6.01,985.34,0
2026-04-09 01:01:00,AWS,eu-west-1,42.07,819.29,0
2026-04-09 01:02:00,Azure,eu-west-1,19.21,273.36,0
2026-04-09 01:03:00,AWS,ap-northeast-1,27.42,417.17,0
2026-04-09 01:04:00,GCP,ap-northeast-1,14.53,295.21,0
2026-04-09 01:05:00,GCP,sa-east-1,66.90519654022167,237.03,0
2026-04-09 01:06:00,GCP,eu-west-1,17.05,207.98,0
2026-04-09 01:07:00,GCP,us-east-1,39.3,969.13,0
2026-04-09 01:08:00,GCP,eu-west-1,15.84,915.97,0
2026-04-09 01:09:00,AWS,ap-northeast-1,11.52,534.92,0
2026-04-09 01:10:00,AWS,sa-east-1,90.8811782746004,593.69,0
2026-04-09 01:11:00,GCP,eu-west-1,21.28,854.76,0
2026-04-09 01:12:00,GCP,us-east-1,12.09,683.95,0
2026-04-09 01:13:00,AWS,ap-northeast-1,11.49,759.39,0
2026-04-09 01:14:00,Azure,sa-east-1,91.0491273656497,812.03,0
2026-04-09 01:15:00,AWS,eu-west-1,14.55,534.73,0
2026-04-09 01:16:00,AWS,us-east-1,6.46,977.31,0
2026-04-09 01:17:00,AWS,ap-northeast-1,10.05,665.53,0
2026-04-09 01:18:00,AWS,us-east-1,11.42,670.14,0
2026-04-09 01:19:00,AWS,eu-west-1,7.17,226.94,0
2026-04-09 01:20:00,Azure,ap-northeast-1,12.05,988.96,0
2026-04-09 01:21:00,GCP,eu-west-1,19.62,163.7,0
2026-04-09 01:22:00,GCP,sa-east-1,121.44828841921967,987.07,0
2026-04-09 01:23:00,Azure,eu-west-1,10.82,919.51,0
2026-04-09 01:24:00,GCP,sa-east-1,67.88294633400497,870.78,0
2026-04-09 01:25:00,GCP,eu-west-1,10.69,706.24,0
2026-04-09 01:26:00,GCP,us-east-1,16.66,647.97,0
2026-04-09 01:27:00,Azure,us-east-1,8.92,996.96,1
2026-04-09 01:28:00,Azure,ap-northeast-1,8.91,976.6,0
2026-04-09 01:29:00,GCP,us-east-1,13.95,830.65,0
2026-04-09 01:30:00,GCP,us-east-1,15.79,178.18,0
2026-04-09 01:31:00,GCP,sa-east-1,98.8043549485564,434.95,0
2026-04-09 01:32:00,AWS,us-east-1,12.96,879.34,0
2026-04-09 01:33:00,AWS,sa-east-1,61.8510736887767,732.27,0
2026-04-09 01:34:00,AWS,sa-east-1,90.67312147530392,209.8,0
2026-04-09 01:35:00,Azure,sa-east-1,85.94942671829118,413.42,0
2026-04-09 01:36:00,GCP,eu-west-1,26.44,117.48,0
2026-04-09 01:37:00,Azure,sa-east-1,105.19614418359264,903.52,0
2026-04-09 01:38:00,Azure,eu-west-1,34.88,772.3,0
2026-04-09 01:39:00,Azure,sa-east-1,89.39160484986859,492.27,0
2026-04-09 01:40:00,GCP,eu-west-1,8.1,784.35,0
2026-04-09 01:41:00,AWS,ap-northeast-1,10.15,940.08,0
2026-04-09 01:42:00,GCP,ap-northeast-1,7.02,351.9,0
2026-04-09 01:43:00,GCP,eu-west-1,8.72,357.24,0
2026-04-09 01:44:00,Azure,ap-northeast-1,5.57,534.39,0
2026-04-09 01:45:00,Azure,us-east-1,7.68,736.21,0
2026-04-09 01:46:00,Azure,sa-east-1,92.09467048360266,993.73,0
2026-04-09 01:47:00,AWS,eu-west-1,18.93,246.64,0
2026-04-09 01:48:00,AWS,ap-northeast-1,5.42,407.92,0
2026-04-09 01:49:00,AWS,ap-northeast-1,37.07,427.1,0
2026-04-09 01:50:00,GCP,us-east-1,10.37,753.24,0
2026-04-09 01:51:00,Azure,sa-east-1,78.52476416737878,897.94,0
2026-04-09 01:52:00,GCP,us-east-1,7.52,265.42,0
2026-04-09 01:53:00,AWS,eu-west-1,17.98,742.29,0
2026-04-09 01:54:00,Azure,ap-northeast-1,5.85,918.66,0
2026-04-09 01:55:00,AWS,ap-northeast-1,5.83,209.17,0
2026-04-09 01:56:00,Azure,ap-northeast-1,21.06,671.55,0
2026-04-09 01:57:00,Azure,us-east-1,11.46,282.15,0
2026-04-09 01:58:00,GCP,us-east-1,11.03,497.03,0
2026-04-09 01:59:00,GCP,sa-east-1,68.50772677463955,214.13,0
2026-04-09 02:00:00,AWS,eu-west-1,7.88,715.26,0
2026-04-09 02:01:00,GCP,sa-east-1,94.15463664427637,461.24,0
2026-04-09 02:02:00,GCP,sa-east-1,104.01264536463296,610.53,0
2026-04-09 02:03:00,GCP,ap-northeast-1,13.85,571.19,0
2026-04-09 02:04:00,Azure,us-east-1,12.67,724.59,0
2026-04-09 02:05:00,GCP,eu-west-1,12.74,906.02,0
2026-04-09 02:06:00,AWS,sa-east-1,55.17244818253655,351.77,0
2026-04-09 02:07:00,Azure,eu-west-1,13.44,635.65,0
2026-04-09 02:08:00,Azure,ap-northeast-1,10.39,616.39,0
2026-04-09 02:09:00,GCP,sa-east-1,66.54137586014294,383.63,0
2026-04-09 02:10:00,Azure,us-east-1,6.57,549.63,0
2026-04-09 02:11:00,AWS,sa-east-1,77.4880990234591,136.41,0
2026-04-09 02:12:00,AWS,ap-northeast-1,4.21,484.24,0
2026-04-09 02:13:00,Azure,sa-east-1,82.54941904296051,343.47,0
2026-04-09 02:14:00,GCP,ap-northeast-1,13.11,877.58,0
2026-04-09 02:15:00,GCP,sa-east-1,67.12891553517937,422.01,0
2026-04-09 02:16:00,Azure,eu-west-1,14.72,272.99,0
2026-04-09 02:17:00,AWS,us-east-1,12.78,576.7,0
2026-04-09 02:18:00,Azure,ap-northeast-1,8.67,829.87,0
2026-04-09 02:19:00,GCP,eu-west-1,5.23,418.64,0
2026-04-09 02:20:00,GCP,ap-northeast-1,17.75,862.15,0
2026-04-09 02:21:00,Azure,sa-east-1,109.97319219011483,393.52,0
2026-04-09 02:22:00,AWS,ap-northeast-1,6.31,762.04,0
2026-04-09 02:23:00,Azure,ap-northeast-1,4.26,203.73,0
2026-04-09 02:24:00,AWS,us-east-1,14.39,155.98,0
2026-04-09 02:25:00,AWS,eu-west-1,8.87,763.82,0
2026-04-09 02:26:00,Azure,sa-east-1,76.26310570328006,431.56,0
2026-04-09 02:27:00,Azure,us-east-1,21.96,453.7,0
2026-04-09 02:28:00,AWS,ap-northeast-1,4.77,616.74,0
2026-04-09 02:29:00,AWS,us-east-1,10.75,988.18,0
2026-04-09 02:30:00,AWS,ap-northeast-1,17.5,254.36,0
2026-04-09 02:31:00,AWS,sa-east-1,72.69088301100354,369.87,0
2026-04-09 02:32:00,GCP,ap-northeast-1,6.35,683.83,0
2026-04-09 02:33:00,Azure,us-east-1,23.54,730.87,0
2026-04-09 02:34:00,AWS,us-east-1,24.78,735.53,0
2026-04-09 02:35:00,Azure,ap-northeast-1,20.33,635.86,0
2026-04-09 02:36:00,AWS,eu-west-1,7.9,629.46,0
2026-04-09 02:37:00,Azure,us-east-1,10.88,233.3,0
2026-04-09 02:38:00,Azure,eu-west-1,22.85,851.16,0
2026-04-09 02:39:00,AWS,eu-west-1,15.21,108.01,0
2026-04-09 02:40:00,AWS,eu-west-1,8.85,475.82,0
2026-04-09 02:41:00,Azure,eu-west-1,10.95,293.87,0
2026-04-09 02:42:00,Azure,us-east-1,5.68,193.91,0
2026-04-09 02:43:00,Azure,us-east-1,21.64,387.54,0
2026-04-09 02:44:00,GCP,eu-west-1,11.58,691.47,0
2026-04-09 02:45:00,AWS,us-east-1,29.12,547.37,0
2026-04-09 02:46:00,GCP,eu-west-1,4.89,886.17,0
2026-04-09 02:47:00,GCP,eu-west-1,7.5,639.72,0
2026-04-09 02:48:00,AWS,eu-west-1,11.87,327.82,0
2026-04-09 02:49:00,AWS,ap-northeast-1,37.74,563.7,0
2026-04-09 02:50:00,GCP,sa-east-1,101.37168169576651,304.65,0
2026-04-09 02:51:00,AWS,us-east-1,8.33,260.79,0
2026-04-09 02:52:00,Azure,us-east-1,12.29,959.52,0
2026-04-09 02:53:00,Azure,eu-west-1,8.69,521.23,0
2026-04-09 02:54:00,GCP,ap-northeast-1,19.55,686.09,0
2026-04-09 02:55:00,GCP,ap-northeast-1,18.74,886.09,0
2026-04-09 02:56:00,AWS,us-east-1,27.25,389.96,0
2026-04-09 02:57:00,AWS,eu-west-1,5.36,810.12,0
2026-04-09 02:58:00,GCP,us-east-1,4.94,809.94,0
2026-04-09 02:59:00,GCP,eu-west-1,10.84,841.61,0
2026-04-09 03:00:00,Azure,eu-west-1,18.32,270.52,0
2026-04-09 03:01:00,Azure,sa-east-1,98.42057279810561,966.56,0
2026-04-09 03:02:00,AWS,eu-west-1,13.74,347.3,0
2026-04-09 03:03:00,Azure,sa-east-1,114.00512100470804,799.13,0
2026-04-09 03:04:00,AWS,us-east-1,25.98,246.08,0
2026-04-09 03:05:00,AWS,us-east-1,8.22,931.8,0
2026-04-09 03:06:00,AWS,ap-northeast-1,25.37,485.06,0
2026-04-09 03:07:00,Azure,sa-east-1,122.5398310764404,701.79,0
2026-04-09 03:08:00,GCP,us-east-1,9.24,865.17,0
2026-04-09 03:09:00,GCP,sa-east-1,100.37433241632516,354.15,0
2026-04-09 03:10:00,Azure,us-east-1,17.8,450.1,0
2026-04-09 03:11:00,GCP,sa-east-1,111.1770291598092,382.05,0
2026-04-09 03:12:00,AWS,sa-east-1,69.12003703599657,354.58,0
2026-04-09 03:13:00,GCP,eu-west-1,31.82,559.27,0
2026-04-09 03:14:00,Azure,us-east-1,7.54,592.07,0
2026-04-09 03:15:00,GCP,ap-northeast-1,10.91,169.14,0
2026-04-09 03:16:00,AWS,eu-west-1,6.93,705.96,0
2026-04-09 03:17:00,AWS,ap-northeast-1,15.11,478.0,0
2026-04-09 03:18:00,Azure,sa-east-1,84.46910824620002,900.58,0
2026-04-09 03:19:00,Azure,eu-west-1,12.49,896.97,0
2026-04-09 03:20:00,Azure,sa-east-1,83.02735889606996,748.08,0
2026-04-09 03:21:00,AWS,us-east-1,9.84,868.4,0
2026-04-09 03:22:00,GCP,us-east-1,11.78,930.26,1
2026-04-09 03:23:00,GCP,ap-northeast-1,10.69,619.6,0
2026-04-09 03:24:00,Azure,us-east-1,11.93,974.72,0
2026-04-09 03:25:00,GCP,ap-northeast-1,5.76,959.86,0
2026-04-09 03:26:00,GCP,sa-east-1,102.9362103510211,198.89,0
2026-04-09 03:27:00,Azure,eu-west-1,14.49,570.48,0
2026-04-09 03:28:00,Azure,us-east-1,14.73,203.02,0
2026-04-09 03:29:00,AWS,sa-east-1,76.33055347891569,715.72,1
2026-04-09 03:30:00,AWS,eu-west-1,15.86,788.75,0
2026-04-09 03:31:00,AWS,sa-east-1,81.44633292978992,896.21,0
2026-04-09 03:32:00,AWS,ap-northeast-1,10.22,685.01,0
2026-04-09 03:33:00,GCP,sa-east-1,87.70719916713068,508.59,0
2026-04-09 03:34:00,GCP,ap-northeast-1,4.93,240.34,0
2026-04-09 03:35:00,AWS,ap-northeast-1,16.24,212.59,0
2026-04-09 03:36:00,AWS,us-east-1,18.04,537.1,0
2026-04-09 03:37:00,Azure,ap-northeast-1,19.41,849.29,0
2026-04-09 03:38:00,GCP,ap-northeast-1,10.43,775.65,0
2026-04-09 03:39:00,GCP,sa-east-1,78.06679519732556,892.72,0
2026-04-09 03:40:00,AWS,ap-northeast-1,9.63,829.89,0
2026-04-09 03:41:00,GCP,ap-northeast-1,9.41,284.92,0
2026-04-09 03:42:00,Azure,sa-east-1,60.50103925849463,280.29,0
2026-04-09 03:43:00,Azure,eu-west-1,14.13,512.21,0
2026-04-09 03:44:00,GCP,us-east-1,18.58,272.04,0
2026-04-09 03:45:00,AWS,sa-east-1,108.10208445799744,268.73,0
2026-04-09 03:46:00,GCP,ap-northeast-1,12.32,341.0,0
2026-04-09 03:47:00,Azure,sa-east-1,98.9606164355556,120.31,0
2026-04-09 03:48:00,AWS,eu-west-1,17.83,614.21,0
2026-04-09 03:49:00,GCP,sa-east-1,74.48478004568553,456.95,0
2026-04-09 03:50:00,AWS,sa-east-1,78.99382833847284,313.66,0
2026-04-09 03:51:00,AWS,sa-east-1,110.37291626997627,220.8,0
2026-04-09 03:52:00,Azure,sa-east-1,115.50852907951203,510.27,0
2026-04-09 03:53:00,AWS,ap-northeast-1,27.87,641.76,0
2026-04-09 03:54:00,GCP,sa-east-1,80.1655953744331,975.95,0
2026-04-09 03:55:00,AWS,eu-west-1,8.92,328.44,0
2026-04-09 03:56:00,AWS,sa-east-1,92.45931862252262,123.7,0
2026-04-09 03:57:00,GCP,sa-east-1,111.07756449202994,762.41,0
2026-04-09 03:58:00,Azure,ap-northeast-1,6.77,311.65,0
2026-04-09 03:59:00,Azure,ap-northeast-1,27.88,535.84,0
2026-04-09 04:00:00,GCP,sa-east-1,65.64517715791294,827.4,0
2026-04-09 04:01:00,GCP,ap-northeast-1,18.43,133.28,0
2026-04-09 04:02:00,Azure,ap-northeast-1,14.32,227.37,0
2026-04-09 04:03:00,AWS,sa-east-1,103.05933222699066,188.36,0
2026-04-09 04:04:00,GCP,ap-northeast-1,10.54,310.35,0
2026-04-09 04:05:00,AWS,us-east-1,11.32,255.73,0
2026-04-09 04:06:00,GCP,us-east-1,3.2,384.94,0
2026-04-09 04:07:00,Azure,us-east-1,16.14,771.67,0
2026-04-09 04:08:00,AWS,ap-northeast-1,36.21,138.11,0
2026-04-09 04:09:00,AWS,us-east-1,8.05,166.39,0
2026-04-09 04:10:00,GCP,eu-west-1,5.85,607.89,0
2026-04-09 04:11:00,AWS,us-east-1,26.69,568.23,0
2026-04-09 04:12:00,GCP,eu-west-1,14.71,526.67,0
2026-04-09 04:13:00,Azure,ap-northeast-1,19.15,564.32,0
2026-04-09 04:14:00,AWS,us-east-1,15.67,767.83,0
2026-04-09 04:15:00,GCP,eu-west-1,7.66,618.5,0
2026-04-09 04:16:00,AWS,ap-northeast-1,19.19,511.28,0
2026-04-09 04:17:00,GCP,us-east-1,9.52,173.58,0
2026-04-09 04:18:00,GCP,sa-east-1,97.55509108602207,977.29,0
2026-04-09 04:19:00,GCP,us-east-1,16.76,315.4,0
2026-04-09 04:20:00,Azure,us-east-1,13.28,882.24,0
2026-04-09 04:21:00,AWS,us-east-1,14.98,441.08,0
2026-04-09 04:22:00,Azure,sa-east-1,110.8841184286083,715.54,0
2026-04-09 04:23:00,GCP,eu-west-1,18.45,508.72,0
2026-04-09 04:24:00,GCP,eu-west-1,23.3,418.75,0
2026-04-09 04:25:00,Azure,sa-east-1,67.76117621297124,652.87,0
2026-04-09 04:26:00,Azure,us-east-1,25.09,582.5,0
2026-04-09 04:27:00,AWS,us-east-1,21.45,309.19,0
2026-04-09 04:28:00,GCP,us-east-1,17.64,402.62,0
2026-04-09 04:29:00,Azure,eu-west-1,9.14,130.94,0
2026-04-09 04:30:00,GCP,eu-west-1,19.88,274.23,0
2026-04-09 04:31:00,GCP,sa-east-1,71.30436118356037,402.25,0
2026-04-09 04:32:00,AWS,ap-northeast-1,6.23,974.91,0
2026-04-09 04:33:00,AWS,sa-east-1,82.67417382421473,574.38,0
2026-04-09 04:34:00,AWS,eu-west-1,6.64,730.72,0
2026-04-09 04:35:00,Azure,us-east-1,6.71,706.24,0
2026-04-09 04:36:00,GCP,us-east-1,7.04,982.8,0
2026-04-09 04:37:00,Azure,us-east-1,18.51,600.1,0
2026-04-09 04:38:00,Azure,us-east-1,12.69,626.94,0
2026-04-09 04:39:00,AWS,ap-northeast-1,18.94,370.06,0
2026-04-09 04:40:00,GCP,sa-east-1,100.5412584649516,663.51,0
2026-04-09 04:41:00,GCP,sa-east-1,99.36552850542348,781.95,0
2026-04-09 04:42:00,AWS,eu-west-1,7.91,192.93,0
2026-04-09 04:43:00,GCP,sa-east-1,102.23318777481315,532.11,0
2026-04-09 04:44:00,AWS,ap-northeast-1,17.71,479.71,0
2026-04-09 04:45:00,Azure,ap-northeast-1,10.87,202.23,0
2026-04-09 04:46:00,Azure,ap-northeast-1,14.31,407.16,0
2026-04-09 04:47:00,AWS,us-east-1,9.46,581.66,0
2026-04-09 04:48:00,Azure,eu-west-1,8.48,684.88,0
2026-04-09 04:49:00,Azure,ap-northeast-1,14.86,360.0,0
2026-04-09 04:50:00,AWS,sa-east-1,89.40710113646657,528.67,0
2026-04-09 04:51:00,Azure,sa-east-1,91.37670725086471,760.67,0
2026-04-09 04:52:00,GCP,sa-east-1,81.1240177736761,480.02,0
2026-04-09 04:53:00,Azure,ap-northeast-1,6.95,946.7,0
2026-04-09 04:54:00,AWS,ap-northeast-1,9.51,127.64,0
2026-04-09 04:55:00,GCP,sa-east-1,77.4032135757316,334.2,0
2026-04-09 04:56:00,GCP,ap-northeast-1,33.24,220.05,0
2026-04-09 04:57:00,Azure,sa-east-1,101.73098460831147,587.16,0
2026-04-09 04:58:00,GCP,us-east-1,7.92,259.64,0
2026-04-09 04:59:00,AWS,ap-northeast-1,6.89,767.66,0
2026-04-09 05:00:00,GCP,us-east-1,9.1,926.52,0
2026-04-09 05:01:00,Azure,us-east-1,13.66,286.48,0
2026-04-09 05:02:00,Azure,ap-northeast-1,17.4,916.09,0
2026-04-09 05:03:00,GCP,sa-east-1,84.6653548701141,668.58,0
2026-04-09 05:04:00,AWS,eu-west-1,8.5,276.55,0
2026-04-09 05:05:00,AWS,us-east-1,6.33,762.89,0
2026-04-09 05:06:00,Azure,ap-northeast-1,16.91,181.79,0
2026-04-09 05:07:00,Azure,us-east-1,9.25,722.93,0
2026-04-09 05:08:00,AWS,sa-east-1,86.6081052241338,875.14,0
2026-04-09 05:09:00,GCP,ap-northeast-1,7.34,955.34,1
2026-04-09 05:10:00,GCP,eu-west-1,5.6,149.08,0
2026-04-09 05:11:00,GCP,ap-northeast-1,27.73,155.74,0
2026-04-09 05:12:00,GCP,us-east-1,8.76,937.36,0
2026-04-09 05:13:00,AWS,ap-northeast-1,4.56,810.63,0
2026-04-09 05:14:00,Azure,ap-northeast-1,13.22,796.84,0
2026-04-09 05:15:00,Azure,us-east-1,11.31,768.36,0
2026-04-09 05:16:00,GCP,eu-west-1,4.78,745.6,0
2026-04-09 05:17:00,AWS,sa-east-1,105.596671930043,651.9,0
2026-04-09 05:18:00,AWS,ap-northeast-1,16.97,831.47,0
2026-04-09 05:19:00,GCP,eu-west-1,18.56,130.76,0
2026-04-09 05:20:00,GCP,sa-east-1,90.2512986560152,766.27,0
2026-04-09 05:21:00,GCP,us-east-1,6.35,624.63,0
2026-04-09 05:22:00,Azure,eu-west-1,11.81,916.71,0
2026-04-09 05:23:00,GCP,eu-west-1,9.58,942.74,0
2026-04-09 05:24:00,Azure,ap-northeast-1,8.8,317.2,0
2026-04-09 05:25:00,AWS,us-east-1,27.61,810.51,0
2026-04-09 05:26:00,AWS,ap-northeast-1,7.42,961.3,0
2026-04-09 05:27:00,Azure,us-east-1,9.66,339.98,0
2026-04-09 05:28:00,Azure,sa-east-1,100.17539087918331,865.98,0
2026-04-09 05:29:00,Azure,ap-northeast-1,14.83,627.88,0
2026-04-09 05:30:00,Azure,us-east-1,28.39,455.5,0
2026-04-09 05:31:00,GCP,us-east-1,11.23,841.25,0
2026-04-09 05:32:00,AWS,eu-west-1,14.09,883.27,0
2026-04-09 05:33:00,GCP,ap-northeast-1,6.67,354.38,0
2026-04-09 05:34:00,Azure,ap-northeast-1,16.24,815.02,0
2026-04-09 05:35:00,GCP,sa-east-1,121.36311907820044,144.7,0
2026-04-09 05:36:00,GCP,us-east-1,9.84,475.9,0
2026-04-09 05:37:00,AWS,eu-west-1,18.2,162.81,0
2026-04-09 05:38:00,GCP,us-east-1,6.02,364.45,0
2026-04-09 05:39:00,AWS,us-east-1,10.25,955.33,0
2026-04-09 05:40:00,Azure,us-east-1,10.51,761.26,0
2026-04-09 05:41:00,GCP,ap-northeast-1,14.53,780.04,0
2026-04-09 05:42:00,Azure,us-east-1,11.36,221.04,0
2026-04-09 05:43:00,AWS,sa-east-1,83.5667209132001,620.82,0
2026-04-09 05:44:00,Azure,eu-west-1,9.42,449.95,0
2026-04-09 05:45:00,Azure,eu-west-1,17.56,760.76,0
2026-04-09 05:46:00,AWS,us-east-1,13.21,241.38,0
2026-04-09 05:47:00,Azure,eu-west-1,7.1,353.73,0
2026-04-09 05:48:00,Azure,us-east-1,4.0,908.72,0
2026-04-09 05:49:00,Azure,ap-northeast-1,13.11,252.8,0
2026-04-09 05:50:00,GCP,eu-west-1,8.65,669.17,0
2026-04-09 05:51:00,Azure,ap-northeast-1,13.98,383.64,0
2026-04-09 05:52:00,AWS,ap-northeast-1,6.49,173.7,0
2026-04-09 05:53:00,GCP,sa-east-1,80.8170042176556,301.31,0
2026-04-09 05:54:00,GCP,sa-east-1,79.65605969482803,882.47,0
2026-04-09 05:55:00,AWS,eu-west-1,10.81,919.49,0
2026-04-09 05:56:00,Azure,us-east-1,4.49,477.85,0
2026-04-09 05:57:00,GCP,us-east-1,11.85,658.81,0
2026-04-09 05:58:00,GCP,us-east-1,8.53,568.45,0
2026-04-09 05:59:00,GCP,us-east-1,7.59,351.72,0
2026-04-09 06:00:00,Azure,sa-east-1,65.42975395944752,410.32,0
2026-04-09 06:01:00,GCP,us-east-1,20.05,574.14,0
2026-04-09 06:02:00,AWS,us-east-1,9.13,725.83,0
2026-04-09 06:03:00,Azure,ap-northeast-1,17.27,414.87,0
2026-04-09 06:04:00,AWS,us-east-1,10.94,729.02,0
2026-04-09 06:05:00,AWS,us-east-1,11.64,964.88,0
2026-04-09 06:06:00,GCP,sa-east-1,112.50380494205228,122.1,0
2026-04-09 06:07:00,GCP,eu-west-1,10.59,247.45,0
2026-04-09 06:08:00,GCP,ap-northeast-1,17.87,924.64,0
2026-04-09 06:09:00,AWS,ap-northeast-1,10.87,164.41,0
2026-04-09 06:10:00,Azure,eu-west-1,16.12,788.54,0
2026-04-09 06:11:00,GCP,ap-northeast-1,10.67,661.58,0
2026-04-09 06:12:00,GCP,us-east-1,13.27,142.93,0
2026-04-09 06:13:00,AWS,us-east-1,13.85,100.65,0
2026-04-09 06:14:00,Azure,eu-west-1,17.08,551.8,0
2026-04-09 06:15:00,AWS,sa-east-1,76.18998387070809,205.61,0
2026-04-09 06:16:00,GCP,sa-east-1,99.72317638160617,884.99,0
2026-04-09 06:17:00,AWS,ap-northeast-1,30.27,532.7,0
2026-04-09 06:18:00,GCP,sa-east-1,111.63391151195182,311.0,0
2026-04-09 06:19:00,Azure,sa-east-1,81.39058630621852,251.38,0
2026-04-09 06:20:00,AWS,sa-east-1,76.70866528942626,852.2,0
2026-04-09 06:21:00,GCP,sa-east-1,95.06307055991974,746.86,0
2026-04-09 06:22:00,GCP,sa-east-1,115.00092432347893,746.17,0
2026-04-09 06:23:00,GCP,sa-east-1,72.6215080655369,176.78,0
2026-04-09 06:24:00,GCP,sa-east-1,95.73901512384009,662.07,0
2026-04-09 06:25:00,AWS,ap-northeast-1,8.49,882.53,0
2026-04-09 06:26:00,GCP,us-east-1,7.3,789.31,0
2026-04-09 06:27:00,AWS,sa-east-1,119.67911404256358,206.34,0
2026-04-09 06:28:00,GCP,us-east-1,6.67,954.35,0
2026-04-09 06:29:00,AWS,eu-west-1,16.07,162.76,0
2026-04-09 06:30:00,AWS,us-east-1,10.54,601.21,0
2026-04-09 06:31:00,GCP,eu-west-1,20.94,950.51,0
2026-04-09 06:32:00,GCP,ap-northeast-1,13.66,840.03,0
2026-04-09 06:33:00,GCP,us-east-1,8.82,712.75,0
2026-04-09 06:34:00,GCP,eu-west-1,8.27,870.71,0
2026-04-09 06:35:00,Azure,us-east-1,9.77,705.95,0
2026-04-09 06:36:00,GCP,ap-northeast-1,2.6,149.45,0
2026-04-09 06:37:00,GCP,us-east-1,29.53,415.78,0
2026-04-09 06:38:00,GCP,eu-west-1,23.5,484.41,0
2026-04-09 06:39:00,AWS,sa-east-1,90.32082860125294,591.74,0
2026-04-09 06:40:00,GCP,sa-east-1,77.10965506220835,306.68,0
2026-04-09 06:41:00,AWS,sa-east-1,78.6502274046814,893.06,0
2026-04-09 06:42:00,AWS,ap-northeast-1,15.15,305.83,0
2026-04-09 06:43:00,AWS,sa-east-1,117.90465461705286,691.83,0
2026-04-09 06:44:00,AWS,ap-northeast-1,10.81,888.95,0
2026-04-09 06:45:00,Azure,sa-east-1,76.35115943951489,759.53,0
2026-04-09 06:46:00,GCP,ap-northeast-1,4.96,222.41,0
2026-04-09 06:47:00,AWS,ap-northeast-1,13.56,956.25,0
2026-04-09 06:48:00,GCP,us-east-1,12.1,182.72,0
2026-04-09 06:49:00,AWS,sa-east-1,84.66163770211,280.06,0
2026-04-09 06:50:00,Azure,us-east-1,10.99,225.32,0
2026-04-09 06:51:00,AWS,eu-west-1,10.79,700.23,0
2026-04-09 06:52:00,GCP,sa-east-1,80.69297745080397,826.67,0
2026-04-09 06:53:00,GCP,sa-east-1,107.0362633282153,314.21,0
2026-04-09 06:54:00,Azure,sa-east-1,129.45179654453318,981.32,0
2026-04-09 06:55:00,GCP,sa-east-1,103.7873632101518,225.32,0
2026-04-09 06:56:00,GCP,us-east-1,16.08,384.28,0
2026-04-09 06:57:00,AWS,us-east-1,19.06,541.28,0
2026-04-09 06:58:00,GCP,ap-northeast-1,10.03,827.96,0
2026-04-09 06:59:00,AWS,us-east-1,6.64,438.89,0
2026-04-09 07:00:00,Azure,ap-northeast-1,9.72,261.91,0
2026-04-09 07:01:00,GCP,eu-west-1,6.29,518.44,0
2026-04-09 07:02:00,AWS,us-east-1,8.07,528.85,0
2026-04-09 07:03:00,GCP,ap-northeast-1,14.78,114.58,0
2026-04-09 07:04:00,AWS,sa-east-1,141.78850704024444,118.8,0
2026-04-09 07:05:00,Azure,eu-west-1,29.01,349.87,0
2026-04-09 07:06:00,AWS,ap-northeast-1,8.99,767.1,0
2026-04-09 07:07:00,GCP,eu-west-1,19.55,429.39,0
2026-04-09 07:08:00,AWS,sa-east-1,84.60843108727475,290.08,0
2026-04-09 07:09:00,GCP,sa-east-1,104.7451288387905,201.68,0
2026-04-09 07:10:00,Azure,ap-northeast-1,11.69,352.47,0
2026-04-09 07:11:00,AWS,ap-northeast-1,4.08,533.3,0
2026-04-09 07:12:00,GCP,sa-east-1,55.29541030501551,184.04,0
2026-04-09 07:13:00,GCP,ap-northeast-1,19.23,113.44,0
2026-04-09 07:14:00,GCP,sa-east-1,83.69530158514635,214.58,0
2026-04-09 07:15:00,AWS,us-east-1,3.51,764.18,0
2026-04-09 07:16:00,AWS,ap-northeast-1,25.25,519.68,0
2026-04-09 07:17:00,AWS,eu-west-1,21.74,500.65,0
2026-04-09 07:18:00,Azure,sa-east-1,96.92992042366616,117.78,0
2026-04-09 07:19:00,GCP,us-east-1,15.29,739.85,0
2026-04-09 07:20:00,GCP,ap-northeast-1,30.22,281.72,0
2026-04-09 07:21:00,Azure,sa-east-1,98.81441071137657,181.78,0
2026-04-09 07:22:00,Azure,us-east-1,15.6,857.83,0
2026-04-09 07:23:00,AWS,ap-northeast-1,8.87,537.05,0
2026-04-09 07:24:00,AWS,sa-east-1,109.46759798401449,774.04,0
2026-04-09 07:25:00,AWS,sa-east-1,106.49414822867399,839.7,0
2026-04-09 07:26:00,AWS,sa-east-1,99.17625941098007,968.16,0
2026-04-09 07:27:00,AWS,ap-northeast-1,21.78,661.33,0
2026-04-09 07:28:00,AWS,us-east-1,5.92,161.45,0
2026-04-09 07:29:00,Azure,sa-east-1,110.8284335891465,601.92,0
2026-04-09 07:30:00,Azure,us-east-1,17.46,558.57,0
2026-04-09 07:31:00,Azure,us-east-1,10.79,151.81,0
2026-04-09 07:32:00,GCP,eu-west-1,40.09,375.67,0
2026-04-09 07:33:00,GCP,us-east-1,7.91,470.96,0
2026-04-09 07:34:00,AWS,us-east-1,11.84,244.88,0
2026-04-09 07:35:00,Azure,us-east-1,17.56,107.89,0
2026-04-09 07:36:00,GCP,us-east-1,18.76,781.28,0
2026-04-09 07:37:00,GCP,us-east-1,10.78,866.47,0
2026-04-09 07:38:00,Azure,ap-northeast-1,10.77,306.19,0
2026-04-09 07:39:00,GCP,eu-west-1,17.28,103.42,0
2026-04-09 07:40:00,GCP,sa-east-1,82.23005033376347,900.94,0
2026-04-09 07:41:00,Azure,eu-west-1,12.76,220.56,0
2026-04-09 07:42:00,GCP,eu-west-1,4.81,462.91,0
2026-04-09 07:43:00,Azure,sa-east-1,71.49894316117974,429.37,0
2026-04-09 07:44:00,GCP,us-east-1,27.32,247.84,0
2026-04-09 07:45:00,Azure,sa-east-1,93.71399300064168,638.93,0
2026-04-09 07:46:00,GCP,us-east-1,8.27,926.69,0
2026-04-09 07:47:00,GCP,sa-east-1,67.79370191678748,562.35,0
2026-04-09 07:48:00,Azure,ap-northeast-1,19.68,975.62,0
2026-04-09 07:49:00,GCP,eu-west-1,9.68,271.69,0
2026-04-09 07:50:00,Azure,us-east-1,23.75,863.65,0
2026-04-09 07:51:00,Azure,eu-west-1,23.48,331.22,0
2026-04-09 07:52:00,GCP,us-east-1,11.31,325.49,0
2026-04-09 07:53:00,AWS,sa-east-1,75.94928861056847,205.92,0
2026-04-09 07:54:00,GCP,sa-east-1,80.57503941232699,877.27,0
2026-04-09 07:55:00,AWS,sa-east-1,90.44693671265478,752.55,0
2026-04-09 07:56:00,AWS,ap-northeast-1,28.6,407.49,0
2026-04-09 07:57:00,GCP,sa-east-1,66.80950627872697,414.48,0
2026-04-09 07:58:00,AWS,sa-east-1,105.64942262676462,860.32,0
2026-04-09 07:59:00,Azure,ap-northeast-1,19.95,934.82,0
2026-04-09 08:00:00,Azure,eu-west-1,14.19,642.18,0
2026-04-09 08:01:00,AWS,eu-west-1,7.07,466.16,0
2026-04-09 08:02:00,Azure,us-east-1,8.14,147.83,0
2026-04-09 08:03:00,GCP,eu-west-1,4.17,213.91,0
2026-04-09 08:04:00,Azure,us-east-1,12.59,227.61,0
2026-04-09 08:05:00,AWS,us-east-1,16.06,349.12,0
2026-04-09 08:06:00,GCP,eu-west-1,11.09,331.33,0
2026-04-09 08:07:00,Azure,eu-west-1,6.84,588.59,0
2026-04-09 08:08:00,GCP,ap-northeast-1,9.51,949.69,0
2026-04-09 08:09:00,AWS,us-east-1,10.13,875.49,0
2026-04-09 08:10:00,Azure,eu-west-1,18.8,558.25,0
2026-04-09 08:11:00,GCP,eu-west-1,24.93,115.57,0
2026-04-09 08:12:00,GCP,ap-northeast-1,3.1,161.56,0
2026-04-09 08:13:00,Azure,eu-west-1,11.71,874.32,0
2026-04-09 08:14:00,GCP,sa-east-1,89.6123378681805,355.27,0
2026-04-09 08:15:00,GCP,sa-east-1,75.91271640792043,386.28,0
2026-04-09 08:16:00,AWS,us-east-1,18.56,225.8,0
2026-04-09 08:17:00,AWS,ap-northeast-1,9.49,300.8,0
2026-04-09 08:18:00,AWS,eu-west-1,17.15,322.47,1
2026-04-09 08:19:00,AWS,us-east-1,32.97,470.88,0
2026-04-09 08:20:00,AWS,eu-west-1,9.73,660.83,0
2026-04-09 08:21:00,AWS,sa-east-1,66.58522687202546,417.84,0
2026-04-09 08:22:00,Azure,eu-west-1,10.81,504.88,0
2026-04-09 08:23:00,AWS,eu-west-1,40.19,263.71,0
2026-04-09 08:24:00,GCP,eu-west-1,9.49,150.75,0
2026-04-09 08:25:00,Azure,sa-east-1,114.91122815452059,413.42,1
2026-04-09 08:26:00,GCP,sa-east-1,83.7916798303269,156.24,0
2026-04-09 08:27:00,AWS,ap-northeast-1,13.27,369.75,0
2026-04-09 08:28:00,AWS,sa-east-1,90.19529729867324,853.84,0
2026-04-09 08:29:00,GCP,us-east-1,10.11,430.24,0
2026-04-09 08:30:00,GCP,eu-west-1,19.91,273.94,0
2026-04-09 08:31:00,GCP,sa-east-1,84.12153255758255,911.86,0
2026-04-09 08:32:00,Azure,us-east-1,7.14,675.41,0
2026-04-09 08:33:00,AWS,sa-east-1,90.94747526948692,989.43,0
2026-04-09 08:34:00,GCP,eu-west-1,16.53,370.23,0
2026-04-09 08:35:00,AWS,us-east-1,9.09,280.33,0
2026-04-09 08:36:00,GCP,sa-east-1,97.34474853135839,368.15,0
2026-04-09 08:37:00,AWS,sa-east-1,88.98261706570307,831.24,0
2026-04-09 08:38:00,Azure,us-east-1,15.05,236.38,0
2026-04-09 08:39:00,AWS,ap-northeast-1,5.23,316.97,0
2026-04-09 08:40:00,GCP,us-east-1,10.03,731.47,0
2026-04-09 08:41:00,AWS,us-east-1,8.0,764.2,0
2026-04-09 08:42:00,Azure,us-east-1,6.49,962.96,0
2026-04-09 08:43:00,Azure,us-east-1,12.33,982.14,0
2026-04-09 08:44:00,AWS,sa-east-1,85.93062409184009,697.18,0
2026-04-09 08:45:00,GCP,us-east-1,16.57,426.52,0
2026-04-09 08:46:00,Azure,us-east-1,12.19,507.71,0
2026-04-09 08:47:00,Azure,eu-west-1,15.11,495.34,0
2026-04-09 08:48:00,AWS,sa-east-1,105.59014418028572,448.64,0
2026-04-09 08:49:00,Azure,eu-west-1,7.84,404.42,0
2026-04-09 08:50:00,Azure,sa-east-1,81.94984015509979,251.11,0
2026-04-09 08:51:00,GCP,ap-northeast-1,7.86,429.54,0
2026-04-09 08:52:00,GCP,ap-northeast-1,12.22,972.31,0
2026-04-09 08:53:00,GCP,sa-east-1,69.5219795781628,893.94,0
2026-04-09 08:54:00,AWS,ap-northeast-1,11.25,655.59,0
2026-04-09 08:55:00,Azure,ap-northeast-1,5.3,273.53,0
2026-04-09 08:56:00,AWS,sa-east-1,104.18529037212241,890.8,0
2026-04-09 08:57:00,Azure,us-east-1,8.51,380.68,0
2026-04-09 08:58:00,Azure,eu-west-1,6.28,591.14,0
2026-04-09 08:59:00,Azure,sa-east-1,68.08550521403409,920.62,0
2026-04-09 09:00:00,GCP,sa-east-1,96.55043554464969,401.22,0
2026-04-09 09:01:00,AWS,sa-east-1,111.22999090803916,922.01,0
2026-04-09 09:02:00,AWS,eu-west-1,18.87,311.62,0
2026-04-09 09:03:00,Azure,sa-east-1,61.52773741801737,935.83,0
2026-04-09 09:04:00,AWS,eu-west-1,11.22,422.8,0
2026-04-09 09:05:00,GCP,eu-west-1,12.8,437.14,0
2026-04-09 09:06:00,AWS,ap-northeast-1,8.78,597.71,0
2026-04-09 09:07:00,Azure,us-east-1,4.85,412.32,1
2026-04-09 09:08:00,GCP,ap-northeast-1,22.06,504.98,0
2026-04-09 09:09:00,GCP,sa-east-1,76.41166531631849,551.19,0
2026-04-09 09:10:00,Azure,sa-east-1,88.49092313165289,541.92,0
2026-04-09 09:11:00,AWS,eu-west-1,10.4,965.0,0
2026-04-09 09:12:00,Azure,ap-northeast-1,16.39,353.61,0
2026-04-09 09:13:00,AWS,eu-west-1,11.48,356.12,0
2026-04-09 09:14:00,AWS,ap-northeast-1,9.54,854.13,0
2026-04-09 09:15:00,GCP,ap-northeast-1,10.3,452.81,0
2026-04-09 09:16:00,Azure,ap-northeast-1,12.58,165.88,0
2026-04-09 09:17:00,GCP,ap-northeast-1,6.85,533.13,0
2026-04-09 09:18:00,Azure,ap-northeast-1,24.71,595.21,0
2026-04-09 09:19:00,Azure,us-east-1,8.99,655.92,0
2026-04-09 09:20:00,GCP,sa-east-1,80.98409650244167,311.58,0
2026-04-09 09:21:00,Azure,ap-northeast-1,10.08,975.93,0
2026-04-09 09:22:00,Azure,ap-northeast-1,19.19,763.32,0
2026-04-09 09:23:00,AWS,eu-west-1,10.65,748.13,0
2026-04-09 09:24:00,Azure,sa-east-1,75.43986850196329,885.59,0
2026-04-09 09:25:00,Azure,sa-east-1,82.68281837813437,123.51,0
2026-04-09 09:26:00,GCP,sa-east-1,61.287484829169586,651.83,0
2026-04-09 09:27:00,GCP,ap-northeast-1,8.02,836.05,0
2026-04-09 09:28:00,Azure,eu-west-1,8.64,130.94,0
2026-04-09 09:29:00,AWS,sa-east-1,79.34348577128873,780.53,0
2026-04-09 09:30:00,AWS,eu-west-1,9.69,990.73,0
2026-04-09 09:31:00,GCP,us-east-1,6.75,634.07,0
2026-04-09 09:32:00,Azure,us-east-1,5.91,482.22,0
2026-04-09 09:33:00,Azure,eu-west-1,4.88,508.25,0
2026-04-09 09:34:00,AWS,ap-northeast-1,45.92,711.53,0
2026-04-09 09:35:00,AWS,sa-east-1,95.81940375641607,612.96,0
2026-04-09 09:36:00,AWS,us-east-1,15.2,808.81,0
2026-04-09 09:37:00,GCP,us-east-1,6.66,479.47,0
2026-04-09 09:38:00,Azure,eu-west-1,22.51,475.59,0
2026-04-09 09:39:00,GCP,ap-northeast-1,7.93,771.37,0
2026-04-09 09:40:00,Azure,eu-west-1,31.04,680.97,0
2026-04-09 09:41:00,GCP,eu-west-1,32.65,800.29,0
2026-04-09 09:42:00,Azure,eu-west-1,6.97,898.45,0
2026-04-09 09:43:00,AWS,eu-west-1,22.64,337.07,0
2026-04-09 09:44:00,AWS,eu-west-1,31.15,383.53,0
2026-04-09 09:45:00,AWS,ap-northeast-1,5.47,574.26,0
2026-04-09 09:46:00,GCP,eu-west-1,5.79,937.41,0
2026-04-09 09:47:00,AWS,ap-northeast-1,4.28,851.22,0
2026-04-09 09:48:00,Azure,sa-east-1,66.54858459757135,521.6,0
2026-04-09 09:49:00,GCP,sa-east-1,90.63401475521071,615.81,0
2026-04-09 09:50:00,Azure,sa-east-1,108.95651019154515,741.08,0
2026-04-09 09:51:00,GCP,sa-east-1,68.77915893044648,570.41,0
2026-04-09 09:52:00,Azure,us-east-1,17.22,188.6,0
2026-04-09 09:53:00,Azure,ap-northeast-1,12.37,417.46,0
2026-04-09 09:54:00,GCP,sa-east-1,78.03736172590493,142.85,0
2026-04-09 09:55:00,GCP,us-east-1,20.38,702.88,0
2026-04-09 09:56:00,AWS,ap-northeast-1,13.9,403.41,0
2026-04-09 09:57:00,AWS,us-east-1,10.89,764.53,0
2026-04-09 09:58:00,Azure,us-east-1,8.08,486.74,0
2026-04-09 09:59:00,Azure,eu-west-1,19.08,141.03,0
2026-04-09 10:00:00,Azure,us-east-1,13.95,441.65,0
2026-04-09 10:01:00,GCP,us-east-1,13.59,296.83,0
2026-04-09 10:02:00,GCP,ap-northeast-1,9.0,292.86,0
2026-04-09 10:03:00,AWS,us-east-1,14.16,439.85,0
2026-04-09 10:04:00,Azure,eu-west-1,8.24,980.49,0
2026-04-09 10:05:00,AWS,sa-east-1,111.88462171825066,964.06,0
2026-04-09 10:06:00,GCP,sa-east-1,93.92695111438606,823.11,0
2026-04-09 10:07:00,GCP,ap-northeast-1,17.42,320.92,0
2026-04-09 10:08:00,GCP,ap-northeast-1,6.27,787.54,0
2026-04-09 10:09:00,AWS,us-east-1,12.48,113.83,0
2026-04-09 10:10:00,GCP,ap-northeast-1,17.31,150.71,0
2026-04-09 10:11:00,Azure,us-east-1,12.65,852.16,0
2026-04-09 10:12:00,AWS,ap-northeast-1,5.98,607.81,0
2026-04-09 10:13:00,GCP,sa-east-1,96.90519588551581,435.98,0
2026-04-09 10:14:00,AWS,sa-east-1,112.53567694069523,766.41,0
2026-04-09 10:15:00,AWS,sa-east-1,98.25290312057217,202.93,0
2026-04-09 10:16:00,GCP,sa-east-1,106.92987972765007,358.02,0
2026-04-09 10:17:00,GCP,us-east-1,22.81,754.85,0
2026-04-09 10:18:00,AWS,us-east-1,26.44,286.45,0
2026-04-09 10:19:00,AWS,us-east-1,6.76,640.58,0
2026-04-09 10:20:00,GCP,sa-east-1,73.2072697177734,502.9,0
2026-04-09 10:21:00,Azure,eu-west-1,10.26,282.13,0
2026-04-09 10:22:00,AWS,sa-east-1,91.81847166283258,899.54,0
2026-04-09 10:23:00,AWS,sa-east-1,94.33392142643186,491.97,0
2026-04-09 10:24:00,Azure,eu-west-1,12.95,638.96,0
2026-04-09 10:25:00,GCP,eu-west-1,11.32,327.73,0
2026-04-09 10:26:00,GCP,ap-northeast-1,36.6,412.12,0
2026-04-09 10:27:00,Azure,sa-east-1,101.59305666204845,144.09,0
2026-04-09 10:28:00,GCP,eu-west-1,10.52,534.89,0
2026-04-09 10:29:00,GCP,ap-northeast-1,10.6,410.36,0
2026-04-09 10:30:00,AWS,eu-west-1,15.43,396.46,0
2026-04-09 10:31:00,AWS,eu-west-1,7.56,900.95,0
2026-04-09 10:32:00,AWS,ap-northeast-1,13.94,733.48,0
2026-04-09 10:33:00,Azure,sa-east-1,72.79774759290528,511.56,0
2026-04-09 10:34:00,GCP,ap-northeast-1,7.91,275.82,0
2026-04-09 10:35:00,GCP,sa-east-1,97.60536604940636,975.93,0
2026-04-09 10:36:00,AWS,eu-west-1,5.11,167.29,0
2026-04-09 10:37:00,AWS,ap-northeast-1,10.86,222.5,1
2026-04-09 10:38:00,Azure,us-east-1,19.17,343.29,0
2026-04-09 10:39:00,GCP,eu-west-1,9.73,959.08,0
2026-04-09 10:40:00,Azure,ap-northeast-1,18.78,350.99,0
2026-04-09 10:41:00,GCP,eu-west-1,10.14,542.28,0
2026-04-09 10:42:00,Azure,ap-northeast-1,7.2,785.05,0
2026-04-09 10:43:00,AWS,sa-east-1,97.16724394802395,936.27,0
2026-04-09 10:44:00,Azure,us-east-1,7.67,644.58,0
2026-04-09 10:45:00,Azure,eu-west-1,13.07,445.85,0
2026-04-09 10:46:00,AWS,us-east-1,11.91,986.96,0
2026-04-09 10:47:00,GCP,sa-east-1,73.96842599475836,123.55,0
2026-04-09 10:48:00,GCP,ap-northeast-1,10.99,848.96,0
2026-04-09 10:49:00,AWS,us-east-1,21.17,349.69,0
2026-04-09 10:50:00,Azure,ap-northeast-1,31.18,835.71,0
2026-04-09 10:51:00,Azure,sa-east-1,85.61831174574944,245.95,0
2026-04-09 10:52:00,Azure,eu-west-1,11.09,412.14,0
2026-04-09 10:53:00,GCP,sa-east-1,71.34544678964204,150.37,0
2026-04-09 10:54:00,Azure,us-east-1,12.09,279.66,0
2026-04-09 10:55:00,GCP,us-east-1,10.41,642.51,0
2026-04-09 10:56:00,Azure,us-east-1,13.56,785.35,0
2026-04-09 10:57:00,AWS,ap-northeast-1,18.9,920.1,0
2026-04-09 10:58:00,AWS,eu-west-1,6.65,207.72,0
2026-04-09 10:59:00,GCP,us-east-1,10.95,226.52,0
2026-04-09 11:00:00,GCP,us-east-1,10.61,944.9,0
2026-04-09 11:01:00,AWS,us-east-1,13.19,789.38,0
2026-04-09 11:02:00,AWS,sa-east-1,92.83437715260942,585.78,0
2026-04-09 11:03:00,Azure,us-east-1,8.8,529.05,0
2026-04-09 11:04:00,AWS,sa-east-1,93.19845905939226,241.94,0
2026-04-09 11:05:00,GCP,us-east-1,28.11,441.37,0
2026-04-09 11:06:00,AWS,sa-east-1,84.95416080207723,435.34,0
2026-04-09 11:07:00,GCP,ap-northeast-1,13.11,683.51,0
2026-04-09 11:08:00,GCP,ap-northeast-1,13.06,639.01,0
2026-04-09 11:09:00,Azure,sa-east-1,82.97294204590031,153.74,0
2026-04-09 11:10:00,Azure,eu-west-1,16.27,863.63,0
2026-04-09 11:11:00,Azure,eu-west-1,21.36,943.79,0
2026-04-09 11:12:00,Azure,sa-east-1,85.93295506048375,802.19,0
2026-04-09 11:13:00,AWS,ap-northeast-1,10.54,260.55,0
2026-04-09 11:14:00,Azure,sa-east-1,86.89653425870642,254.95,0
2026-04-09 11:15:00,AWS,eu-west-1,20.61,753.5,0
2026-04-09 11:16:00,Azure,sa-east-1,69.56534464241486,496.78,0
2026-04-09 11:17:00,Azure,ap-northeast-1,7.55,800.92,0
2026-04-09 11:18:00,GCP,eu-west-1,7.99,167.93,0
2026-04-09 11:19:00,AWS,eu-west-1,9.99,744.79,0
2026-04-09 11:20:00,GCP,us-east-1,23.24,481.69,0
2026-04-09 11:21:00,Azure,us-east-1,11.75,127.89,0
2026-04-09 11:22:00,AWS,eu-west-1,13.14,590.64,0
2026-04-09 11:23:00,Azure,eu-west-1,13.14,729.13,0
2026-04-09 11:24:00,GCP,sa-east-1,81.19111999758765,575.42,0
2026-04-09 11:25:00,AWS,ap-northeast-1,10.11,210.59,0
2026-04-09 11:26:00,GCP,eu-west-1,11.38,834.32,0
2026-04-09 11:27:00,Azure,ap-northeast-1,21.92,385.38,0
2026-04-09 11:28:00,Azure,eu-west-1,21.8,929.31,0
2026-04-09 11:29:00,Azure,ap-northeast-1,7.23,916.19,0
2026-04-09 11:30:00,AWS,us-east-1,4.6,280.33,0
2026-04-09 11:31:00,GCP,eu-west-1,12.14,528.73,0
2026-04-09 11:32:00,GCP,sa-east-1,90.34386129817636,223.63,0
2026-04-09 11:33:00,Azure,ap-northeast-1,14.26,709.97,0
2026-04-09 11:34:00,GCP,eu-west-1,8.97,866.73,0
2026-04-09 11:35:00,AWS,us-east-1,30.94,683.54,0
2026-04-09 11:36:00,Azure,us-east-1,7.14,334.43,0
2026-04-09 11:37:00,Azure,us-east-1,6.16,168.68,0
2026-04-09 11:38:00,Azure,us-east-1,21.7,162.33,0
2026-04-09 11:39:00,AWS,eu-west-1,9.87,649.84,0
2026-04-09 11:40:00,Azure,sa-east-1,113.89952488980909,958.0,0
2026-04-09 11:41:00,Azure,ap-northeast-1,10.75,725.75,0
2026-04-09 11:42:00,Azure,sa-east-1,85.49336295557838,757.56,0
2026-04-09 11:43:00,Azure,ap-northeast-1,15.62,396.37,0
2026-04-09 11:44:00,GCP,sa-east-1,100.12712012433883,627.43,0
2026-04-09 11:45:00,Azure,eu-west-1,35.88,384.94,0
2026-04-09 11:46:00,AWS,eu-west-1,18.75,911.5,0
2026-04-09 11:47:00,Azure,ap-northeast-1,20.81,219.26,0
2026-04-09 11:48:00,Azure,eu-west-1,9.12,668.82,0
2026-04-09 11:49:00,GCP,ap-northeast-1,19.68,757.76,0
2026-04-09 11:50:00,Azure,sa-east-1,115.19471905046464,728.64,0
2026-04-09 11:51:00,GCP,eu-west-1,9.11,331.59,0
2026-04-09 11:52:00,AWS,eu-west-1,6.12,537.43,0
2026-04-09 11:53:00,GCP,ap-northeast-1,7.76,697.01,0
2026-04-09 11:54:00,Azure,ap-northeast-1,9.41,937.85,0
2026-04-09 11:55:00,AWS,ap-northeast-1,11.05,549.69,0
2026-04-09 11:56:00,Azure,ap-northeast-1,17.69,370.46,0
2026-04-09 11:57:00,GCP,us-east-1,19.56,447.87,0
2026-04-09 11:58:00,AWS,ap-northeast-1,29.21,587.19,0
2026-04-09 11:59:00,AWS,us-east-1,15.08,978.72,0
2026-04-09 12:00:00,GCP,sa-east-1,92.39329021387725,665.5,0
2026-04-09 12:01:00,GCP,ap-northeast-1,7.76,239.26,0
2026-04-09 12:02:00,AWS,us-east-1,10.86,858.83,0
2026-04-09 12:03:00,AWS,us-east-1,20.81,263.3,0
2026-04-09 12:04:00,GCP,us-east-1,16.62,134.87,0
2026-04-09 12:05:00,Azure,eu-west-1,8.34,190.19,0
2026-04-09 12:06:00,AWS,us-east-1,6.98,807.51,0
2026-04-09 12:07:00,GCP,ap-northeast-1,8.87,911.71,0
2026-04-09 12:08:00,Azure,ap-northeast-1,6.56,341.38,0
2026-04-09 12:09:00,AWS,ap-northeast-1,11.48,548.3,0
2026-04-09 12:10:00,AWS,us-east-1,15.22,637.5,0
2026-04-09 12:11:00,GCP,us-east-1,14.13,476.82,0
2026-04-09 12:12:00,Azure,eu-west-1,9.61,158.79,0
2026-04-09 12:13:00,AWS,sa-east-1,109.35333291476242,150.99,0
2026-04-09 12:14:00,Azure,eu-west-1,6.34,496.31,0
2026-04-09 12:15:00,Azure,ap-northeast-1,8.65,818.08,0
2026-04-09 12:16:00,AWS,ap-northeast-1,14.23,176.17,0
2026-04-09 12:17:00,Azure,ap-northeast-1,37.52,285.11,0
2026-04-09 12:18:00,AWS,eu-west-1,23.89,342.79,0
2026-04-09 12:19:00,Azure,ap-northeast-1,6.33,603.21,0
2026-04-09 12:20:00,AWS,ap-northeast-1,18.58,138.88,0
2026-04-09 12:21:00,GCP,ap-northeast-1,13.3,874.04,0
2026-04-09 12:22:00,AWS,us-east-1,13.49,523.65,0
2026-04-09 12:23:00,AWS,sa-east-1,94.60027466922054,536.71,0
2026-04-09 12:24:00,AWS,us-east-1,9.56,393.87,0
2026-04-09 12:25:00,Azure,us-east-1,15.86,290.8,0
2026-04-09 12:26:00,GCP,sa-east-1,90.2479284257025,427.3,0
2026-04-09 12:27:00,Azure,sa-east-1,76.3357821449149,922.06,0
2026-04-09 12:28:00,Azure,eu-west-1,4.28,184.81,0
2026-04-09 12:29:00,AWS,sa-east-1,91.54620950389216,154.66,0
2026-04-09 12:30:00,Azure,eu-west-1,13.84,203.01,0
2026-04-09 12:31:00,AWS,eu-west-1,19.07,799.28,0
2026-04-09 12:32:00,GCP,us-east-1,15.97,143.57,0
2026-04-09 12:33:00,Azure,ap-northeast-1,15.87,399.85,0
2026-04-09 12:34:00,Azure,us-east-1,14.4,482.37,0
2026-04-09 12:35:00,Azure,us-east-1,8.06,556.4,0
2026-04-09 12:36:00,AWS,sa-east-1,108.48182152417876,102.88,0
2026-04-09 12:37:00,AWS,sa-east-1,68.69410733252937,538.09,0
2026-04-09 12:38:00,Azure,eu-west-1,15.42,275.43,0
2026-04-09 12:39:00,Azure,eu-west-1,27.65,188.09,0
2026-04-09 12:40:00,GCP,eu-west-1,9.11,579.97,0
2026-04-09 12:41:00,GCP,sa-east-1,62.05524405922434,769.73,0
2026-04-09 12:42:00,GCP,eu-west-1,8.57,941.27,0
2026-04-09 12:43:00,GCP,eu-west-1,3.11,921.39,0
2026-04-09 12:44:00,GCP,sa-east-1,100.20177832976779,459.1,0
2026-04-09 12:45:00,AWS,ap-northeast-1,12.21,733.65,0
2026-04-09 12:46:00,GCP,us-east-1,10.79,726.06,0
2026-04-09 12:47:00,GCP,sa-east-1,75.40272585016542,470.9,0
2026-04-09 12:48:00,Azure,eu-west-1,16.05,188.39,0
2026-04-09 12:49:00,AWS,us-east-1,12.29,443.81,0
2026-04-09 12:50:00,GCP,sa-east-1,86.52104293351222,993.12,0
2026-04-09 12:51:00,GCP,us-east-1,12.33,599.53,0
2026-04-09 12:52:00,GCP,us-east-1,15.02,407.25,0
2026-04-09 12:53:00,Azure,ap-northeast-1,26.74,769.43,0
2026-04-09 12:54:00,Azure,eu-west-1,10.33,717.69,0
2026-04-09 12:55:00,Azure,sa-east-1,107.54571981161854,620.92,0
2026-04-09 12:56:00,GCP,eu-west-1,24.86,673.69,0
2026-04-09 12:57:00,Azure,ap-northeast-1,5.59,626.44,0
2026-04-09 12:58:00,GCP,ap-northeast-1,10.7,960.65,0
2026-04-09 12:59:00,AWS,sa-east-1,61.27194585836066,558.22,0
2026-04-09 13:00:00,GCP,sa-east-1,71.68898518122023,631.17,0
2026-04-09 13:01:00,Azure,ap-northeast-1,15.87,524.49,0
2026-04-09 13:02:00,AWS,sa-east-1,75.74477604723327,640.2,0
2026-04-09 13:03:00,GCP,us-east-1,12.84,901.74,0
2026-04-09 13:04:00,AWS,us-east-1,7.64,405.78,0
2026-04-09 13:05:00,AWS,ap-northeast-1,14.05,546.31,0
2026-04-09 13:06:00,AWS,eu-west-1,34.46,503.75,0
2026-04-09 13:07:00,GCP,sa-east-1,101.00909196801547,458.18,0
2026-04-09 13:08:00,Azure,sa-east-1,90.207053575033,838.93,0
2026-04-09 13:09:00,GCP,us-east-1,6.73,308.75,0
2026-04-09 13:10:00,Azure,sa-east-1,84.9786744544679,549.93,0
2026-04-09 13:11:00,GCP,eu-west-1,11.67,932.17,0
2026-04-09 13:12:00,GCP,sa-east-1,73.31767193932572,245.13,0
2026-04-09 13:13:00,GCP,sa-east-1,80.47403551905869,104.18,0
2026-04-09 13:14:00,Azure,us-east-1,11.13,338.7,0
2026-04-09 13:15:00,GCP,sa-east-1,72.2337096848068,930.08,0
2026-04-09 13:16:00,AWS,ap-northeast-1,20.97,178.86,0
2026-04-09 13:17:00,GCP,ap-northeast-1,14.44,223.37,0
2026-04-09 13:18:00,AWS,eu-west-1,13.46,388.31,0
2026-04-09 13:19:00,Azure,eu-west-1,12.35,792.73,0
2026-04-09 13:20:00,Azure,eu-west-1,16.13,776.15,0
2026-04-09 13:21:00,GCP,eu-west-1,15.77,178.36,0
2026-04-09 13:22:00,GCP,us-east-1,5.96,940.46,0
2026-04-09 13:23:00,GCP,sa-east-1,100.55322058266262,314.94,0
2026-04-09 13:24:00,AWS,us-east-1,19.66,352.57,0
2026-04-09 13:25:00,Azure,eu-west-1,13.79,447.78,0
2026-04-09 13:26:00,AWS,sa-east-1,66.78927170685131,671.04,0
2026-04-09 13:27:00,AWS,ap-northeast-1,29.4,569.18,0
2026-04-09 13:28:00,GCP,us-east-1,18.28,935.75,0
2026-04-09 13:29:00,GCP,sa-east-1,112.0523269799634,608.16,0
2026-04-09 13:30:00,AWS,ap-northeast-1,10.91,871.33,0
2026-04-09 13:31:00,AWS,ap-northeast-1,14.77,170.38,0
2026-04-09 13:32:00,GCP,eu-west-1,11.7,870.31,0
2026-04-09 13:33:00,GCP,ap-northeast-1,7.26,277.94,0
2026-04-09 13:34:00,AWS,ap-northeast-1,13.44,426.3,0
2026-04-09 13:35:00,GCP,eu-west-1,11.84,387.9,0
2026-04-09 13:36:00,GCP,sa-east-1,68.69881534117435,403.55,0
2026-04-09 13:37:00,AWS,sa-east-1,115.28539471869833,926.81,0
2026-04-09 13:38:00,AWS,eu-west-1,11.53,497.43,0
2026-04-09 13:39:00,Azure,us-east-1,12.62,341.17,0
2026-04-09 13:40:00,AWS,eu-west-1,12.93,364.96,0
2026-04-09 13:41:00,GCP,sa-east-1,99.58553978577456,823.0,0
2026-04-09 13:42:00,AWS,us-east-1,14.14,585.2,0
2026-04-09 13:43:00,AWS,eu-west-1,17.18,504.55,0
2026-04-09 13:44:00,AWS,sa-east-1,74.0116399958242,934.13,0
2026-04-09 13:45:00,Azure,sa-east-1,82.724695472879,937.01,0
2026-04-09 13:46:00,Azure,sa-east-1,75.74800450355251,780.51,0
2026-04-09 13:47:00,GCP,ap-northeast-1,6.31,566.21,0
2026-04-09 13:48:00,Azure,ap-northeast-1,5.92,204.95,0
2026-04-09 13:49:00,AWS,us-east-1,8.9,737.15,0
2026-04-09 13:50:00,Azure,us-east-1,8.79,833.6,0
2026-04-09 13:51:00,AWS,us-east-1,10.81,866.84,0
2026-04-09 13:52:00,Azure,ap-northeast-1,12.99,623.68,0
2026-04-09 13:53:00,Azure,us-east-1,15.6,655.16,0
2026-04-09 13:54:00,Azure,sa-east-1,67.12450204964235,738.36,0
2026-04-09 13:55:00,AWS,sa-east-1,103.30340997755732,886.54,0
2026-04-09 13:56:00,Azure,us-east-1,7.89,140.88,0
2026-04-09 13:57:00,AWS,us-east-1,11.48,606.9,0
2026-04-09 13:58:00,AWS,ap-northeast-1,12.35,432.19,0
2026-04-09 13:59:00,GCP,sa-east-1,79.30103753393789,849.84,0
2026-04-09 14:00:00,Azure,eu-west-1,7.7,220.43,0
2026-04-09 14:01:00,GCP,eu-west-1,17.95,918.73,0
2026-04-09 14:02:00,GCP,ap-northeast-1,5.81,211.61,0
2026-04-09 14:03:00,AWS,ap-northeast-1,12.3,180.39,0
2026-04-09 14:04:00,Azure,ap-northeast-1,16.05,411.85,0
2026-04-09 14:05:00,AWS,sa-east-1,75.51742436758833,995.25,0
2026-04-09 14:06:00,AWS,us-east-1,28.38,670.42,0
2026-04-09 14:07:00,Azure,us-east-1,40.0,123.79,0
2026-04-09 14:08:00,AWS,ap-northeast-1,14.92,324.34,0
2026-04-09 14:09:00,Azure,sa-east-1,74.3131956015132,234.25,0
2026-04-09 14:10:00,Azure,eu-west-1,81.82,100.9,0
2026-04-09 14:11:00,AWS,ap-northeast-1,21.56,563.45,0
2026-04-09 14:12:00,AWS,sa-east-1,119.6059334060332,443.0,0
2026-04-09 14:13:00,GCP,ap-northeast-1,9.84,651.95,0
2026-04-09 14:14:00,AWS,sa-east-1,84.70586130507075,294.73,0
2026-04-09 14:15:00,Azure,sa-east-1,75.82734955007955,847.95,0
2026-04-09 14:16:00,GCP,ap-northeast-1,17.05,444.85,0
2026-04-09 14:17:00,Azure,us-east-1,9.66,534.61,0
2026-04-09 14:18:00,GCP,ap-northeast-1,17.45,759.24,0
2026-04-09 14:19:00,AWS,us-east-1,8.42,249.55,0
2026-04-09 14:20:00,AWS,us-east-1,19.59,336.11,0
2026-04-09 14:21:00,AWS,eu-west-1,14.03,239.28,0
2026-04-09 14:22:00,Azure,sa-east-1,122.9375256906827,791.27,0
2026-04-09 14:23:00,GCP,ap-northeast-1,35.01,187.77,0
2026-04-09 14:24:00,Azure,sa-east-1,101.04209001939034,540.1,0
2026-04-09 14:25:00,GCP,eu-west-1,24.11,774.92,0
2026-04-09 14:26:00,AWS,us-east-1,24.17,556.99,0
2026-04-09 14:27:00,Azure,ap-northeast-1,12.05,557.81,0
2026-04-09 14:28:00,AWS,sa-east-1,111.10126559196434,157.31,0
2026-04-09 14:29:00,Azure,eu-west-1,13.95,804.58,0
2026-04-09 14:30:00,AWS,us-east-1,9.79,643.61,0
2026-04-09 14:31:00,Azure,us-east-1,9.84,700.76,0
2026-04-09 14:32:00,Azure,sa-east-1,84.91615120907377,789.22,0
2026-04-09 14:33:00,GCP,us-east-1,8.54,604.56,0
2026-04-09 14:34:00,AWS,eu-west-1,11.31,557.76,0
2026-04-09 14:35:00,GCP,us-east-1,10.35,696.85,0
2026-04-09 14:36:00,GCP,ap-northeast-1,15.34,910.01,0
2026-04-09 14:37:00,AWS,ap-northeast-1,38.48,674.65,0
2026-04-09 14:38:00,Azure,sa-east-1,98.789817605836,809.49,0
2026-04-09 14:39:00,GCP,eu-west-1,5.93,532.24,0
2026-04-09 14:40:00,AWS,us-east-1,12.85,630.61,0
2026-04-09 14:41:00,Azure,us-east-1,7.49,262.13,0
2026-04-09 14:42:00,GCP,us-east-1,13.85,539.67,0
2026-04-09 14:43:00,GCP,ap-northeast-1,8.32,234.0,0
2026-04-09 14:44:00,GCP,eu-west-1,13.22,520.32,0
2026-04-09 14:45:00,Azure,us-east-1,6.71,158.46,0
2026-04-09 14:46:00,GCP,sa-east-1,105.20230253720861,618.59,0
2026-04-09 14:47:00,Azure,eu-west-1,7.42,358.06,0
2026-04-09 14:48:00,GCP,eu-west-1,22.8,857.48,0
2026-04-09 14:49:00,AWS,us-east-1,8.48,438.64,0
2026-04-09 14:50:00,GCP,ap-northeast-1,16.07,926.0,0
2026-04-09 14:51:00,AWS,eu-west-1,13.32,525.6,0
2026-04-09 14:52:00,AWS,sa-east-1,89.92811834134864,863.99,0
2026-04-09 14:53:00,AWS,eu-west-1,14.68,367.54,0
2026-04-09 14:54:00,Azure,ap-northeast-1,16.47,506.44,0
2026-04-09 14:55:00,AWS,sa-east-1,94.60414213130986,670.3,0
2026-04-09 14:56:00,GCP,ap-northeast-1,19.43,332.79,0
2026-04-09 14:57:00,Azure,us-east-1,26.13,691.6,0
2026-04-09 14:58:00,AWS,eu-west-1,7.16,359.74,0
2026-04-09 14:59:00,Azure,sa-east-1,71.02786866002383,535.86,0
2026-04-09 15:00:00,Azure,ap-northeast-1,27.9,121.03,0
2026-04-09 15:01:00,Azure,us-east-1,16.14,170.36,0
2026-04-09 15:02:00,GCP,sa-east-1,85.52378849286022,304.39,0
2026-04-09 15:03:00,AWS,eu-west-1,10.59,825.84,0
2026-04-09 15:04:00,Azure,eu-west-1,15.93,694.35,0
2026-04-09 15:05:00,Azure,ap-northeast-1,11.9,904.1,0
2026-04-09 15:06:00,Azure,sa-east-1,76.1570018299941,914.24,0
2026-04-09 15:07:00,AWS,us-east-1,6.77,437.2,0
2026-04-09 15:08:00,Azure,us-east-1,12.0,430.78,0
2026-04-09 15:09:00,Azure,us-east-1,12.92,852.17,0
2026-04-09 15:10:00,GCP,ap-northeast-1,8.56,483.8,0
2026-04-09 15:11:00,AWS,us-east-1,10.57,871.48,0
2026-04-09 15:12:00,GCP,sa-east-1,81.25231345585249,555.34,0
2026-04-09 15:13:00,AWS,ap-northeast-1,7.0,482.24,0
2026-04-09 15:14:00,AWS,eu-west-1,8.95,351.16,0
2026-04-09 15:15:00,AWS,ap-northeast-1,13.4,213.84,0
2026-04-09 15:16:00,GCP,ap-northeast-1,7.48,573.31,0
2026-04-09 15:17:00,GCP,ap-northeast-1,8.69,392.7,0
2026-04-09 15:18:00,GCP,sa-east-1,89.32708520348129,324.5,0
2026-04-09 15:19:00,GCP,eu-west-1,25.03,252.69,0
2026-04-09 15:20:00,Azure,eu-west-1,19.36,449.76,0
2026-04-09 15:21:00,Azure,ap-northeast-1,22.25,600.29,0
2026-04-09 15:22:00,Azure,ap-northeast-1,14.59,853.32,0
2026-04-09 15:23:00,AWS,ap-northeast-1,14.11,838.17,0
2026-04-09 15:24:00,Azure,sa-east-1,93.57780240215789,869.56,0
2026-04-09 15:25:00,AWS,sa-east-1,108.33467802599867,618.61,0
2026-04-09 15:26:00,GCP,us-east-1,12.33,603.59,0
2026-04-09 15:27:00,AWS,eu-west-1,4.57,914.63,0
2026-04-09 15:28:00,AWS,us-east-1,4.63,359.69,0
2026-04-09 15:29:00,Azure,us-east-1,14.61,230.91,0
2026-04-09 15:30:00,GCP,ap-northeast-1,7.54,174.5,0
2026-04-09 15:31:00,GCP,sa-east-1,92.1175030135559,892.94,0
2026-04-09 15:32:00,Azure,us-east-1,17.8,434.6,1
2026-04-09 15:33:00,GCP,us-east-1,8.05,548.85,0
2026-04-09 15:34:00,GCP,us-east-1,10.49,822.75,0
2026-04-09 15:35:00,GCP,ap-northeast-1,10.68,435.85,0
2026-04-09 15:36:00,Azure,ap-northeast-1,7.9,881.16,0
2026-04-09 15:37:00,GCP,sa-east-1,56.09151791015315,389.53,0
2026-04-09 15:38:00,AWS,us-east-1,7.06,759.14,0
2026-04-09 15:39:00,AWS,us-east-1,5.77,700.63,0
2026-04-09 15:40:00,GCP,sa-east-1,62.48677150992862,281.21,0
2026-04-09 15:41:00,Azure,sa-east-1,90.08300878242622,212.05,0
2026-04-09 15:42:00,Azure,sa-east-1,107.65809711658501,200.4,0
2026-04-09 15:43:00,Azure,eu-west-1,5.99,685.82,0
2026-04-09 15:44:00,GCP,sa-east-1,80.89247378575186,111.65,0
2026-04-09 15:45:00,GCP,ap-northeast-1,8.92,694.61,0
2026-04-09 15:46:00,AWS,eu-west-1,43.96,803.77,0
2026-04-09 15:47:00,Azure,sa-east-1,104.6491409843498,372.26,0
2026-04-09 15:48:00,AWS,ap-northeast-1,4.34,771.13,0
2026-04-09 15:49:00,AWS,sa-east-1,94.24029383763906,248.85,0
2026-04-09 15:50:00,Azure,sa-east-1,65.5248013406523,964.44,0
2026-04-09 15:51:00,GCP,eu-west-1,7.66,308.86,0
2026-04-09 15:52:00,GCP,ap-northeast-1,10.63,539.53,0
2026-04-09 15:53:00,AWS,us-east-1,21.48,982.45,0
2026-04-09 15:54:00,AWS,sa-east-1,67.49392424660807,916.42,0
2026-04-09 15:55:00,AWS,eu-west-1,13.35,693.52,0
2026-04-09 15:56:00,AWS,ap-northeast-1,8.08,432.27,0
2026-04-09 15:57:00,Azure,sa-east-1,105.18875741585877,730.08,0
2026-04-09 15:58:00,AWS,us-east-1,7.45,514.25,0
2026-04-09 15:59:00,AWS,ap-northeast-1,20.52,197.96,0
2026-04-09 16:00:00,GCP,ap-northeast-1,14.39,816.38,0
2026-04-09 16:01:00,GCP,eu-west-1,9.04,884.45,0
2026-04-09 16:02:00,GCP,sa-east-1,92.4568129510083,466.85,0
2026-04-09 16:03:00,Azure,sa-east-1,84.1414762731101,699.15,0
2026-04-09 16:04:00,Azure,ap-northeast-1,16.11,127.33,0
2026-04-09 16:05:00,GCP,sa-east-1,82.89890973649642,277.53,0
2026-04-09 16:06:00,GCP,ap-northeast-1,6.88,613.24,0
2026-04-09 16:07:00,AWS,us-east-1,12.42,346.67,0
2026-04-09 16:08:00,AWS,eu-west-1,27.17,949.93,0
2026-04-09 16:09:00,Azure,sa-east-1,91.41365421363582,853.34,0
2026-04-09 16:10:00,Azure,sa-east-1,85.5610812000061,689.51,0
2026-04-09 16:11:00,AWS,eu-west-1,24.46,998.96,0
2026-04-09 16:12:00,GCP,us-east-1,25.08,318.92,0
2026-04-09 16:13:00,AWS,us-east-1,7.77,927.21,0
2026-04-09 16:14:00,Azure,us-east-1,9.28,374.12,0
2026-04-09 16:15:00,Azure,us-east-1,12.81,636.94,0
2026-04-09 16:16:00,AWS,us-east-1,15.29,490.93,0
2026-04-09 16:17:00,AWS,ap-northeast-1,23.12,498.89,0
2026-04-09 16:18:00,AWS,sa-east-1,80.3345146929944,786.26,0
2026-04-09 16:19:00,Azure,sa-east-1,109.26169065795936,412.79,0
2026-04-09 16:20:00,GCP,sa-east-1,53.72905696465774,556.78,0
2026-04-09 16:21:00,AWS,ap-northeast-1,10.67,290.54,0
2026-04-09 16:22:00,Azure,eu-west-1,19.54,787.12,0
2026-04-09 16:23:00,Azure,us-east-1,18.48,596.74,0
2026-04-09 16:24:00,Azure,eu-west-1,7.54,329.56,0
2026-04-09 16:25:00,AWS,us-east-1,20.35,339.34,0
2026-04-09 16:26:00,AWS,us-east-1,5.99,364.18,0
2026-04-09 16:27:00,GCP,eu-west-1,22.16,729.36,0
2026-04-09 16:28:00,Azure,sa-east-1,98.69284875110876,635.58,0
2026-04-09 16:29:00,AWS,ap-northeast-1,9.72,840.02,0
2026-04-09 16:30:00,Azure,eu-west-1,10.5,614.38,0
2026-04-09 16:31:00,Azure,sa-east-1,90.80398007064576,375.99,0
2026-04-09 16:32:00,GCP,us-east-1,34.47,966.58,0
2026-04-09 16:33:00,AWS,sa-east-1,99.48407733200787,897.49,0
2026-04-09 16:34:00,AWS,us-east-1,6.86,350.94,0
2026-04-09 16:35:00,Azure,us-east-1,7.24,921.42,0
2026-04-09 16:36:00,Azure,sa-east-1,71.9778533884001,748.11,0
2026-04-09 16:37:00,GCP,us-east-1,14.22,473.22,0
2026-04-09 16:38:00,GCP,ap-northeast-1,11.19,520.19,0
2026-04-09 16:39:00,GCP,sa-east-1,71.29434388037008,501.74,0
2026-04-09 16:40:00,GCP,eu-west-1,9.48,817.18,0
2026-04-09 16:41:00,GCP,us-east-1,9.99,257.95,0
2026-04-09 16:42:00,GCP,us-east-1,5.89,152.8,0
2026-04-09 16:43:00,Azure,ap-northeast-1,21.15,548.61,0
2026-04-09 16:44:00,GCP,ap-northeast-1,9.02,361.37,0
2026-04-09 16:45:00,Azure,eu-west-1,8.02,607.53,0
2026-04-09 16:46:00,Azure,us-east-1,19.75,980.38,0
2026-04-09 16:47:00,AWS,eu-west-1,5.82,704.31,0
2026-04-09 16:48:00,Azure,eu-west-1,16.04,963.3,0
2026-04-09 16:49:00,Azure,us-east-1,8.3,758.85,0
2026-04-09 16:50:00,GCP,eu-west-1,11.5,168.32,0
2026-04-09 16:51:00,Azure,eu-west-1,4.63,900.37,0
2026-04-09 16:52:00,GCP,ap-northeast-1,16.26,279.03,0
2026-04-09 16:53:00,GCP,ap-northeast-1,33.95,878.31,0
2026-04-09 16:54:00,GCP,eu-west-1,6.48,774.18,0
2026-04-09 16:55:00,AWS,us-east-1,21.7,854.76,0
2026-04-09 16:56:00,GCP,ap-northeast-1,11.9,328.22,0
2026-04-09 16:57:00,Azure,eu-west-1,15.92,826.66,0
2026-04-09 16:58:00,GCP,sa-east-1,61.2916740040424,649.32,0
2026-04-09 16:59:00,GCP,sa-east-1,74.31201203679286,173.69,0
2026-04-09 17:00:00,GCP,eu-west-1,12.73,900.22,0
2026-04-09 17:01:00,AWS,sa-east-1,96.9505933817201,889.13,0
2026-04-09 17:02:00,Azure,ap-northeast-1,13.13,614.79,0
2026-04-09 17:03:00,AWS,us-east-1,5.86,507.36,0
2026-04-09 17:04:00,Azure,eu-west-1,16.53,460.49,0
2026-04-09 17:05:00,AWS,ap-northeast-1,14.79,642.46,0
2026-04-09 17:06:00,Azure,us-east-1,21.18,857.52,0
2026-04-09 17:07:00,AWS,sa-east-1,108.85232256354733,609.33,0
2026-04-09 17:08:00,GCP,sa-east-1,128.24123272573118,216.69,0
2026-04-09 17:09:00,AWS,sa-east-1,123.1359142542004,375.55,0
2026-04-09 17:10:00,AWS,sa-east-1,62.57666154533368,701.42,0
2026-04-09 17:11:00,GCP,ap-northeast-1,12.05,682.14,0
2026-04-09 17:12:00,GCP,ap-northeast-1,8.04,567.01,0
2026-04-09 17:13:00,Azure,us-east-1,6.18,316.43,0
2026-04-09 17:14:00,Azure,eu-west-1,10.87,343.52,0
2026-04-09 17:15:00,Azure,us-east-1,8.83,535.82,0
2026-04-09 17:16:00,AWS,eu-west-1,8.23,455.05,0
2026-04-09 17:17:00,Azure,sa-east-1,74.10083360936416,384.34,0
2026-04-09 17:18:00,AWS,sa-east-1,102.79439541230074,846.51,0
2026-04-09 17:19:00,AWS,sa-east-1,100.24831919594511,553.62,0
2026-04-09 17:20:00,Azure,sa-east-1,60.88653158989707,552.76,0
2026-04-09 17:21:00,Azure,ap-northeast-1,6.19,485.25,0
2026-04-09 17:22:00,AWS,us-east-1,9.01,712.81,0
2026-04-09 17:23:00,GCP,eu-west-1,18.25,258.08,0
2026-04-09 17:24:00,GCP,eu-west-1,32.02,949.23,0
2026-04-09 17:25:00,AWS,ap-northeast-1,5.14,194.15,0
2026-04-09 17:26:00,Azure,sa-east-1,100.69832164515189,739.27,0
2026-04-09 17:27:00,AWS,us-east-1,7.53,733.87,0
2026-04-09 17:28:00,AWS,sa-east-1,84.87633882394113,202.54,0
2026-04-09 17:29:00,Azure,ap-northeast-1,16.25,993.74,0
2026-04-09 17:30:00,GCP,eu-west-1,24.6,130.88,0
2026-04-09 17:31:00,AWS,ap-northeast-1,40.36,428.22,0
2026-04-09 17:32:00,GCP,eu-west-1,20.52,482.29,0
2026-04-09 17:33:00,GCP,us-east-1,9.61,822.53,0
2026-04-09 17:34:00,Azure,eu-west-1,5.64,126.84,0
2026-04-09 17:35:00,AWS,us-east-1,13.68,601.32,0
2026-04-09 17:36:00,AWS,sa-east-1,67.21417779424844,283.6,0
2026-04-09 17:37:00,GCP,sa-east-1,96.84762429010061,615.33,0
2026-04-09 17:38:00,GCP,ap-northeast-1,17.96,681.71,0
2026-04-09 17:39:00,Azure,us-east-1,9.84,130.73,0
2026-04-09 17:40:00,GCP,sa-east-1,104.07674234848189,160.72,0
2026-04-09 17:41:00,Azure,us-east-1,13.05,176.7,0
2026-04-09 17:42:00,AWS,sa-east-1,103.79889745835203,867.05,0
2026-04-09 17:43:00,Azure,sa-east-1,76.04382782081994,934.0,0
2026-04-09 17:44:00,GCP,eu-west-1,14.06,493.95,0
2026-04-09 17:45:00,AWS,ap-northeast-1,14.99,887.32,0
2026-04-09 17:46:00,Azure,eu-west-1,10.15,528.59,0
2026-04-09 17:47:00,AWS,us-east-1,13.98,461.01,0
2026-04-09 17:48:00,Azure,sa-east-1,110.95074414900489,578.12,0
2026-04-09 17:49:00,GCP,ap-northeast-1,18.47,811.17,0
2026-04-09 17:50:00,GCP,sa-east-1,82.95892429271373,301.39,0
2026-04-09 17:51:00,AWS,sa-east-1,111.3494470805469,371.56,0
2026-04-09 17:52:00,AWS,eu-west-1,8.59,863.99,0
2026-04-09 17:53:00,AWS,us-east-1,6.05,924.38,0
2026-04-09 17:54:00,Azure,ap-northeast-1,16.8,210.71,0
2026-04-09 17:55:00,GCP,ap-northeast-1,20.11,734.44,0
2026-04-09 17:56:00,AWS,ap-northeast-1,9.61,108.66,0
2026-04-09 17:57:00,AWS,us-east-1,13.7,321.57,0
2026-04-09 17:58:00,AWS,ap-northeast-1,26.41,161.77,0
2026-04-09 17:59:00,Azure,us-east-1,20.34,563.85,1
2026-04-09 18:00:00,AWS,ap-northeast-1,9.09,409.05,0
2026-04-09 18:01:00,AWS,sa-east-1,109.87429378237621,223.83,1
2026-04-09 18:02:00,Azure,us-east-1,8.55,100.29,0
2026-04-09 18:03:00,Azure,eu-west-1,13.66,449.55,0
2026-04-09 18:04:00,AWS,ap-northeast-1,12.43,365.02,0
2026-04-09 18:05:00,AWS,eu-west-1,6.85,142.02,0
2026-04-09 18:06:00,Azure,us-east-1,9.7,866.59,0
2026-04-09 18:07:00,GCP,sa-east-1,93.00765322738678,469.7,0
2026-04-09 18:08:00,Azure,eu-west-1,7.25,797.31,0
2026-04-09 18:09:00,GCP,eu-west-1,14.97,479.84,0
2026-04-09 18:10:00,AWS,sa-east-1,86.6565446331166,160.76,0
2026-04-09 18:11:00,AWS,sa-east-1,114.65683830350594,454.84,0
2026-04-09 18:12:00,GCP,us-east-1,12.51,897.52,0
2026-04-09 18:13:00,Azure,ap-northeast-1,11.04,107.0,1
2026-04-09 18:14:00,AWS,eu-west-1,30.84,905.77,0
2026-04-09 18:15:00,GCP,eu-west-1,10.28,691.06,0
2026-04-09 18:16:00,Azure,us-east-1,10.05,996.07,0
2026-04-09 18:17:00,GCP,ap-northeast-1,12.49,924.51,0
2026-04-09 18:18:00,Azure,us-east-1,8.26,882.06,0
2026-04-09 18:19:00,Azure,eu-west-1,13.85,133.76,0
2026-04-09 18:20:00,Azure,eu-west-1,8.48,352.22,0
2026-04-09 18:21:00,Azure,sa-east-1,71.01784766809867,437.27,0
2026-04-09 18:22:00,GCP,sa-east-1,69.10104537645137,729.84,0
2026-04-09 18:23:00,GCP,ap-northeast-1,5.01,683.78,0
2026-04-09 18:24:00,GCP,eu-west-1,3.64,254.53,0
2026-04-09 18:25:00,GCP,eu-west-1,5.98,763.15,0
2026-04-09 18:26:00,GCP,sa-east-1,99.46180010148552,240.07,0
2026-04-09 18:27:00,Azure,us-east-1,12.65,510.79,0
2026-04-09 18:28:00,AWS,us-east-1,9.58,620.87,0
2026-04-09 18:29:00,AWS,eu-west-1,7.24,883.61,0
2026-04-09 18:30:00,GCP,eu-west-1,22.89,668.19,0
2026-04-09 18:31:00,GCP,ap-northeast-1,8.84,959.36,0
2026-04-09 18:32:00,AWS,ap-northeast-1,7.98,995.04,0
2026-04-09 18:33:00,Azure,sa-east-1,95.68231446944345,557.94,0
2026-04-09 18:34:00,GCP,eu-west-1,3.99,146.33,0
2026-04-09 18:35:00,Azure,us-east-1,15.34,125.49,0
2026-04-09 18:36:00,AWS,ap-northeast-1,28.31,870.08,0
2026-04-09 18:37:00,AWS,sa-east-1,67.2351076316398,549.87,0
2026-04-09 18:38:00,GCP,sa-east-1,103.27487047192204,430.11,0
2026-04-09 18:39:00,Azure,us-east-1,29.91,356.01,0
2026-04-09 18:40:00,GCP,ap-northeast-1,15.65,353.61,0
2026-04-09 18:41:00,AWS,us-east-1,12.14,165.54,0
2026-04-09 18:42:00,Azure,sa-east-1,113.57616830438153,372.69,0
2026-04-09 18:43:00,GCP,eu-west-1,19.13,680.33,0
2026-04-09 18:44:00,GCP,us-east-1,15.72,446.69,0
2026-04-09 18:45:00,GCP,sa-east-1,86.85989855630174,953.04,0
2026-04-09 18:46:00,AWS,eu-west-1,14.93,701.35,0
2026-04-09 18:47:00,GCP,eu-west-1,8.62,877.58,0
2026-04-09 18:48:00,Azure,ap-northeast-1,12.0,202.74,0
2026-04-09 18:49:00,GCP,ap-northeast-1,14.86,505.46,0
2026-04-09 18:50:00,AWS,sa-east-1,91.22785949066521,137.29,0
2026-04-09 18:51:00,GCP,us-east-1,15.17,905.51,0
2026-04-09 18:52:00,AWS,eu-west-1,12.28,232.18,0
2026-04-09 18:53:00,AWS,ap-northeast-1,9.97,824.88,0
2026-04-09 18:54:00,Azure,ap-northeast-1,9.1,931.43,0
2026-04-09 18:55:00,Azure,us-east-1,10.04,497.7,0
2026-04-09 18:56:00,GCP,ap-northeast-1,12.43,450.42,0
2026-04-09 18:57:00,AWS,sa-east-1,100.84357873262549,640.11,0
2026-04-09 18:58:00,AWS,us-east-1,6.44,766.3,0
2026-04-09 18:59:00,Azure,eu-west-1,17.87,681.05,0
2026-04-09 19:00:00,Azure,sa-east-1,69.02139916612794,101.04,0
2026-04-09 19:01:00,GCP,eu-west-1,8.58,807.34,0
2026-04-09 19:02:00,AWS,eu-west-1,15.73,232.65,0
2026-04-09 19:03:00,Azure,ap-northeast-1,10.1,504.71,0
2026-04-09 19:04:00,GCP,sa-east-1,84.98353504112484,354.12,0
2026-04-09 19:05:00,AWS,sa-east-1,99.77151801264259,935.12,1
2026-04-09 19:06:00,AWS,us-east-1,18.23,551.9,0
2026-04-09 19:07:00,Azure,sa-east-1,92.6179173594876,569.94,0
2026-04-09 19:08:00,GCP,us-east-1,5.16,168.53,0
2026-04-09 19:09:00,Azure,sa-east-1,87.7083234398001,907.62,0
2026-04-09 19:10:00,GCP,eu-west-1,8.42,315.12,0
2026-04-09 19:11:00,AWS,us-east-1,15.01,472.56,0
2026-04-09 19:12:00,GCP,sa-east-1,83.29264437282167,986.77,0
2026-04-09 19:13:00,GCP,us-east-1,12.5,202.51,0
2026-04-09 19:14:00,GCP,ap-northeast-1,4.75,746.68,0
2026-04-09 19:15:00,GCP,ap-northeast-1,12.45,334.12,1
2026-04-09 19:16:00,GCP,us-east-1,12.22,477.81,0
2026-04-09 19:17:00,Azure,us-east-1,8.7,476.37,0
2026-04-09 19:18:00,GCP,eu-west-1,10.0,939.01,0
2026-04-09 19:19:00,GCP,sa-east-1,77.10113318347409,109.33,0
2026-04-09 19:20:00,AWS,ap-northeast-1,5.61,430.48,0
2026-04-09 19:21:00,GCP,ap-northeast-1,6.37,867.18,0
2026-04-09 19:22:00,AWS,sa-east-1,67.1960535299779,919.46,0
2026-04-09 19:23:00,Azure,ap-northeast-1,20.78,380.19,0
2026-04-09 19:24:00,Azure,ap-northeast-1,18.05,317.76,0
2026-04-09 19:25:00,GCP,us-east-1,4.42,515.14,0
2026-04-09 19:26:00,Azure,ap-northeast-1,22.65,771.26,0
2026-04-09 19:27:00,GCP,ap-northeast-1,23.35,238.63,0
2026-04-09 19:28:00,Azure,ap-northeast-1,8.39,806.02,0
2026-04-09 19:29:00,GCP,sa-east-1,84.01487533390892,561.41,0
2026-04-09 19:30:00,GCP,eu-west-1,9.4,226.72,0
2026-04-09 19:31:00,AWS,us-east-1,14.38,704.58,0
2026-04-09 19:32:00,AWS,eu-west-1,10.47,665.38,0
2026-04-09 19:33:00,AWS,ap-northeast-1,14.8,660.13,0
2026-04-09 19:34:00,AWS,ap-northeast-1,6.35,779.31,0
2026-04-09 19:35:00,GCP,ap-northeast-1,7.13,263.1,0
2026-04-09 19:36:00,Azure,eu-west-1,7.86,727.75,0
2026-04-09 19:37:00,GCP,sa-east-1,82.49064554686781,898.56,0
2026-04-09 19:38:00,AWS,sa-east-1,86.40461628459501,577.28,0
2026-04-09 19:39:00,AWS,us-east-1,13.78,537.43,0
2026-04-09 19:40:00,Azure,eu-west-1,16.93,818.01,0
2026-04-09 19:41:00,AWS,sa-east-1,80.14424150664789,231.61,1
2026-04-09 19:42:00,GCP,us-east-1,14.84,406.79,0
2026-04-09 19:43:00,GCP,ap-northeast-1,5.0,868.41,0
2026-04-09 19:44:00,GCP,ap-northeast-1,9.89,549.8,0
2026-04-09 19:45:00,GCP,us-east-1,10.58,856.39,0
2026-04-09 19:46:00,GCP,sa-east-1,66.47489810621042,326.68,0
2026-04-09 19:47:00,Azure,eu-west-1,7.6,450.62,0
2026-04-09 19:48:00,GCP,us-east-1,25.53,841.26,0
2026-04-09 19:49:00,AWS,sa-east-1,101.30192531357318,247.15,0
2026-04-09 19:50:00,AWS,us-east-1,10.33,905.3,0
2026-04-09 19:51:00,AWS,sa-east-1,87.6658278946109,378.88,0
2026-04-09 19:52:00,AWS,ap-northeast-1,9.41,975.43,0
2026-04-09 19:53:00,Azure,us-east-1,5.12,844.95,0
2026-04-09 19:54:00,AWS,eu-west-1,22.66,510.03,0
2026-04-09 19:55:00,Azure,us-east-1,8.87,768.02,0
2026-04-09 19:56:00,AWS,ap-northeast-1,16.69,599.74,0
2026-04-09 19:57:00,Azure,ap-northeast-1,9.85,867.92,0
2026-04-09 19:58:00,Azure,sa-east-1,107.90456442486247,566.3,0
2026-04-09 19:59:00,Azure,ap-northeast-1,6.54,989.2,0
2026-04-09 20:00:00,AWS,sa-east-1,103.89119116355226,220.16,0
2026-04-09 20:01:00,Azure,ap-northeast-1,9.75,708.82,0
2026-04-09 20:02:00,GCP,sa-east-1,88.55372025130596,321.09,0
2026-04-09 20:03:00,GCP,eu-west-1,24.98,272.1,0
2026-04-09 20:04:00,AWS,sa-east-1,87.13612710419328,467.43,0
2026-04-09 20:05:00,GCP,sa-east-1,80.88251384071837,430.72,0
2026-04-09 20:06:00,GCP,eu-west-1,5.75,141.7,0
2026-04-09 20:07:00,GCP,sa-east-1,81.46678577835937,484.95,0
2026-04-09 20:08:00,AWS,sa-east-1,105.31154654703315,956.73,0
2026-04-09 20:09:00,AWS,eu-west-1,12.89,520.19,0
2026-04-09 20:10:00,GCP,ap-northeast-1,13.13,371.63,0
2026-04-09 20:11:00,AWS,us-east-1,10.75,954.17,0
2026-04-09 20:12:00,Azure,sa-east-1,104.86120075685066,555.15,0
2026-04-09 20:13:00,GCP,ap-northeast-1,6.15,358.39,0
2026-04-09 20:14:00,AWS,us-east-1,17.35,804.69,0
2026-04-09 20:15:00,AWS,eu-west-1,8.76,301.25,0
2026-04-09 20:16:00,GCP,sa-east-1,89.83139898024174,322.97,0
2026-04-09 20:17:00,AWS,sa-east-1,89.5943460779366,391.9,0
2026-04-09 20:18:00,GCP,eu-west-1,7.79,455.29,0
2026-04-09 20:19:00,AWS,sa-east-1,102.98286083906827,624.59,0
2026-04-09 20:20:00,Azure,us-east-1,26.26,563.76,0
2026-04-09 20:21:00,GCP,us-east-1,4.4,769.36,0
2026-04-09 20:22:00,Azure,eu-west-1,17.18,745.45,0
2026-04-09 20:23:00,GCP,sa-east-1,77.34708889952697,141.0,0
2026-04-09 20:24:00,AWS,ap-northeast-1,13.08,220.51,0
2026-04-09 20:25:00,Azure,sa-east-1,91.75202954237025,293.67,0
2026-04-09 20:26:00,AWS,eu-west-1,13.69,637.9,0
2026-04-09 20:27:00,GCP,ap-northeast-1,9.98,905.74,0
2026-04-09 20:28:00,GCP,us-east-1,19.91,392.42,0
2026-04-09 20:29:00,GCP,us-east-1,21.32,967.37,0
2026-04-09 20:30:00,GCP,ap-northeast-1,15.98,255.57,0
2026-04-09 20:31:00,GCP,ap-northeast-1,5.34,932.26,0
2026-04-09 20:32:00,Azure,eu-west-1,17.07,820.9,0
2026-04-09 20:33:00,GCP,sa-east-1,102.41137981967074,450.13,0
2026-04-09 20:34:00,AWS,us-east-1,16.51,285.68,0
2026-04-09 20:35:00,Azure,sa-east-1,80.19479240290012,452.16,0
2026-04-09 20:36:00,AWS,us-east-1,8.46,292.36,0
2026-04-09 20:37:00,GCP,sa-east-1,98.30080740566254,605.04,0
2026-04-09 20:38:00,AWS,us-east-1,23.46,617.34,0
2026-04-09 20:39:00,Azure,sa-east-1,72.95009422604386,791.37,0
2026-04-09 20:40:00,Azure,eu-west-1,10.77,575.08,0
2026-04-09 20:41:00,Azure,us-east-1,10.63,410.63,0
2026-04-09 20:42:00,AWS,eu-west-1,12.3,920.44,0
2026-04-09 20:43:00,Azure,us-east-1,10.5,170.2,0
2026-04-09 20:44:00,AWS,us-east-1,12.22,827.9,0
2026-04-09 20:45:00,GCP,us-east-1,58.65,468.62,0
2026-04-09 20:46:00,GCP,sa-east-1,61.7321027940633,262.99,0
2026-04-09 20:47:00,AWS,us-east-1,4.97,208.32,0
2026-04-09 20:48:00,Azure,eu-west-1,8.75,298.69,0
2026-04-09 20:49:00,AWS,sa-east-1,90.37676554039953,209.76,0
2026-04-09 20:50:00,AWS,sa-east-1,81.4460585576135,513.04,0
2026-04-09 20:51:00,AWS,us-east-1,7.11,414.72,0
2026-04-09 20:52:00,GCP,ap-northeast-1,10.09,420.93,0
2026-04-09 20:53:00,AWS,sa-east-1,90.58682910999615,241.18,0
2026-04-09 20:54:00,GCP,us-east-1,11.55,693.77,0
2026-04-09 20:55:00,AWS,eu-west-1,7.3,647.02,0
2026-04-09 20:56:00,GCP,ap-northeast-1,8.11,984.06,0
2026-04-09 20:57:00,AWS,sa-east-1,80.25950547093971,250.88,0
2026-04-09 20:58:00,AWS,ap-northeast-1,9.71,850.61,1
2026-04-09 20:59:00,Azure,sa-east-1,85.13012027162713,130.48,0
2026-04-09 21:00:00,Azure,ap-northeast-1,5.48,165.99,0
2026-04-09 21:01:00,AWS,ap-northeast-1,10.82,683.25,0
2026-04-09 21:02:00,AWS,eu-west-1,50.0,465.82,0
2026-04-09 21:03:00,AWS,ap-northeast-1,29.81,307.45,0
2026-04-09 21:04:00,AWS,eu-west-1,13.83,102.48,0
2026-04-09 21:05:00,Azure,us-east-1,27.32,696.83,0
2026-04-09 21:06:00,GCP,sa-east-1,88.45016970903703,496.76,0
2026-04-09 21:07:00,AWS,eu-west-1,38.98,253.71,0
2026-04-09 21:08:00,Azure,sa-east-1,115.33742193584602,975.0,0
2026-04-09 21:09:00,AWS,eu-west-1,23.81,415.76,0
2026-04-09 21:10:00,AWS,sa-east-1,90.36845495871329,372.75,0
2026-04-09 21:11:00,GCP,eu-west-1,14.78,559.28,0
2026-04-09 21:12:00,AWS,sa-east-1,104.9936481369684,349.49,0
2026-04-09 21:13:00,AWS,us-east-1,16.13,345.49,0
2026-04-09 21:14:00,GCP,sa-east-1,104.88171548688902,969.66,0
2026-04-09 21:15:00,GCP,us-east-1,24.33,335.03,0
2026-04-09 21:16:00,GCP,us-east-1,20.54,644.92,0
2026-04-09 21:17:00,GCP,us-east-1,6.02,133.7,0
2026-04-09 21:18:00,Azure,ap-northeast-1,4.83,238.91,0
2026-04-09 21:19:00,Azure,sa-east-1,100.39209614906333,119.87,0
2026-04-09 21:20:00,Azure,ap-northeast-1,17.73,581.03,0
2026-04-09 21:21:00,AWS,ap-northeast-1,16.73,542.45,0
2026-04-09 21:22:00,GCP,sa-east-1,105.88643265519411,397.83,0
2026-04-09 21:23:00,GCP,us-east-1,16.56,730.25,0
2026-04-09 21:24:00,Azure,ap-northeast-1,18.38,663.22,0
2026-04-09 21:25:00,AWS,ap-northeast-1,12.61,640.31,0
2026-04-09 21:26:00,AWS,eu-west-1,16.62,402.63,0
2026-04-09 21:27:00,AWS,sa-east-1,80.16458276575786,394.43,0
2026-04-09 21:28:00,Azure,ap-northeast-1,11.97,886.1,0
2026-04-09 21:29:00,AWS,sa-east-1,96.86569699084356,589.57,0
2026-04-09 21:30:00,AWS,sa-east-1,100.45046926816605,345.01,0
2026-04-09 21:31:00,AWS,ap-northeast-1,27.81,588.9,0
2026-04-09 21:32:00,GCP,sa-east-1,73.88601433368694,340.09,0
2026-04-09 21:33:00,Azure,us-east-1,35.86,266.77,0
2026-04-09 21:34:00,GCP,ap-northeast-1,5.7,353.96,0
2026-04-09 21:35:00,GCP,ap-northeast-1,10.22,666.0,0
2026-04-09 21:36:00,Azure,ap-northeast-1,15.5,564.25,0
2026-04-09 21:37:00,GCP,eu-west-1,13.86,248.05,0
2026-04-09 21:38:00,AWS,eu-west-1,9.82,917.12,0
2026-04-09 21:39:00,AWS,eu-west-1,14.2,548.47,0
2026-04-09 21:40:00,AWS,eu-west-1,22.71,814.35,0
2026-04-09 21:41:00,AWS,ap-northeast-1,13.07,397.62,0
2026-04-09 21:42:00,Azure,us-east-1,6.16,961.8,0
2026-04-09 21:43:00,GCP,sa-east-1,86.7962787502581,776.88,0
2026-04-09 21:44:00,GCP,sa-east-1,89.93748350505035,509.06,1
2026-04-09 21:45:00,AWS,ap-northeast-1,6.63,912.06,0
2026-04-09 21:46:00,AWS,us-east-1,8.48,745.72,0
2026-04-09 21:47:00,GCP,sa-east-1,104.43795100885907,487.48,0
2026-04-09 21:48:00,Azure,us-east-1,13.98,976.72,0
2026-04-09 21:49:00,GCP,ap-northeast-1,44.92,368.69,0
2026-04-09 21:50:00,AWS,eu-west-1,7.79,330.91,0
2026-04-09 21:51:00,AWS,us-east-1,21.06,905.19,0
2026-04-09 21:52:00,Azure,sa-east-1,122.0201119957204,736.63,0
2026-04-09 21:53:00,GCP,sa-east-1,99.8106866876786,410.96,0
2026-04-09 21:54:00,Azure,sa-east-1,79.58875031933187,308.62,0
2026-04-09 21:55:00,Azure,eu-west-1,14.19,260.23,0
2026-04-09 21:56:00,AWS,us-east-1,9.7,382.15,0
2026-04-09 21:57:00,GCP,us-east-1,4.91,212.99,0
2026-04-09 21:58:00,AWS,sa-east-1,103.53502054800946,230.81,0
2026-04-09 21:59:00,GCP,us-east-1,13.18,798.96,0
2026-04-09 22:00:00,AWS,sa-east-1,97.7643837169297,157.38,0
2026-04-09 22:01:00,AWS,us-east-1,11.92,495.36,0
2026-04-09 22:02:00,GCP,eu-west-1,10.4,464.5,0
2026-04-09 22:03:00,GCP,eu-west-1,16.38,964.17,0
2026-04-09 22:04:00,AWS,ap-northeast-1,7.77,518.99,0
2026-04-09 22:05:00,GCP,ap-northeast-1,10.09,244.77,0
2026-04-09 22:06:00,AWS,ap-northeast-1,13.1,179.56,0
2026-04-09 22:07:00,GCP,us-east-1,4.55,759.19,0
2026-04-09 22:08:00,AWS,eu-west-1,10.77,232.96,0
2026-04-09 22:09:00,AWS,eu-west-1,8.64,944.18,0
2026-04-09 22:10:00,AWS,eu-west-1,16.51,603.29,0
2026-04-09 22:11:00,Azure,sa-east-1,103.46700616863009,461.53,0
2026-04-09 22:12:00,GCP,us-east-1,22.97,715.9,0
2026-04-09 22:13:00,AWS,us-east-1,4.45,279.04,0
2026-04-09 22:14:00,Azure,ap-northeast-1,8.95,444.03,0
2026-04-09 22:15:00,AWS,sa-east-1,92.45916669208705,130.07,0
2026-04-09 22:16:00,Azure,sa-east-1,113.25907574271984,889.91,0
2026-04-09 22:17:00,AWS,eu-west-1,7.01,482.73,0
2026-04-09 22:18:00,AWS,ap-northeast-1,8.15,782.94,0
2026-04-09 22:19:00,Azure,us-east-1,23.51,925.17,0
2026-04-09 22:20:00,Azure,sa-east-1,89.8970347785653,687.51,0
2026-04-09 22:21:00,GCP,eu-west-1,28.59,438.17,0
2026-04-09 22:22:00,GCP,us-east-1,28.73,657.58,0
2026-04-09 22:23:00,Azure,eu-west-1,15.11,424.3,0
2026-04-09 22:24:00,GCP,us-east-1,13.02,610.58,0
2026-04-09 22:25:00,Azure,eu-west-1,31.53,488.95,0
2026-04-09 22:26:00,GCP,us-east-1,10.35,234.88,0
2026-04-09 22:27:00,AWS,ap-northeast-1,7.35,802.09,0
2026-04-09 22:28:00,GCP,us-east-1,14.04,546.78,0
2026-04-09 22:29:00,AWS,us-east-1,10.17,271.13,0
2026-04-09 22:30:00,AWS,us-east-1,8.3,902.65,0
2026-04-09 22:31:00,GCP,eu-west-1,18.64,867.9,0
2026-04-09 22:32:00,Azure,sa-east-1,107.87960882688105,602.94,0
2026-04-09 22:33:00,AWS,us-east-1,13.36,973.29,0
2026-04-09 22:34:00,AWS,us-east-1,15.97,934.45,0
2026-04-09 22:35:00,GCP,ap-northeast-1,5.04,907.31,0
2026-04-09 22:36:00,Azure,us-east-1,22.64,219.96,0
2026-04-09 22:37:00,Azure,ap-northeast-1,38.49,365.17,0
2026-04-09 22:38:00,GCP,us-east-1,23.11,469.17,0
2026-04-09 22:39:00,Azure,eu-west-1,2.02,848.72,0
2026-04-09 22:40:00,GCP,sa-east-1,107.16886252389816,884.11,0
2026-04-09 22:41:00,GCP,sa-east-1,57.40736508939878,776.34,0
2026-04-09 22:42:00,GCP,sa-east-1,93.09630555159842,525.16,0
2026-04-09 22:43:00,AWS,eu-west-1,22.17,245.71,0
2026-04-09 22:44:00,AWS,ap-northeast-1,14.68,131.68,0
2026-04-09 22:45:00,AWS,sa-east-1,99.22383161032171,729.37,0
2026-04-09 22:46:00,GCP,eu-west-1,12.25,994.74,0
2026-04-09 22:47:00,AWS,eu-west-1,6.96,410.92,0
2026-04-09 22:48:00,AWS,us-east-1,13.06,611.86,0
2026-04-09 22:49:00,AWS,ap-northeast-1,12.09,829.52,0
2026-04-09 22:50:00,GCP,eu-west-1,20.52,267.83,0
2026-04-09 22:51:00,GCP,ap-northeast-1,11.26,846.6,0
2026-04-09 22:52:00,GCP,sa-east-1,103.74971929917464,662.81,0
2026-04-09 22:53:00,AWS,sa-east-1,69.43254153807388,612.86,0
2026-04-09 22:54:00,Azure,sa-east-1,107.69603389618084,786.05,0
2026-04-09 22:55:00,AWS,us-east-1,11.66,316.85,0
2026-04-09 22:56:00,AWS,us-east-1,23.19,653.3,0
2026-04-09 22:57:00,GCP,ap-northeast-1,24.78,316.34,0
2026-04-09 22:58:00,GCP,ap-northeast-1,3.2,261.58,0
2026-04-09 22:59:00,AWS,us-east-1,6.7,661.02,0
2026-04-09 23:00:00,AWS,eu-west-1,8.9,342.35,0
2026-04-09 23:01:00,Azure,ap-northeast-1,24.61,742.94,0
2026-04-09 23:02:00,Azure,ap-northeast-1,22.85,563.04,0
2026-04-09 23:03:00,GCP,sa-east-1,88.0546323823189,725.46,0
2026-04-09 23:04:00,Azure,ap-northeast-1,21.49,902.46,0
2026-04-09 23:05:00,Azure,ap-northeast-1,28.69,224.42,0
2026-04-09 23:06:00,GCP,eu-west-1,16.12,160.06,0
2026-04-09 23:07:00,Azure,ap-northeast-1,21.0,459.93,0
2026-04-09 23:08:00,AWS,eu-west-1,15.12,745.04,0
2026-04-09 23:09:00,Azure,sa-east-1,96.47237398245144,897.54,0
2026-04-09 23:10:00,GCP,us-east-1,9.56,131.31,0
2026-04-09 23:11:00,AWS,sa-east-1,89.49774796706708,813.66,0
2026-04-09 23:12:00,Azure,eu-west-1,8.76,167.88,0
2026-04-09 23:13:00,AWS,eu-west-1,10.62,622.52,0
2026-04-09 23:14:00,AWS,ap-northeast-1,18.32,409.69,0
2026-04-09 23:15:00,Azure,ap-northeast-1,27.79,115.89,0
2026-04-09 23:16:00,Azure,us-east-1,9.0,187.38,0
2026-04-09 23:17:00,GCP,eu-west-1,43.13,418.35,0
2026-04-09 23:18:00,GCP,eu-west-1,10.9,958.38,0
2026-04-09 23:19:00,AWS,sa-east-1,103.921828173963,239.35,0
2026-04-09 23:20:00,GCP,us-east-1,14.06,344.78,0
2026-04-09 23:21:00,AWS,sa-east-1,102.54607446858962,994.72,0
2026-04-09 23:22:00,AWS,ap-northeast-1,9.49,532.56,0
2026-04-09 23:23:00,GCP,ap-northeast-1,10.46,336.02,0
2026-04-09 23:24:00,GCP,sa-east-1,89.4245301918068,654.35,0
2026-04-09 23:25:00,GCP,ap-northeast-1,8.09,492.43,0
2026-04-09 23:26:00,Azure,sa-east-1,109.14090172982074,872.48,0
2026-04-09 23:27:00,AWS,eu-west-1,9.94,107.18,0
2026-04-09 23:28:00,AWS,eu-west-1,8.81,997.1,0
2026-04-09 23:29:00,AWS,ap-northeast-1,20.34,159.68,0
2026-04-09 23:30:00,GCP,us-east-1,5.08,583.41,0
2026-04-09 23:31:00,GCP,eu-west-1,16.32,727.66,0
2026-04-09 23:32:00,GCP,ap-northeast-1,13.14,594.85,0
2026-04-09 23:33:00,GCP,us-east-1,14.04,370.7,0
2026-04-09 23:34:00,GCP,ap-northeast-1,6.59,869.89,0
2026-04-09 23:35:00,Azure,sa-east-1,70.18090997408895,487.38,0
2026-04-09 23:36:00,GCP,ap-northeast-1,14.82,370.63,0
2026-04-09 23:37:00,AWS,sa-east-1,104.54169969248939,791.5,0
2026-04-09 23:38:00,GCP,eu-west-1,5.65,231.27,0
2026-04-09 23:39:00,AWS,eu-west-1,10.65,284.51,0
2026-04-09 23:40:00,GCP,ap-northeast-1,11.07,327.49,0
2026-04-09 23:41:00,GCP,us-east-1,17.54,491.39,0
2026-04-09 23:42:00,AWS,ap-northeast-1,21.5,118.3,0
2026-04-09 23:43:00,AWS,ap-northeast-1,13.05,992.6,0
2026-04-09 23:44:00,AWS,eu-west-1,15.16,640.14,0
2026-04-09 23:45:00,AWS,eu-west-1,20.65,973.65,0
2026-04-09 23:46:00,Azure,ap-northeast-1,11.09,826.71,0
2026-04-09 23:47:00,AWS,eu-west-1,15.97,220.88,0
2026-04-09 23:48:00,GCP,sa-east-1,65.49463764623165,288.16,0
2026-04-09 23:49:00,GCP,ap-northeast-1,9.2,131.0,0
2026-04-09 23:50:00,Azure,eu-west-1,28.71,850.41,0
2026-04-09 23:51:00,AWS,ap-northeast-1,20.33,634.11,0
2026-04-09 23:52:00,GCP,eu-west-1,18.5,293.56,0
2026-04-09 23:53:00,Azure,sa-east-1,102.54202962907712,973.08,0
2026-04-09 23:54:00,GCP,sa-east-1,66.4842293568756,763.07,0
2026-04-09 23:55:00,Azure,ap-northeast-1,7.54,734.97,0
2026-04-09 23:56:00,Azure,sa-east-1,98.79245616685091,340.29,0
2026-04-09 23:57:00,AWS,sa-east-1,106.7378969314749,382.04,0
2026-04-09 23:58:00,Azure,eu-west-1,26.9,701.18,0
2026-04-09 23:59:00,GCP,ap-northeast-1,6.67,634.2,0
2026-04-10 00:00:00,GCP,eu-west-1,9.18,682.56,0
2026-04-10 00:01:00,AWS,eu-west-1,27.56,890.94,0
2026-04-10 00:02:00,AWS,us-east-1,5.5,244.36,0
2026-04-10 00:03:00,Azure,sa-east-1,83.11641850966073,204.7,0
2026-04-10 00:04:00,AWS,eu-west-1,4.66,608.17,0
2026-04-10 00:05:00,GCP,eu-west-1,10.24,550.14,0
2026-04-10 00:06:00,GCP,eu-west-1,32.56,462.58,0
2026-04-10 00:07:00,AWS,sa-east-1,71.70492334545774,914.24,0
2026-04-10 00:08:00,AWS,sa-east-1,91.75556727939424,602.54,0
2026-04-10 00:09:00,AWS,sa-east-1,69.08116503286875,610.53,0
2026-04-10 00:10:00,Azure,ap-northeast-1,15.87,429.79,0
2026-04-10 00:11:00,Azure,eu-west-1,5.39,409.66,0
2026-04-10 00:12:00,GCP,sa-east-1,117.17538894781634,988.84,0
2026-04-10 00:13:00,Azure,eu-west-1,27.53,660.77,0
2026-04-10 00:14:00,Azure,ap-northeast-1,8.39,842.6,0
2026-04-10 00:15:00,Azure,us-east-1,26.2,502.71,0
2026-04-10 00:16:00,Azure,ap-northeast-1,20.74,272.67,0
2026-04-10 00:17:00,GCP,sa-east-1,101.74854928164015,392.36,0
2026-04-10 00:18:00,AWS,sa-east-1,76.96632573735154,411.51,0
2026-04-10 00:19:00,GCP,ap-northeast-1,11.58,608.42,0
2026-04-10 00:20:00,Azure,eu-west-1,29.08,239.15,0
2026-04-10 00:21:00,AWS,sa-east-1,95.60969337790554,448.32,0
2026-04-10 00:22:00,AWS,sa-east-1,68.35554146065498,190.52,0
2026-04-10 00:23:00,AWS,ap-northeast-1,27.9,546.88,0
2026-04-10 00:24:00,GCP,eu-west-1,21.79,952.68,0
2026-04-10 00:25:00,AWS,ap-northeast-1,6.57,405.04,0
2026-04-10 00:26:00,GCP,ap-northeast-1,9.1,144.74,0
2026-04-10 00:27:00,GCP,eu-west-1,8.08,647.88,0
2026-04-10 00:28:00,Azure,eu-west-1,15.22,671.26,0
2026-04-10 00:29:00,Azure,us-east-1,9.57,531.61,0
2026-04-10 00:30:00,AWS,ap-northeast-1,10.06,457.17,0
2026-04-10 00:31:00,AWS,eu-west-1,10.83,903.4,0
2026-04-10 00:32:00,Azure,sa-east-1,66.24668663005043,944.59,0
2026-04-10 00:33:00,GCP,us-east-1,10.69,705.85,0
2026-04-10 00:34:00,GCP,ap-northeast-1,19.77,551.1,0
2026-04-10 00:35:00,Azure,eu-west-1,7.06,160.79,0
2026-04-10 00:36:00,GCP,us-east-1,5.81,370.93,0
2026-04-10 00:37:00,Azure,us-east-1,8.79,356.58,0
2026-04-10 00:38:00,Azure,sa-east-1,77.73042395824878,152.42,0
2026-04-10 00:39:00,AWS,us-east-1,12.53,859.03,0
2026-04-10 00:40:00,AWS,ap-northeast-1,9.98,880.34,0
2026-04-10 00:41:00,Azure,eu-west-1,6.36,921.13,0
2026-04-10 00:42:00,AWS,us-east-1,6.3,767.63,0
2026-04-10 00:43:00,Azure,us-east-1,13.35,739.46,0
2026-04-10 00:44:00,GCP,ap-northeast-1,19.11,530.04,0
2026-04-10 00:45:00,GCP,sa-east-1,82.78212434204491,871.66,0
2026-04-10 00:46:00,GCP,sa-east-1,62.590554497326295,559.12,0
2026-04-10 00:47:00,GCP,eu-west-1,8.84,126.68,0
2026-04-10 00:48:00,Azure,ap-northeast-1,11.29,626.42,0
2026-04-10 00:49:00,GCP,sa-east-1,108.89576781725,451.41,0
2026-04-10 00:50:00,GCP,eu-west-1,42.51,569.17,0
2026-04-10 00:51:00,GCP,eu-west-1,9.75,496.64,0
2026-04-10 00:52:00,GCP,sa-east-1,101.06777757081957,547.12,0
2026-04-10 00:53:00,Azure,ap-northeast-1,15.12,197.72,0
2026-04-10 00:54:00,GCP,us-east-1,12.94,113.08,0
2026-04-10 00:55:00,AWS,sa-east-1,87.65550352688967,406.17,0
2026-04-10 00:56:00,AWS,us-east-1,11.45,329.08,0
2026-04-10 00:57:00,AWS,us-east-1,11.12,325.05,0
2026-04-10 00:58:00,AWS,ap-northeast-1,15.19,943.39,0
2026-04-10 00:59:00,AWS,ap-northeast-1,13.75,837.09,0
2026-04-10 01:00:00,AWS,eu-west-1,9.57,112.03,0
2026-04-10 01:01:00,Azure,ap-northeast-1,12.96,107.85,0
2026-04-10 01:02:00,AWS,eu-west-1,12.98,799.21,0
2026-04-10 01:03:00,GCP,sa-east-1,90.42254511521486,986.37,0
2026-04-10 01:04:00,AWS,us-east-1,11.84,518.69,0
2026-04-10 01:05:00,Azure,ap-northeast-1,19.14,489.82,0
2026-04-10 01:06:00,AWS,sa-east-1,67.33623618623282,348.24,0
2026-04-10 01:07:00,GCP,eu-west-1,8.4,699.97,0
2026-04-10 01:08:00,GCP,ap-northeast-1,8.41,524.48,0
2026-04-10 01:09:00,Azure,us-east-1,14.36,250.77,0
2026-04-10 01:10:00,Azure,sa-east-1,83.91927150655948,533.24,0
2026-04-10 01:11:00,Azure,ap-northeast-1,13.72,438.73,0
2026-04-10 01:12:00,Azure,ap-northeast-1,13.19,900.83,0
2026-04-10 01:13:00,AWS,sa-east-1,95.70772258510627,794.43,0
2026-04-10 01:14:00,AWS,eu-west-1,19.55,731.12,0
2026-04-10 01:15:00,GCP,eu-west-1,22.78,394.44,0
2026-04-10 01:16:00,Azure,ap-northeast-1,13.81,225.65,0
2026-04-10 01:17:00,Azure,eu-west-1,12.42,878.21,0
2026-04-10 01:18:00,AWS,eu-west-1,9.48,408.47,0
2026-04-10 01:19:00,Azure,sa-east-1,93.77203886165172,633.66,0
2026-04-10 01:20:00,GCP,eu-west-1,9.81,631.74,0
2026-04-10 01:21:00,GCP,eu-west-1,17.67,935.25,0
2026-04-10 01:22:00,Azure,sa-east-1,105.20256295519664,254.55,0
2026-04-10 01:23:00,GCP,ap-northeast-1,4.55,794.48,0
2026-04-10 01:24:00,GCP,ap-northeast-1,5.81,516.33,0
2026-04-10 01:25:00,AWS,sa-east-1,94.10676422398785,257.28,0
2026-04-10 01:26:00,GCP,us-east-1,9.66,852.07,0
2026-04-10 01:27:00,Azure,sa-east-1,71.16139647951883,838.13,0
2026-04-10 01:28:00,Azure,us-east-1,9.3,136.16,0
2026-04-10 01:29:00,GCP,eu-west-1,15.02,738.5,0
2026-04-10 01:30:00,Azure,ap-northeast-1,27.06,238.17,0
2026-04-10 01:31:00,AWS,us-east-1,9.1,649.32,0
2026-04-10 01:32:00,GCP,us-east-1,7.71,679.42,0
2026-04-10 01:33:00,GCP,eu-west-1,6.93,698.72,0
2026-04-10 01:34:00,GCP,ap-northeast-1,7.26,208.09,0
2026-04-10 01:35:00,Azure,eu-west-1,16.07,638.48,0
2026-04-10 01:36:00,Azure,ap-northeast-1,17.8,189.88,0
2026-04-10 01:37:00,GCP,ap-northeast-1,16.67,771.0,0
2026-04-10 01:38:00,Azure,eu-west-1,7.21,157.37,0
2026-04-10 01:39:00,Azure,us-east-1,10.06,782.03,0
2026-04-10 01:40:00,GCP,sa-east-1,65.20342780935972,895.14,0
2026-04-10 01:41:00,GCP,ap-northeast-1,28.74,368.69,0
2026-04-10 01:42:00,Azure,ap-northeast-1,14.13,800.46,0
2026-04-10 01:43:00,GCP,sa-east-1,111.64715340867149,475.77,0
2026-04-10 01:44:00,GCP,sa-east-1,88.11533483631143,817.94,0
2026-04-10 01:45:00,GCP,eu-west-1,9.83,717.63,0
2026-04-10 01:46:00,GCP,ap-northeast-1,14.9,360.23,0
2026-04-10 01:47:00,Azure,eu-west-1,9.59,274.36,0
2026-04-10 01:48:00,GCP,sa-east-1,111.48978331385763,923.27,0
2026-04-10 01:49:00,AWS,eu-west-1,7.88,855.08,0
2026-04-10 01:50:00,GCP,ap-northeast-1,13.39,693.91,0
2026-04-10 01:51:00,AWS,us-east-1,17.03,414.43,0
2026-04-10 01:52:00,GCP,us-east-1,11.7,559.41,0
2026-04-10 01:53:00,AWS,ap-northeast-1,12.98,602.08,0
2026-04-10 01:54:00,AWS,eu-west-1,11.02,177.46,0
2026-04-10 01:55:00,GCP,sa-east-1,91.79676757383302,975.01,0
2026-04-10 01:56:00,GCP,sa-east-1,81.20470283682224,182.64,0
2026-04-10 01:57:00,GCP,us-east-1,10.18,749.52,0
2026-04-10 01:58:00,AWS,eu-west-1,6.34,543.52,0
2026-04-10 01:59:00,Azure,sa-east-1,83.32234919848156,783.89,0
2026-04-10 02:00:00,Azure,sa-east-1,99.73859625878289,334.84,0
2026-04-10 02:01:00,GCP,ap-northeast-1,38.04,455.6,0
2026-04-10 02:02:00,Azure,eu-west-1,14.67,572.95,0
2026-04-10 02:03:00,Azure,eu-west-1,18.08,208.66,0
2026-04-10 02:04:00,GCP,sa-east-1,121.09953345671393,866.65,0
2026-04-10 02:05:00,AWS,eu-west-1,7.53,992.38,0
2026-04-10 02:06:00,GCP,eu-west-1,14.82,475.83,0
2026-04-10 02:07:00,Azure,eu-west-1,30.37,439.13,0
2026-04-10 02:08:00,AWS,ap-northeast-1,18.53,634.67,0
2026-04-10 02:09:00,Azure,sa-east-1,108.73895593230942,719.8,0
2026-04-10 02:10:00,AWS,us-east-1,14.6,881.72,0
2026-04-10 02:11:00,Azure,eu-west-1,30.92,435.6,0
2026-04-10 02:12:00,GCP,sa-east-1,77.61150928943059,788.34,0
2026-04-10 02:13:00,Azure,us-east-1,7.68,316.07,0
2026-04-10 02:14:00,Azure,ap-northeast-1,16.54,712.4,0
2026-04-10 02:15:00,AWS,sa-east-1,60.69252211136622,520.07,0
2026-04-10 02:16:00,Azure,ap-northeast-1,8.44,695.51,0
2026-04-10 02:17:00,GCP,sa-east-1,83.41521105986179,441.83,0
2026-04-10 02:18:00,GCP,ap-northeast-1,12.07,364.91,0
2026-04-10 02:19:00,GCP,sa-east-1,59.47237645090526,537.39,0
2026-04-10 02:20:00,AWS,ap-northeast-1,14.96,905.59,0
2026-04-10 02:21:00,AWS,us-east-1,10.24,707.37,0
2026-04-10 02:22:00,Azure,sa-east-1,87.62094917067503,650.49,0
2026-04-10 02:23:00,Azure,us-east-1,12.43,747.88,0
2026-04-10 02:24:00,Azure,eu-west-1,11.28,756.2,0
2026-04-10 02:25:00,AWS,us-east-1,11.51,365.27,0
2026-04-10 02:26:00,AWS,sa-east-1,88.94303943113606,309.46,0
2026-04-10 02:27:00,Azure,us-east-1,18.94,558.22,0
2026-04-10 02:28:00,AWS,sa-east-1,68.10876050377097,233.05,0
2026-04-10 02:29:00,AWS,ap-northeast-1,9.49,527.27,0
2026-04-10 02:30:00,GCP,eu-west-1,12.78,723.74,0
2026-04-10 02:31:00,GCP,us-east-1,4.1,106.67,0
2026-04-10 02:32:00,Azure,eu-west-1,15.1,200.03,0
2026-04-10 02:33:00,Azure,us-east-1,7.97,965.94,0
2026-04-10 02:34:00,GCP,sa-east-1,58.520551177899236,935.15,0
2026-04-10 02:35:00,AWS,us-east-1,8.58,476.12,0
2026-04-10 02:36:00,Azure,eu-west-1,22.86,631.03,0
2026-04-10 02:37:00,Azure,us-east-1,16.52,239.76,0
2026-04-10 02:38:00,Azure,eu-west-1,9.73,397.91,0
2026-04-10 02:39:00,AWS,eu-west-1,9.2,813.64,0
2026-04-10 02:40:00,GCP,sa-east-1,75.76138192478332,870.37,0
2026-04-10 02:41:00,Azure,ap-northeast-1,27.05,464.76,0
2026-04-10 02:42:00,GCP,ap-northeast-1,10.71,379.95,0
2026-04-10 02:43:00,GCP,us-east-1,4.8,713.51,0
2026-04-10 02:44:00,AWS,eu-west-1,13.25,746.11,0
2026-04-10 02:45:00,AWS,sa-east-1,79.95586590072674,985.43,0
2026-04-10 02:46:00,AWS,ap-northeast-1,14.65,727.6,0
2026-04-10 02:47:00,AWS,sa-east-1,107.50181731631046,316.15,0
2026-04-10 02:48:00,AWS,sa-east-1,67.45285246672225,153.99,0
2026-04-10 02:49:00,AWS,eu-west-1,7.46,331.84,0
2026-04-10 02:50:00,Azure,us-east-1,21.02,303.99,0
2026-04-10 02:51:00,GCP,eu-west-1,9.38,183.55,0
2026-04-10 02:52:00,AWS,ap-northeast-1,10.71,499.95,0
2026-04-10 02:53:00,Azure,ap-northeast-1,14.83,359.33,0
2026-04-10 02:54:00,GCP,sa-east-1,101.88952324173968,932.58,0
2026-04-10 02:55:00,AWS,eu-west-1,26.79,463.52,0
2026-04-10 02:56:00,AWS,eu-west-1,23.45,888.95,0
2026-04-10 02:57:00,Azure,sa-east-1,95.76314564198054,376.06,0
2026-04-10 02:58:00,GCP,us-east-1,32.76,848.34,0
2026-04-10 02:59:00,AWS,sa-east-1,85.89257410773698,509.06,0
2026-04-10 03:00:00,GCP,sa-east-1,108.34917558456206,129.12,0
2026-04-10 03:01:00,Azure,ap-northeast-1,8.75,538.26,0
2026-04-10 03:02:00,AWS,eu-west-1,11.8,304.09,0
2026-04-10 03:03:00,GCP,ap-northeast-1,4.67,376.7,0
2026-04-10 03:04:00,Azure,sa-east-1,98.74554966456954,715.92,1
2026-04-10 03:05:00,Azure,eu-west-1,6.3,576.55,0
2026-04-10 03:06:00,AWS,sa-east-1,70.39989371148249,899.75,0
2026-04-10 03:07:00,GCP,sa-east-1,69.79068156809461,942.36,0
2026-04-10 03:08:00,AWS,us-east-1,12.98,721.86,0
2026-04-10 03:09:00,AWS,ap-northeast-1,8.95,877.18,0
2026-04-10 03:10:00,GCP,ap-northeast-1,8.49,275.57,0
2026-04-10 03:11:00,GCP,sa-east-1,87.6466407767025,171.35,0
2026-04-10 03:12:00,GCP,us-east-1,8.91,399.67,0
2026-04-10 03:13:00,Azure,sa-east-1,106.12470590311894,393.14,0
2026-04-10 03:14:00,Azure,sa-east-1,70.4310668628496,698.58,0
2026-04-10 03:15:00,GCP,sa-east-1,90.09072911415743,856.32,0
2026-04-10 03:16:00,Azure,us-east-1,6.96,367.19,0
2026-04-10 03:17:00,AWS,eu-west-1,12.22,482.3,0
2026-04-10 03:18:00,GCP,us-east-1,36.83,194.46,0
2026-04-10 03:19:00,AWS,sa-east-1,86.67359973715311,471.47,0
2026-04-10 03:20:00,GCP,eu-west-1,8.24,292.97,0
2026-04-10 03:21:00,AWS,sa-east-1,88.74581947217126,444.21,0
2026-04-10 03:22:00,GCP,us-east-1,6.73,339.71,0
2026-04-10 03:23:00,AWS,us-east-1,20.96,827.86,0
2026-04-10 03:24:00,GCP,eu-west-1,10.07,103.66,0
2026-04-10 03:25:00,GCP,us-east-1,19.13,404.84,0
2026-04-10 03:26:00,Azure,sa-east-1,100.21871040564757,972.31,0
2026-04-10 03:27:00,AWS,eu-west-1,16.24,711.09,0
2026-04-10 03:28:00,Azure,ap-northeast-1,9.76,794.95,0
2026-04-10 03:29:00,AWS,sa-east-1,93.05459482386168,873.89,0
2026-04-10 03:30:00,Azure,ap-northeast-1,9.39,425.66,0
2026-04-10 03:31:00,GCP,eu-west-1,23.68,159.35,0
2026-04-10 03:32:00,Azure,eu-west-1,12.22,469.62,0
2026-04-10 03:33:00,Azure,sa-east-1,85.30032306504614,687.44,0
2026-04-10 03:34:00,GCP,us-east-1,13.68,433.71,0
2026-04-10 03:35:00,Azure,sa-east-1,82.54738714457753,503.48,0
2026-04-10 03:36:00,GCP,us-east-1,10.93,842.95,0
2026-04-10 03:37:00,AWS,us-east-1,8.6,132.61,0
2026-04-10 03:38:00,Azure,sa-east-1,102.68412668337155,401.25,0
2026-04-10 03:39:00,GCP,eu-west-1,11.66,539.57,0
2026-04-10 03:40:00,GCP,sa-east-1,90.95558155890879,369.27,0
2026-04-10 03:41:00,Azure,ap-northeast-1,11.83,501.25,0
2026-04-10 03:42:00,AWS,eu-west-1,9.49,461.59,0
2026-04-10 03:43:00,Azure,us-east-1,14.06,931.52,0
2026-04-10 03:44:00,GCP,eu-west-1,17.42,543.81,0
2026-04-10 03:45:00,AWS,sa-east-1,81.90931714926596,528.69,0
2026-04-10 03:46:00,Azure,eu-west-1,9.69,329.04,0
2026-04-10 03:47:00,GCP,us-east-1,7.75,141.69,0
2026-04-10 03:48:00,Azure,us-east-1,21.48,369.53,0
2026-04-10 03:49:00,AWS,eu-west-1,5.02,124.49,0
2026-04-10 03:50:00,AWS,ap-northeast-1,8.77,844.1,0
2026-04-10 03:51:00,AWS,us-east-1,17.37,283.86,0
2026-04-10 03:52:00,AWS,ap-northeast-1,8.89,920.07,0
2026-04-10 03:53:00,AWS,us-east-1,8.72,897.25,0
2026-04-10 03:54:00,Azure,eu-west-1,17.05,698.23,0
2026-04-10 03:55:00,AWS,us-east-1,3.92,876.29,0
2026-04-10 03:56:00,AWS,ap-northeast-1,12.36,890.12,0
2026-04-10 03:57:00,GCP,ap-northeast-1,9.25,798.71,0
2026-04-10 03:58:00,AWS,eu-west-1,9.35,557.14,0
2026-04-10 03:59:00,GCP,ap-northeast-1,20.77,955.04,0
2026-04-10 04:00:00,GCP,ap-northeast-1,12.06,835.97,0
2026-04-10 04:01:00,GCP,eu-west-1,6.84,214.29,0
2026-04-10 04:02:00,Azure,us-east-1,5.81,477.92,0
2026-04-10 04:03:00,Azure,eu-west-1,11.82,585.72,0
2026-04-10 04:04:00,GCP,us-east-1,6.12,576.47,0
2026-04-10 04:05:00,Azure,us-east-1,22.27,441.58,0
2026-04-10 04:06:00,AWS,us-east-1,7.02,578.48,0
2026-04-10 04:07:00,Azure,sa-east-1,98.60344588630436,183.69,0
2026-04-10 04:08:00,AWS,us-east-1,4.61,689.71,0
2026-04-10 04:09:00,AWS,eu-west-1,4.72,547.97,0
2026-04-10 04:10:00,Azure,eu-west-1,10.97,808.89,0
2026-04-10 04:11:00,Azure,eu-west-1,60.31,724.05,0
2026-04-10 04:12:00,GCP,sa-east-1,92.7244005024749,201.49,0
2026-04-10 04:13:00,Azure,ap-northeast-1,17.21,415.64,0
2026-04-10 04:14:00,Azure,sa-east-1,101.4004971763165,762.62,0
2026-04-10 04:15:00,Azure,eu-west-1,20.26,403.2,0
2026-04-10 04:16:00,AWS,eu-west-1,11.64,610.21,0
2026-04-10 04:17:00,AWS,ap-northeast-1,6.53,965.14,0
2026-04-10 04:18:00,AWS,sa-east-1,63.29980834558345,171.93,0
2026-04-10 04:19:00,GCP,eu-west-1,5.0,271.26,0
2026-04-10 04:20:00,GCP,us-east-1,7.81,532.55,0
2026-04-10 04:21:00,GCP,us-east-1,14.74,764.59,0
2026-04-10 04:22:00,AWS,eu-west-1,8.78,397.1,0
2026-04-10 04:23:00,Azure,us-east-1,9.8,205.72,1
2026-04-10 04:24:00,GCP,ap-northeast-1,19.48,384.2,0
2026-04-10 04:25:00,GCP,eu-west-1,9.48,679.99,0
2026-04-10 04:26:00,AWS,sa-east-1,92.50397982908738,813.29,0
2026-04-10 04:27:00,GCP,eu-west-1,9.04,979.31,0
2026-04-10 04:28:00,Azure,ap-northeast-1,19.27,785.21,0
2026-04-10 04:29:00,AWS,sa-east-1,106.46608211619427,543.03,0
2026-04-10 04:30:00,AWS,ap-northeast-1,4.55,363.36,0
2026-04-10 04:31:00,Azure,us-east-1,7.44,934.76,0
2026-04-10 04:32:00,Azure,us-east-1,10.83,580.79,0
2026-04-10 04:33:00,Azure,us-east-1,8.65,719.91,0
2026-04-10 04:34:00,GCP,ap-northeast-1,18.71,525.2,0
2026-04-10 04:35:00,Azure,ap-northeast-1,13.59,317.9,0
2026-04-10 04:36:00,AWS,eu-west-1,7.59,592.24,0
2026-04-10 04:37:00,Azure,sa-east-1,108.52202751147952,855.91,0
2026-04-10 04:38:00,AWS,sa-east-1,120.64191113836439,444.99,0
2026-04-10 04:39:00,AWS,ap-northeast-1,6.26,701.85,0
2026-04-10 04:40:00,GCP,ap-northeast-1,9.0,138.12,0
2026-04-10 04:41:00,Azure,us-east-1,18.49,942.88,0
2026-04-10 04:42:00,GCP,ap-northeast-1,19.38,972.94,0
2026-04-10 04:43:00,Azure,us-east-1,24.58,447.67,0
2026-04-10 04:44:00,Azure,ap-northeast-1,41.93,548.55,0
2026-04-10 04:45:00,Azure,sa-east-1,85.59082758580735,244.52,0
2026-04-10 04:46:00,Azure,eu-west-1,23.07,276.58,0
2026-04-10 04:47:00,Azure,ap-northeast-1,46.32,641.86,0
2026-04-10 04:48:00,AWS,us-east-1,12.09,664.3,0
2026-04-10 04:49:00,AWS,eu-west-1,8.23,407.45,0
2026-04-10 04:50:00,Azure,us-east-1,13.84,436.63,0
2026-04-10 04:51:00,AWS,us-east-1,27.02,555.61,0
2026-04-10 04:52:00,GCP,eu-west-1,30.16,945.81,0
2026-04-10 04:53:00,GCP,eu-west-1,13.11,234.69,0
2026-04-10 04:54:00,GCP,eu-west-1,11.22,596.38,0
2026-04-10 04:55:00,Azure,ap-northeast-1,6.44,152.37,0
2026-04-10 04:56:00,Azure,eu-west-1,12.68,512.51,0
2026-04-10 04:57:00,AWS,ap-northeast-1,6.76,457.49,0
2026-04-10 04:58:00,AWS,sa-east-1,97.24575728556312,247.78,0
2026-04-10 04:59:00,AWS,sa-east-1,103.0117151336718,247.6,0
2026-04-10 05:00:00,GCP,us-east-1,6.43,505.09,0
2026-04-10 05:01:00,GCP,us-east-1,14.55,213.94,0
2026-04-10 05:02:00,GCP,ap-northeast-1,19.58,365.3,0
2026-04-10 05:03:00,GCP,us-east-1,7.2,164.1,0
2026-04-10 05:04:00,AWS,sa-east-1,72.51314620559447,367.56,0
2026-04-10 05:05:00,Azure,ap-northeast-1,5.91,580.32,0
2026-04-10 05:06:00,Azure,ap-northeast-1,16.39,769.48,0
2026-04-10 05:07:00,GCP,eu-west-1,5.79,847.37,0
2026-04-10 05:08:00,Azure,ap-northeast-1,17.28,404.06,0
2026-04-10 05:09:00,Azure,us-east-1,14.08,944.92,0
2026-04-10 05:10:00,Azure,sa-east-1,99.26482992541901,316.56,0
2026-04-10 05:11:00,GCP,us-east-1,28.11,172.52,0
2026-04-10 05:12:00,AWS,sa-east-1,103.87226122503299,932.51,0
2026-04-10 05:13:00,AWS,eu-west-1,30.34,585.83,0
2026-04-10 05:14:00,Azure,sa-east-1,75.5401309189599,416.24,0
2026-04-10 05:15:00,AWS,eu-west-1,8.14,908.3,0
2026-04-10 05:16:00,AWS,us-east-1,9.45,798.17,0
2026-04-10 05:17:00,GCP,eu-west-1,10.55,849.2,0
2026-04-10 05:18:00,GCP,ap-northeast-1,35.86,363.11,0
2026-04-10 05:19:00,Azure,ap-northeast-1,2.98,886.14,0
2026-04-10 05:20:00,Azure,sa-east-1,101.48010534225453,684.8,0
2026-04-10 05:21:00,Azure,us-east-1,18.44,764.21,0
2026-04-10 05:22:00,GCP,us-east-1,13.25,381.18,0
2026-04-10 05:23:00,AWS,sa-east-1,89.22758429319124,320.51,0
2026-04-10 05:24:00,GCP,ap-northeast-1,11.63,467.36,0
2026-04-10 05:25:00,GCP,eu-west-1,18.65,617.69,0
2026-04-10 05:26:00,AWS,sa-east-1,85.53850652650283,699.39,0
2026-04-10 05:27:00,AWS,eu-west-1,8.04,548.17,0
2026-04-10 05:28:00,Azure,eu-west-1,17.93,728.98,0
2026-04-10 05:29:00,AWS,us-east-1,9.08,737.5,0
2026-04-10 05:30:00,AWS,ap-northeast-1,11.16,699.47,0
2026-04-10 05:31:00,AWS,eu-west-1,23.48,325.98,0
2026-04-10 05:32:00,AWS,ap-northeast-1,18.12,501.7,0
2026-04-10 05:33:00,Azure,us-east-1,5.42,789.17,0
2026-04-10 05:34:00,Azure,sa-east-1,96.12003499529055,898.27,0
2026-04-10 05:35:00,AWS,sa-east-1,79.49207416469837,551.05,0
2026-04-10 05:36:00,AWS,us-east-1,13.12,988.11,0
2026-04-10 05:37:00,Azure,us-east-1,3.46,257.24,0
2026-04-10 05:38:00,Azure,eu-west-1,6.19,301.94,0
2026-04-10 05:39:00,AWS,us-east-1,5.02,514.68,0
2026-04-10 05:40:00,GCP,sa-east-1,85.23649622449209,557.87,0
2026-04-10 05:41:00,Azure,ap-northeast-1,13.05,482.03,0
2026-04-10 05:42:00,Azure,ap-northeast-1,9.38,487.36,0
2026-04-10 05:43:00,Azure,ap-northeast-1,8.93,538.53,0
2026-04-10 05:44:00,AWS,ap-northeast-1,5.1,388.15,0
2026-04-10 05:45:00,AWS,us-east-1,6.52,217.85,0
2026-04-10 05:46:00,Azure,us-east-1,7.56,960.5,0
2026-04-10 05:47:00,AWS,ap-northeast-1,18.93,815.49,0
2026-04-10 05:48:00,AWS,us-east-1,15.11,833.41,0
2026-04-10 05:49:00,Azure,eu-west-1,18.03,428.46,0
2026-04-10 05:50:00,AWS,us-east-1,15.35,463.5,0
2026-04-10 05:51:00,GCP,eu-west-1,18.38,942.26,0
2026-04-10 05:52:00,AWS,eu-west-1,6.15,975.62,0
2026-04-10 05:53:00,AWS,us-east-1,23.76,948.36,0
2026-04-10 05:54:00,Azure,ap-northeast-1,20.57,678.34,0
2026-04-10 05:55:00,Azure,eu-west-1,10.11,318.44,0
2026-04-10 05:56:00,GCP,us-east-1,19.79,644.48,0
2026-04-10 05:57:00,AWS,sa-east-1,100.34936296266454,630.18,0
2026-04-10 05:58:00,GCP,ap-northeast-1,11.86,917.41,0
2026-04-10 05:59:00,GCP,sa-east-1,105.96822755348879,380.5,0
2026-04-10 06:00:00,Azure,eu-west-1,9.4,280.61,0
2026-04-10 06:01:00,AWS,sa-east-1,116.5735512750363,339.23,0
2026-04-10 06:02:00,Azure,us-east-1,9.72,318.83,0
2026-04-10 06:03:00,GCP,ap-northeast-1,14.25,683.55,0
2026-04-10 06:04:00,GCP,eu-west-1,11.92,831.19,0
2026-04-10 06:05:00,Azure,us-east-1,9.1,431.3,0
2026-04-10 06:06:00,Azure,ap-northeast-1,5.19,258.77,0
2026-04-10 06:07:00,Azure,eu-west-1,18.97,408.78,0
2026-04-10 06:08:00,Azure,eu-west-1,11.97,591.9,0
2026-04-10 06:09:00,Azure,eu-west-1,30.44,698.04,0
2026-04-10 06:10:00,GCP,eu-west-1,22.38,594.82,0
2026-04-10 06:11:00,Azure,sa-east-1,106.29973376386391,331.06,0
2026-04-10 06:12:00,AWS,sa-east-1,81.08056419029298,926.22,0
2026-04-10 06:13:00,GCP,sa-east-1,90.95290798410319,494.03,0
2026-04-10 06:14:00,GCP,eu-west-1,13.17,513.07,0
2026-04-10 06:15:00,AWS,sa-east-1,96.54241798604744,970.65,0
2026-04-10 06:16:00,AWS,ap-northeast-1,9.74,881.53,0
2026-04-10 06:17:00,GCP,eu-west-1,3.59,825.64,0
2026-04-10 06:18:00,Azure,ap-northeast-1,17.35,264.42,0
2026-04-10 06:19:00,GCP,ap-northeast-1,17.55,854.28,0
2026-04-10 06:20:00,GCP,sa-east-1,71.18133098329947,509.78,0
2026-04-10 06:21:00,AWS,eu-west-1,15.75,288.45,0
2026-04-10 06:22:00,GCP,sa-east-1,112.63000855572182,991.79,0
2026-04-10 06:23:00,Azure,sa-east-1,76.33120977207263,254.85,0
2026-04-10 06:24:00,AWS,sa-east-1,103.23271767509723,929.74,0
2026-04-10 06:25:00,GCP,eu-west-1,5.69,100.48,0
2026-04-10 06:26:00,GCP,eu-west-1,9.56,494.13,0
2026-04-10 06:27:00,Azure,sa-east-1,80.87082434196968,126.91,0
2026-04-10 06:28:00,GCP,ap-northeast-1,11.49,921.21,0
2026-04-10 06:29:00,GCP,ap-northeast-1,12.95,213.3,0
2026-04-10 06:30:00,GCP,eu-west-1,10.82,705.79,0
2026-04-10 06:31:00,GCP,us-east-1,14.85,668.1,0
2026-04-10 06:32:00,Azure,sa-east-1,104.31548233722437,801.16,0
2026-04-10 06:33:00,GCP,sa-east-1,91.20711142037459,772.19,0
2026-04-10 06:34:00,GCP,us-east-1,8.34,129.2,0
2026-04-10 06:35:00,GCP,eu-west-1,11.02,449.56,1
2026-04-10 06:36:00,AWS,ap-northeast-1,4.88,390.27,0
2026-04-10 06:37:00,Azure,eu-west-1,19.53,975.6,0
2026-04-10 06:38:00,AWS,ap-northeast-1,10.45,797.4,0
2026-04-10 06:39:00,AWS,ap-northeast-1,14.43,737.16,0
2026-04-10 06:40:00,Azure,eu-west-1,8.08,497.94,0
2026-04-10 06:41:00,AWS,sa-east-1,95.69543865545282,901.87,0
2026-04-10 06:42:00,AWS,sa-east-1,94.2440730526102,115.14,0
2026-04-10 06:43:00,AWS,sa-east-1,98.09017703941431,305.59,0
2026-04-10 06:44:00,Azure,ap-northeast-1,16.24,725.51,0
2026-04-10 06:45:00,GCP,sa-east-1,59.848871496535196,557.55,0
2026-04-10 06:46:00,Azure,ap-northeast-1,13.07,580.43,0
2026-04-10 06:47:00,Azure,sa-east-1,91.88863137822095,474.71,0
2026-04-10 06:48:00,Azure,eu-west-1,13.42,249.81,0
2026-04-10 06:49:00,AWS,us-east-1,7.77,249.6,0
2026-04-10 06:50:00,GCP,ap-northeast-1,15.37,365.03,0
2026-04-10 06:51:00,Azure,eu-west-1,10.6,521.48,0
2026-04-10 06:52:00,Azure,ap-northeast-1,11.37,841.71,0
2026-04-10 06:53:00,GCP,ap-northeast-1,39.26,502.15,0
2026-04-10 06:54:00,GCP,eu-west-1,5.05,908.02,0
2026-04-10 06:55:00,GCP,sa-east-1,110.70047084299739,208.47,0
2026-04-10 06:56:00,AWS,ap-northeast-1,15.14,344.6,0
2026-04-10 06:57:00,GCP,us-east-1,16.7,163.47,0
2026-04-10 06:58:00,AWS,us-east-1,16.33,559.02,0
2026-04-10 06:59:00,Azure,eu-west-1,13.42,181.03,0
2026-04-10 07:00:00,AWS,us-east-1,14.94,816.12,0
2026-04-10 07:01:00,GCP,eu-west-1,46.66,135.79,0
2026-04-10 07:02:00,AWS,eu-west-1,11.18,527.85,0
2026-04-10 07:03:00,GCP,ap-northeast-1,11.12,478.55,0
2026-04-10 07:04:00,AWS,eu-west-1,7.15,282.01,0
2026-04-10 07:05:00,Azure,eu-west-1,8.06,628.17,0
2026-04-10 07:06:00,AWS,sa-east-1,105.79539853613119,447.49,0
2026-04-10 07:07:00,Azure,ap-northeast-1,14.65,278.17,0
2026-04-10 07:08:00,GCP,us-east-1,11.52,843.91,0
2026-04-10 07:09:00,Azure,sa-east-1,112.62735909082681,694.63,0
2026-04-10 07:10:00,GCP,sa-east-1,82.1893868991457,110.94,0
2026-04-10 07:11:00,GCP,ap-northeast-1,42.21,551.68,0
2026-04-10 07:12:00,Azure,ap-northeast-1,13.15,344.18,0
2026-04-10 07:13:00,Azure,sa-east-1,89.78997841914025,923.6,0
2026-04-10 07:14:00,AWS,ap-northeast-1,13.21,753.02,0
2026-04-10 07:15:00,AWS,ap-northeast-1,9.01,650.45,0
2026-04-10 07:16:00,Azure,eu-west-1,9.45,180.15,0
2026-04-10 07:17:00,Azure,ap-northeast-1,6.87,937.58,0
2026-04-10 07:18:00,Azure,eu-west-1,5.15,229.78,0
2026-04-10 07:19:00,Azure,sa-east-1,109.99937427568736,505.67,0
2026-04-10 07:20:00,GCP,sa-east-1,74.15348742964593,712.94,0
2026-04-10 07:21:00,Azure,us-east-1,11.8,545.29,0
2026-04-10 07:22:00,Azure,ap-northeast-1,26.22,894.22,0
2026-04-10 07:23:00,Azure,sa-east-1,110.11369888517363,851.81,0
2026-04-10 07:24:00,Azure,eu-west-1,13.13,221.83,0
2026-04-10 07:25:00,GCP,sa-east-1,86.18005129319067,655.87,0
2026-04-10 07:26:00,AWS,ap-northeast-1,11.28,146.98,0
2026-04-10 07:27:00,AWS,us-east-1,36.64,748.52,0
2026-04-10 07:28:00,AWS,us-east-1,13.28,762.42,0
2026-04-10 07:29:00,AWS,sa-east-1,117.59648117784567,410.04,0
2026-04-10 07:30:00,AWS,us-east-1,6.36,807.93,0
2026-04-10 07:31:00,GCP,ap-northeast-1,12.47,687.43,0
2026-04-10 07:32:00,AWS,ap-northeast-1,21.82,553.65,0
2026-04-10 07:33:00,GCP,us-east-1,20.91,509.75,0
2026-04-10 07:34:00,GCP,eu-west-1,16.71,198.23,0
2026-04-10 07:35:00,AWS,us-east-1,8.98,577.99,0
2026-04-10 07:36:00,AWS,us-east-1,6.32,240.49,0
2026-04-10 07:37:00,AWS,sa-east-1,93.32406578076031,690.43,0
2026-04-10 07:38:00,Azure,eu-west-1,20.52,635.24,0
2026-04-10 07:39:00,GCP,us-east-1,28.5,361.48,0
2026-04-10 07:40:00,AWS,sa-east-1,77.66972352380384,322.3,0
2026-04-10 07:41:00,Azure,sa-east-1,95.18891790038464,528.46,0
2026-04-10 07:42:00,GCP,sa-east-1,91.98536603458162,561.24,0
2026-04-10 07:43:00,Azure,ap-northeast-1,13.6,818.13,0
2026-04-10 07:44:00,Azure,sa-east-1,108.15971539694937,373.56,0
2026-04-10 07:45:00,AWS,sa-east-1,90.08302585820641,463.08,0
2026-04-10 07:46:00,GCP,ap-northeast-1,11.48,408.97,0
2026-04-10 07:47:00,Azure,ap-northeast-1,15.35,454.71,0
2026-04-10 07:48:00,GCP,sa-east-1,96.79425381955664,610.39,0
2026-04-10 07:49:00,AWS,us-east-1,7.69,601.72,0
2026-04-10 07:50:00,GCP,eu-west-1,24.58,425.21,0
2026-04-10 07:51:00,Azure,ap-northeast-1,12.04,642.19,0
2026-04-10 07:52:00,Azure,eu-west-1,19.02,654.44,0
2026-04-10 07:53:00,GCP,ap-northeast-1,17.2,574.21,0
2026-04-10 07:54:00,Azure,sa-east-1,105.93050718304579,507.13,0
2026-04-10 07:55:00,Azure,ap-northeast-1,8.79,170.14,0
2026-04-10 07:56:00,Azure,sa-east-1,85.96838527587711,587.14,0
2026-04-10 07:57:00,AWS,eu-west-1,10.8,741.43,0
2026-04-10 07:58:00,AWS,us-east-1,13.77,293.79,0
2026-04-10 07:59:00,Azure,sa-east-1,93.28254393931907,800.05,0
2026-04-10 08:00:00,GCP,eu-west-1,18.04,627.79,0
2026-04-10 08:01:00,AWS,eu-west-1,11.92,313.77,0
2026-04-10 08:02:00,GCP,ap-northeast-1,12.61,246.66,0
2026-04-10 08:03:00,Azure,sa-east-1,61.03453968830424,320.86,0
2026-04-10 08:04:00,Azure,eu-west-1,9.02,783.18,0
2026-04-10 08:05:00,GCP,us-east-1,9.25,325.46,0
2026-04-10 08:06:00,AWS,ap-northeast-1,9.76,714.9,0
2026-04-10 08:07:00,GCP,ap-northeast-1,10.12,591.23,0
2026-04-10 08:08:00,GCP,eu-west-1,16.44,592.16,0
2026-04-10 08:09:00,Azure,sa-east-1,127.07049666484694,867.34,0
2026-04-10 08:10:00,AWS,ap-northeast-1,6.2,887.25,0
2026-04-10 08:11:00,GCP,sa-east-1,90.83683851871619,583.22,0
2026-04-10 08:12:00,AWS,eu-west-1,7.9,158.76,0
2026-04-10 08:13:00,Azure,eu-west-1,6.24,245.07,0
2026-04-10 08:14:00,AWS,sa-east-1,64.50009743179169,953.8,0
2026-04-10 08:15:00,Azure,us-east-1,7.2,221.22,0
2026-04-10 08:16:00,AWS,ap-northeast-1,13.68,851.82,0
2026-04-10 08:17:00,GCP,eu-west-1,11.23,586.37,0
2026-04-10 08:18:00,Azure,us-east-1,10.49,202.61,0
2026-04-10 08:19:00,GCP,us-east-1,14.21,927.55,0
2026-04-10 08:20:00,Azure,sa-east-1,75.95058369259797,935.29,0
2026-04-10 08:21:00,AWS,sa-east-1,61.40467946996078,653.83,0
2026-04-10 08:22:00,AWS,sa-east-1,89.41004059071683,449.97,0
2026-04-10 08:23:00,Azure,us-east-1,7.3,646.75,0
2026-04-10 08:24:00,Azure,ap-northeast-1,4.39,664.98,0
2026-04-10 08:25:00,Azure,sa-east-1,90.99261227254365,659.92,0
2026-04-10 08:26:00,AWS,ap-northeast-1,14.46,760.07,0
2026-04-10 08:27:00,Azure,sa-east-1,87.26395482666953,160.43,0
2026-04-10 08:28:00,Azure,us-east-1,8.48,192.28,0
2026-04-10 08:29:00,GCP,ap-northeast-1,6.1,354.5,0
2026-04-10 08:30:00,Azure,ap-northeast-1,14.07,414.72,0
2026-04-10 08:31:00,GCP,us-east-1,7.02,674.23,0
2026-04-10 08:32:00,GCP,ap-northeast-1,20.28,254.69,0
2026-04-10 08:33:00,GCP,us-east-1,13.73,586.93,0
2026-04-10 08:34:00,AWS,us-east-1,13.43,266.81,0
2026-04-10 08:35:00,GCP,eu-west-1,13.5,419.94,0
2026-04-10 08:36:00,Azure,sa-east-1,87.1339042938477,941.95,0
2026-04-10 08:37:00,AWS,eu-west-1,16.9,906.13,0
2026-04-10 08:38:00,AWS,us-east-1,11.01,957.79,0
2026-04-10 08:39:00,AWS,us-east-1,13.04,632.28,0
2026-04-10 08:40:00,AWS,ap-northeast-1,7.89,551.17,0
2026-04-10 08:41:00,AWS,us-east-1,9.37,864.02,0
2026-04-10 08:42:00,AWS,us-east-1,22.78,171.7,0
2026-04-10 08:43:00,AWS,us-east-1,12.44,980.6,0
2026-04-10 08:44:00,GCP,sa-east-1,105.96041894549757,516.14,0
2026-04-10 08:45:00,Azure,eu-west-1,7.81,708.21,0
2026-04-10 08:46:00,Azure,eu-west-1,18.6,755.62,0
2026-04-10 08:47:00,GCP,sa-east-1,103.09633378828497,665.96,0
2026-04-10 08:48:00,GCP,sa-east-1,70.65677188464234,902.37,0
2026-04-10 08:49:00,AWS,sa-east-1,100.09262486529042,359.35,0
2026-04-10 08:50:00,AWS,eu-west-1,13.34,579.08,0
2026-04-10 08:51:00,GCP,eu-west-1,11.53,487.27,0
2026-04-10 08:52:00,AWS,us-east-1,23.15,733.72,0
2026-04-10 08:53:00,Azure,eu-west-1,5.74,455.6,0
2026-04-10 08:54:00,Azure,ap-northeast-1,15.91,903.57,0
2026-04-10 08:55:00,AWS,eu-west-1,8.72,541.39,0
2026-04-10 08:56:00,AWS,sa-east-1,63.97847462570397,582.41,0
2026-04-10 08:57:00,AWS,eu-west-1,35.49,544.05,0
2026-04-10 08:58:00,Azure,us-east-1,7.57,660.37,0
2026-04-10 08:59:00,AWS,eu-west-1,4.91,559.36,0
2026-04-10 09:00:00,GCP,sa-east-1,73.92709015570327,943.68,0
2026-04-10 09:01:00,AWS,ap-northeast-1,9.52,218.01,0
2026-04-10 09:02:00,GCP,sa-east-1,78.74464027721737,112.08,0
2026-04-10 09:03:00,AWS,ap-northeast-1,3.95,569.61,0
2026-04-10 09:04:00,AWS,us-east-1,30.78,788.17,0
2026-04-10 09:05:00,Azure,us-east-1,19.53,683.38,0
2026-04-10 09:06:00,GCP,eu-west-1,10.98,966.46,0
2026-04-10 09:07:00,GCP,us-east-1,5.12,264.05,0
2026-04-10 09:08:00,GCP,us-east-1,6.26,724.58,0
2026-04-10 09:09:00,Azure,sa-east-1,60.209195282935276,834.28,0
2026-04-10 09:10:00,GCP,sa-east-1,86.21373069310978,920.86,0
2026-04-10 09:11:00,Azure,eu-west-1,7.92,575.7,0
2026-04-10 09:12:00,AWS,eu-west-1,4.37,426.8,0
2026-04-10 09:13:00,AWS,eu-west-1,13.65,959.83,0
2026-04-10 09:14:00,GCP,eu-west-1,20.05,812.32,0
2026-04-10 09:15:00,AWS,sa-east-1,134.18610029548276,523.76,0
2026-04-10 09:16:00,AWS,eu-west-1,7.29,686.05,0
2026-04-10 09:17:00,GCP,eu-west-1,7.69,350.72,0
2026-04-10 09:18:00,AWS,us-east-1,2.73,653.36,0
2026-04-10 09:19:00,GCP,eu-west-1,5.62,586.03,1
2026-04-10 09:20:00,GCP,ap-northeast-1,7.15,135.3,0
2026-04-10 09:21:00,AWS,us-east-1,7.79,879.17,0
2026-04-10 09:22:00,AWS,sa-east-1,104.29274476744821,541.17,0
2026-04-10 09:23:00,AWS,ap-northeast-1,16.38,531.76,0
2026-04-10 09:24:00,AWS,eu-west-1,15.73,355.09,0
2026-04-10 09:25:00,AWS,us-east-1,9.42,276.75,0
2026-04-10 09:26:00,Azure,eu-west-1,12.28,362.23,0
2026-04-10 09:27:00,AWS,us-east-1,6.18,684.98,0
2026-04-10 09:28:00,Azure,eu-west-1,9.18,187.88,0
2026-04-10 09:29:00,GCP,ap-northeast-1,6.39,399.58,0
2026-04-10 09:30:00,AWS,sa-east-1,75.0153572544897,980.87,0
2026-04-10 09:31:00,AWS,ap-northeast-1,30.81,344.38,0
2026-04-10 09:32:00,AWS,ap-northeast-1,13.1,969.99,0
2026-04-10 09:33:00,GCP,sa-east-1,98.78238587396753,194.33,0
2026-04-10 09:34:00,Azure,us-east-1,15.47,814.59,0
2026-04-10 09:35:00,Azure,us-east-1,10.0,495.76,0
2026-04-10 09:36:00,AWS,sa-east-1,119.499291669721,275.34,0
2026-04-10 09:37:00,AWS,eu-west-1,14.53,808.68,0
2026-04-10 09:38:00,AWS,us-east-1,6.82,106.28,0
2026-04-10 09:39:00,AWS,ap-northeast-1,23.56,412.43,1
2026-04-10 09:40:00,GCP,sa-east-1,74.20292077163649,644.37,0
2026-04-10 09:41:00,AWS,ap-northeast-1,15.39,307.87,0
2026-04-10 09:42:00,GCP,us-east-1,18.42,399.28,0
2026-04-10 09:43:00,AWS,sa-east-1,79.0127645473572,182.31,0
2026-04-10 09:44:00,Azure,sa-east-1,100.26478134978844,867.89,0
2026-04-10 09:45:00,Azure,us-east-1,11.24,479.95,0
2026-04-10 09:46:00,AWS,us-east-1,19.17,230.77,0
2026-04-10 09:47:00,AWS,sa-east-1,74.38154044178773,279.18,0
2026-04-10 09:48:00,GCP,eu-west-1,23.67,347.65,0
2026-04-10 09:49:00,AWS,sa-east-1,112.53764592075544,306.52,0
2026-04-10 09:50:00,AWS,eu-west-1,13.38,552.98,0
2026-04-10 09:51:00,AWS,ap-northeast-1,16.71,914.7,0
2026-04-10 09:52:00,Azure,eu-west-1,13.18,265.52,0
2026-04-10 09:53:00,GCP,eu-west-1,23.04,508.1,0
2026-04-10 09:54:00,Azure,us-east-1,19.58,697.54,0
2026-04-10 09:55:00,GCP,sa-east-1,74.16561690452842,265.41,1
2026-04-10 09:56:00,Azure,ap-northeast-1,2.39,238.59,0
2026-04-10 09:57:00,AWS,sa-east-1,108.71727448869571,239.83,0
2026-04-10 09:58:00,Azure,eu-west-1,15.0,893.79,0
2026-04-10 09:59:00,Azure,eu-west-1,41.0,740.14,0
2026-04-10 10:00:00,GCP,eu-west-1,6.36,402.73,0
2026-04-10 10:01:00,GCP,sa-east-1,98.82501682280997,912.31,0
2026-04-10 10:02:00,Azure,eu-west-1,5.62,958.19,0
2026-04-10 10:03:00,GCP,sa-east-1,83.6579218308545,458.45,0
2026-04-10 10:04:00,GCP,ap-northeast-1,26.55,559.4,0
2026-04-10 10:05:00,GCP,ap-northeast-1,5.3,422.28,0
2026-04-10 10:06:00,GCP,sa-east-1,69.23378661263752,304.8,0
2026-04-10 10:07:00,GCP,ap-northeast-1,16.28,802.01,0
2026-04-10 10:08:00,Azure,us-east-1,13.42,684.16,0
2026-04-10 10:09:00,GCP,eu-west-1,10.33,430.2,0
2026-04-10 10:10:00,AWS,eu-west-1,3.38,112.94,0
2026-04-10 10:11:00,Azure,eu-west-1,22.95,787.31,0
2026-04-10 10:12:00,Azure,us-east-1,10.83,529.63,0
2026-04-10 10:13:00,Azure,eu-west-1,7.31,165.78,0
2026-04-10 10:14:00,GCP,sa-east-1,66.00296098082323,212.05,0
2026-04-10 10:15:00,AWS,eu-west-1,22.83,665.54,0
2026-04-10 10:16:00,GCP,sa-east-1,102.07917479097023,591.7,0
2026-04-10 10:17:00,Azure,ap-northeast-1,8.81,316.43,0
2026-04-10 10:18:00,Azure,sa-east-1,81.28780259928214,225.89,0
2026-04-10 10:19:00,Azure,sa-east-1,81.75551214121302,896.26,1
2026-04-10 10:20:00,Azure,sa-east-1,67.68468699785825,221.38,0
2026-04-10 10:21:00,GCP,eu-west-1,10.77,177.11,0
2026-04-10 10:22:00,AWS,us-east-1,22.54,657.95,0
2026-04-10 10:23:00,AWS,us-east-1,7.85,327.3,0
2026-04-10 10:24:00,Azure,sa-east-1,68.73646630729361,690.94,0
2026-04-10 10:25:00,AWS,eu-west-1,11.15,540.19,0
2026-04-10 10:26:00,Azure,us-east-1,5.64,290.12,0
2026-04-10 10:27:00,Azure,ap-northeast-1,14.61,162.67,0
2026-04-10 10:28:00,AWS,ap-northeast-1,12.76,163.59,0
2026-04-10 10:29:00,Azure,eu-west-1,11.07,627.27,0
2026-04-10 10:30:00,AWS,ap-northeast-1,15.69,782.42,0
2026-04-10 10:31:00,Azure,ap-northeast-1,11.05,720.69,0
2026-04-10 10:32:00,AWS,ap-northeast-1,24.66,633.57,0
2026-04-10 10:33:00,Azure,us-east-1,15.41,289.84,0
2026-04-10 10:34:00,AWS,ap-northeast-1,14.69,875.61,0
2026-04-10 10:35:00,Azure,sa-east-1,77.09576977820484,665.96,0
2026-04-10 10:36:00,Azure,sa-east-1,89.28147904440483,724.78,0
2026-04-10 10:37:00,Azure,ap-northeast-1,18.2,301.45,0
2026-04-10 10:38:00,AWS,sa-east-1,65.10642550571184,335.34,0
2026-04-10 10:39:00,GCP,us-east-1,10.66,916.79,0
2026-04-10 10:40:00,Azure,eu-west-1,18.92,528.47,0
2026-04-10 10:41:00,Azure,sa-east-1,66.08053923743287,598.46,0
2026-04-10 10:42:00,AWS,ap-northeast-1,9.67,199.69,0
2026-04-10 10:43:00,Azure,eu-west-1,6.07,455.12,0
2026-04-10 10:44:00,Azure,eu-west-1,7.68,898.33,0
2026-04-10 10:45:00,Azure,ap-northeast-1,8.19,910.14,0
2026-04-10 10:46:00,Azure,sa-east-1,72.78481908677341,757.14,0
2026-04-10 10:47:00,GCP,us-east-1,13.0,591.07,0
2026-04-10 10:48:00,GCP,sa-east-1,77.85167793490862,937.74,0
2026-04-10 10:49:00,Azure,sa-east-1,95.59913936661067,884.66,0
2026-04-10 10:50:00,Azure,us-east-1,9.55,861.72,0
2026-04-10 10:51:00,Azure,eu-west-1,16.09,893.63,0
2026-04-10 10:52:00,GCP,us-east-1,8.87,507.91,0
2026-04-10 10:53:00,GCP,us-east-1,28.16,572.94,1
2026-04-10 10:54:00,AWS,ap-northeast-1,12.96,481.61,0
2026-04-10 10:55:00,AWS,ap-northeast-1,10.98,766.06,0
2026-04-10 10:56:00,Azure,sa-east-1,76.24679450827873,632.73,0
2026-04-10 10:57:00,Azure,ap-northeast-1,19.16,162.73,0
2026-04-10 10:58:00,GCP,us-east-1,13.0,222.94,0
2026-04-10 10:59:00,Azure,us-east-1,13.49,273.09,1
2026-04-10 11:00:00,Azure,ap-northeast-1,7.18,703.5,0
2026-04-10 11:01:00,GCP,ap-northeast-1,8.24,198.82,0
2026-04-10 11:02:00,GCP,ap-northeast-1,5.05,586.74,0
2026-04-10 11:03:00,GCP,us-east-1,9.44,856.75,0
2026-04-10 11:04:00,GCP,eu-west-1,9.59,952.76,0
2026-04-10 11:05:00,AWS,eu-west-1,6.22,485.41,0
2026-04-10 11:06:00,GCP,ap-northeast-1,11.75,580.09,0
2026-04-10 11:07:00,GCP,sa-east-1,63.93618424653877,848.38,0
2026-04-10 11:08:00,Azure,sa-east-1,89.36560421301016,942.17,0
2026-04-10 11:09:00,Azure,eu-west-1,7.94,450.88,0
2026-04-10 11:10:00,Azure,ap-northeast-1,13.24,417.75,0
2026-04-10 11:11:00,AWS,us-east-1,8.26,505.76,0
2026-04-10 11:12:00,GCP,sa-east-1,84.24314695380585,328.42,0
2026-04-10 11:13:00,GCP,sa-east-1,104.5315539240884,873.7,0
2026-04-10 11:14:00,AWS,us-east-1,19.28,386.38,0
2026-04-10 11:15:00,GCP,us-east-1,6.87,504.51,0
2026-04-10 11:16:00,Azure,ap-northeast-1,11.23,387.97,0
2026-04-10 11:17:00,AWS,us-east-1,7.56,207.03,0
2026-04-10 11:18:00,GCP,us-east-1,15.07,645.98,0
2026-04-10 11:19:00,AWS,us-east-1,11.81,628.85,0
2026-04-10 11:20:00,AWS,eu-west-1,32.76,365.41,0
2026-04-10 11:21:00,GCP,us-east-1,10.08,128.26,0
2026-04-10 11:22:00,Azure,sa-east-1,98.025692220697,943.07,0
2026-04-10 11:23:00,GCP,ap-northeast-1,11.82,419.99,0
2026-04-10 11:24:00,GCP,ap-northeast-1,13.45,584.88,0
2026-04-10 11:25:00,Azure,ap-northeast-1,8.91,229.37,0
2026-04-10 11:26:00,GCP,eu-west-1,8.36,326.05,0
2026-04-10 11:27:00,GCP,sa-east-1,60.30937902555516,491.73,0
2026-04-10 11:28:00,GCP,us-east-1,15.5,606.02,0
2026-04-10 11:29:00,AWS,sa-east-1,87.03494908366335,868.61,0
2026-04-10 11:30:00,AWS,ap-northeast-1,41.09,361.37,0
2026-04-10 11:31:00,AWS,us-east-1,11.21,884.6,0
2026-04-10 11:32:00,GCP,ap-northeast-1,13.15,512.6,0
2026-04-10 11:33:00,Azure,ap-northeast-1,10.8,489.41,0
2026-04-10 11:34:00,AWS,ap-northeast-1,47.16,456.77,0
2026-04-10 11:35:00,Azure,sa-east-1,90.43406894359924,897.56,0
2026-04-10 11:36:00,GCP,sa-east-1,111.99340499611503,325.92,0
2026-04-10 11:37:00,AWS,ap-northeast-1,34.86,871.63,0
2026-04-10 11:38:00,GCP,ap-northeast-1,11.83,180.19,0
2026-04-10 11:39:00,Azure,us-east-1,71.6,959.8,0
2026-04-10 11:40:00,AWS,ap-northeast-1,27.99,552.71,0
2026-04-10 11:41:00,AWS,ap-northeast-1,12.05,999.01,0
2026-04-10 11:42:00,AWS,ap-northeast-1,15.74,647.14,0
2026-04-10 11:43:00,AWS,ap-northeast-1,12.98,205.84,0
2026-04-10 11:44:00,Azure,sa-east-1,80.3229555951765,154.8,0
2026-04-10 11:45:00,AWS,ap-northeast-1,9.12,274.08,0
2026-04-10 11:46:00,GCP,eu-west-1,34.76,479.03,0
2026-04-10 11:47:00,AWS,ap-northeast-1,8.79,772.47,0
2026-04-10 11:48:00,Azure,sa-east-1,95.6375122439465,100.64,0
2026-04-10 11:49:00,AWS,eu-west-1,14.64,331.61,0
2026-04-10 11:50:00,Azure,eu-west-1,10.41,628.81,0
2026-04-10 11:51:00,Azure,ap-northeast-1,6.39,368.1,0
2026-04-10 11:52:00,GCP,ap-northeast-1,13.74,421.25,0
2026-04-10 11:53:00,AWS,sa-east-1,86.64442809948093,370.69,0
2026-04-10 11:54:00,AWS,eu-west-1,10.34,957.86,0
2026-04-10 11:55:00,AWS,eu-west-1,10.54,159.25,0
2026-04-10 11:56:00,GCP,sa-east-1,101.5896606620159,916.76,0
2026-04-10 11:57:00,GCP,ap-northeast-1,22.71,390.92,0
2026-04-10 11:58:00,Azure,us-east-1,21.92,321.89,0
2026-04-10 11:59:00,Azure,us-east-1,15.5,894.94,0
2026-04-10 12:00:00,Azure,eu-west-1,9.83,358.38,0
2026-04-10 12:01:00,GCP,eu-west-1,10.28,988.74,0
2026-04-10 12:02:00,GCP,ap-northeast-1,10.78,593.28,0
2026-04-10 12:03:00,GCP,us-east-1,9.73,528.73,0
2026-04-10 12:04:00,Azure,eu-west-1,7.02,978.84,0
2026-04-10 12:05:00,GCP,ap-northeast-1,8.25,304.09,0
2026-04-10 12:06:00,Azure,us-east-1,16.46,918.07,0
2026-04-10 12:07:00,Azure,sa-east-1,71.26187589051791,632.37,0
2026-04-10 12:08:00,AWS,eu-west-1,12.4,779.47,0
2026-04-10 12:09:00,AWS,sa-east-1,96.23606020102008,623.83,0
2026-04-10 12:10:00,AWS,us-east-1,15.32,656.78,0
2026-04-10 12:11:00,Azure,ap-northeast-1,8.76,239.43,0
2026-04-10 12:12:00,AWS,ap-northeast-1,2.33,236.5,0
2026-04-10 12:13:00,AWS,us-east-1,8.95,457.44,0
2026-04-10 12:14:00,AWS,sa-east-1,64.16457232155904,411.75,0
2026-04-10 12:15:00,GCP,ap-northeast-1,4.26,740.85,0
2026-04-10 12:16:00,Azure,eu-west-1,9.24,750.48,0
2026-04-10 12:17:00,AWS,sa-east-1,59.40635439134734,607.41,0
2026-04-10 12:18:00,GCP,sa-east-1,62.9311484220146,461.81,0
2026-04-10 12:19:00,GCP,eu-west-1,15.83,709.13,0
2026-04-10 12:20:00,GCP,us-east-1,31.1,718.61,0
2026-04-10 12:21:00,AWS,ap-northeast-1,12.76,828.19,0
2026-04-10 12:22:00,GCP,sa-east-1,87.00448420309945,830.56,0
2026-04-10 12:23:00,Azure,ap-northeast-1,33.08,162.61,0
2026-04-10 12:24:00,GCP,ap-northeast-1,6.46,436.65,0
2026-04-10 12:25:00,GCP,sa-east-1,95.2166288019092,477.94,0
2026-04-10 12:26:00,GCP,us-east-1,16.46,862.23,0
2026-04-10 12:27:00,GCP,sa-east-1,102.40136032570021,551.63,0
2026-04-10 12:28:00,Azure,us-east-1,24.93,539.93,0
2026-04-10 12:29:00,AWS,eu-west-1,4.94,598.4,0
2026-04-10 12:30:00,Azure,us-east-1,5.01,214.49,0
2026-04-10 12:31:00,Azure,us-east-1,11.49,608.77,0
2026-04-10 12:32:00,AWS,sa-east-1,69.18615108726125,596.39,0
2026-04-10 12:33:00,GCP,ap-northeast-1,10.07,778.98,0
2026-04-10 12:34:00,AWS,ap-northeast-1,6.76,670.74,0
2026-04-10 12:35:00,AWS,us-east-1,6.45,959.53,0
2026-04-10 12:36:00,Azure,us-east-1,20.45,172.09,0
2026-04-10 12:37:00,AWS,sa-east-1,98.373878505174,794.49,0
2026-04-10 12:38:00,GCP,us-east-1,16.7,776.35,0
2026-04-10 12:39:00,Azure,sa-east-1,67.54269400669891,342.41,0
2026-04-10 12:40:00,GCP,eu-west-1,7.89,728.7,0
2026-04-10 12:41:00,Azure,us-east-1,4.69,693.39,0
2026-04-10 12:42:00,GCP,eu-west-1,5.75,368.84,0
2026-04-10 12:43:00,AWS,us-east-1,4.4,751.4,0
2026-04-10 12:44:00,AWS,us-east-1,10.48,937.59,0
2026-04-10 12:45:00,AWS,eu-west-1,15.38,374.7,0
2026-04-10 12:46:00,GCP,eu-west-1,12.59,982.07,0
2026-04-10 12:47:00,Azure,sa-east-1,122.99992477047014,301.86,0
2026-04-10 12:48:00,Azure,sa-east-1,80.94865721109593,221.18,0
2026-04-10 12:49:00,Azure,eu-west-1,5.36,169.35,0
2026-04-10 12:50:00,AWS,us-east-1,11.38,292.32,0
2026-04-10 12:51:00,GCP,sa-east-1,86.72074131674889,408.26,0
2026-04-10 12:52:00,Azure,us-east-1,15.64,759.84,0
2026-04-10 12:53:00,GCP,ap-northeast-1,18.61,164.81,0
2026-04-10 12:54:00,Azure,sa-east-1,82.36694127638506,556.54,0
2026-04-10 12:55:00,AWS,sa-east-1,82.90466967113461,566.87,0
2026-04-10 12:56:00,GCP,sa-east-1,122.2130431246897,305.15,0
2026-04-10 12:57:00,Azure,ap-northeast-1,18.51,140.91,0
2026-04-10 12:58:00,Azure,eu-west-1,3.34,302.61,0
2026-04-10 12:59:00,Azure,us-east-1,17.84,307.35,0
2026-04-10 13:00:00,Azure,ap-northeast-1,7.82,719.22,0
2026-04-10 13:01:00,AWS,eu-west-1,5.07,310.4,0
2026-04-10 13:02:00,Azure,sa-east-1,76.84633491441244,406.24,0
2026-04-10 13:03:00,Azure,eu-west-1,38.93,142.69,0
2026-04-10 13:04:00,AWS,eu-west-1,11.86,661.55,0
2026-04-10 13:05:00,Azure,eu-west-1,10.54,526.73,0
2026-04-10 13:06:00,GCP,us-east-1,12.79,410.47,0
2026-04-10 13:07:00,GCP,eu-west-1,40.25,732.59,0
2026-04-10 13:08:00,Azure,eu-west-1,10.65,713.91,0
2026-04-10 13:09:00,AWS,eu-west-1,19.92,395.12,0
2026-04-10 13:10:00,AWS,eu-west-1,9.98,738.47,0
2026-04-10 13:11:00,AWS,ap-northeast-1,9.11,413.39,0
2026-04-10 13:12:00,Azure,ap-northeast-1,24.68,299.8,0
2026-04-10 13:13:00,Azure,eu-west-1,7.02,747.85,0
2026-04-10 13:14:00,GCP,eu-west-1,17.7,755.22,0
2026-04-10 13:15:00,AWS,eu-west-1,10.27,879.19,0
2026-04-10 13:16:00,Azure,sa-east-1,94.24408836895333,550.85,0
2026-04-10 13:17:00,Azure,eu-west-1,9.88,309.14,1
2026-04-10 13:18:00,Azure,eu-west-1,3.95,853.21,0
2026-04-10 13:19:00,AWS,ap-northeast-1,7.21,257.2,0
2026-04-10 13:20:00,AWS,ap-northeast-1,13.03,944.75,0
2026-04-10 13:21:00,GCP,ap-northeast-1,10.76,375.99,0
2026-04-10 13:22:00,AWS,us-east-1,7.59,116.89,0
2026-04-10 13:23:00,Azure,sa-east-1,113.3143642371265,268.09,0
2026-04-10 13:24:00,GCP,eu-west-1,7.41,473.31,0
2026-04-10 13:25:00,AWS,ap-northeast-1,24.99,149.67,0
2026-04-10 13:26:00,AWS,us-east-1,13.11,468.57,0
2026-04-10 13:27:00,AWS,eu-west-1,10.68,282.59,0
2026-04-10 13:28:00,AWS,eu-west-1,12.77,117.06,0
2026-04-10 13:29:00,Azure,ap-northeast-1,14.11,369.11,0
2026-04-10 13:30:00,AWS,eu-west-1,7.55,303.67,0
2026-04-10 13:31:00,Azure,eu-west-1,7.66,477.78,0
2026-04-10 13:32:00,Azure,eu-west-1,11.02,783.11,0
2026-04-10 13:33:00,Azure,ap-northeast-1,15.16,558.8,0
2026-04-10 13:34:00,GCP,us-east-1,16.98,791.26,0
2026-04-10 13:35:00,Azure,eu-west-1,22.71,403.01,0
2026-04-10 13:36:00,AWS,us-east-1,6.59,111.87,0
2026-04-10 13:37:00,GCP,eu-west-1,14.56,929.96,0
2026-04-10 13:38:00,AWS,ap-northeast-1,12.1,383.24,0
2026-04-10 13:39:00,Azure,us-east-1,9.33,574.19,0
2026-04-10 13:40:00,AWS,ap-northeast-1,33.18,522.29,0
2026-04-10 13:41:00,GCP,sa-east-1,74.65050436388577,624.78,0
2026-04-10 13:42:00,GCP,eu-west-1,24.89,896.47,0
2026-04-10 13:43:00,AWS,sa-east-1,88.72739627405694,880.52,0
2026-04-10 13:44:00,AWS,sa-east-1,102.95972398705507,982.93,0
2026-04-10 13:45:00,AWS,sa-east-1,80.48211009788045,575.53,0
2026-04-10 13:46:00,GCP,eu-west-1,17.3,930.22,0
2026-04-10 13:47:00,Azure,ap-northeast-1,10.52,534.21,0
2026-04-10 13:48:00,AWS,sa-east-1,111.13441247110904,139.96,0
2026-04-10 13:49:00,Azure,us-east-1,11.04,231.58,0
2026-04-10 13:50:00,GCP,eu-west-1,12.07,400.59,0
2026-04-10 13:51:00,AWS,ap-northeast-1,7.47,752.91,0
2026-04-10 13:52:00,AWS,ap-northeast-1,11.95,173.23,0
2026-04-10 13:53:00,GCP,sa-east-1,90.65918460521637,425.4,0
2026-04-10 13:54:00,AWS,eu-west-1,20.82,984.12,0
2026-04-10 13:55:00,Azure,sa-east-1,108.55770698308676,807.11,0
2026-04-10 13:56:00,GCP,us-east-1,21.9,614.8,0
2026-04-10 13:57:00,GCP,ap-northeast-1,11.54,155.59,0
2026-04-10 13:58:00,AWS,ap-northeast-1,10.28,113.16,0
2026-04-10 13:59:00,GCP,eu-west-1,18.95,194.72,0
2026-04-10 14:00:00,AWS,ap-northeast-1,13.18,394.42,0
2026-04-10 14:01:00,AWS,eu-west-1,3.74,645.75,0
2026-04-10 14:02:00,GCP,sa-east-1,65.95132724191305,277.73,0
2026-04-10 14:03:00,AWS,us-east-1,4.08,146.04,0
2026-04-10 14:04:00,Azure,eu-west-1,8.1,181.76,0
2026-04-10 14:05:00,Azure,sa-east-1,118.94880540453286,484.12,0
2026-04-10 14:06:00,AWS,us-east-1,10.3,795.81,0
2026-04-10 14:07:00,Azure,ap-northeast-1,10.65,838.98,0
2026-04-10 14:08:00,AWS,us-east-1,11.06,361.95,0
2026-04-10 14:09:00,Azure,us-east-1,12.25,697.09,0
2026-04-10 14:10:00,GCP,us-east-1,10.3,453.44,0
2026-04-10 14:11:00,AWS,ap-northeast-1,30.21,975.26,0
2026-04-10 14:12:00,AWS,eu-west-1,5.2,464.46,0
2026-04-10 14:13:00,AWS,eu-west-1,13.66,456.31,0
2026-04-10 14:14:00,AWS,us-east-1,16.09,551.41,0
2026-04-10 14:15:00,AWS,sa-east-1,96.24787187629006,122.95,0
2026-04-10 14:16:00,AWS,sa-east-1,93.56880883971243,476.14,0
2026-04-10 14:17:00,GCP,us-east-1,8.72,845.84,1
2026-04-10 14:18:00,GCP,us-east-1,15.49,650.87,0
2026-04-10 14:19:00,Azure,sa-east-1,95.29141993909533,972.48,0
2026-04-10 14:20:00,AWS,us-east-1,12.73,393.06,0
2026-04-10 14:21:00,Azure,us-east-1,37.15,245.37,0
2026-04-10 14:22:00,Azure,eu-west-1,7.75,775.52,1
2026-04-10 14:23:00,GCP,eu-west-1,9.9,139.29,0
2026-04-10 14:24:00,Azure,us-east-1,27.79,243.6,0
2026-04-10 14:25:00,GCP,us-east-1,22.61,556.25,0
2026-04-10 14:26:00,Azure,ap-northeast-1,29.2,778.18,0
2026-04-10 14:27:00,AWS,eu-west-1,10.13,640.87,0
2026-04-10 14:28:00,Azure,us-east-1,14.49,995.4,0
2026-04-10 14:29:00,GCP,ap-northeast-1,15.34,689.45,0
2026-04-10 14:30:00,GCP,ap-northeast-1,8.26,752.47,0
2026-04-10 14:31:00,GCP,ap-northeast-1,6.97,994.52,0
2026-04-10 14:32:00,Azure,ap-northeast-1,6.55,633.22,0
2026-04-10 14:33:00,Azure,eu-west-1,9.48,743.16,0
2026-04-10 14:34:00,GCP,ap-northeast-1,6.43,368.49,0
2026-04-10 14:35:00,AWS,eu-west-1,8.68,583.08,0
2026-04-10 14:36:00,AWS,ap-northeast-1,7.37,920.76,0
2026-04-10 14:37:00,Azure,ap-northeast-1,15.74,867.99,0
2026-04-10 14:38:00,Azure,sa-east-1,101.49805212957625,375.66,0
2026-04-10 14:39:00,GCP,eu-west-1,9.15,421.5,0
2026-04-10 14:40:00,Azure,sa-east-1,83.27647887517325,861.74,0
2026-04-10 14:41:00,Azure,sa-east-1,83.21256786647535,356.21,0
2026-04-10 14:42:00,GCP,ap-northeast-1,10.2,898.86,0
2026-04-10 14:43:00,GCP,eu-west-1,9.05,796.39,0
2026-04-10 14:44:00,Azure,us-east-1,6.27,237.12,0
2026-04-10 14:45:00,AWS,ap-northeast-1,23.4,747.79,0
2026-04-10 14:46:00,Azure,eu-west-1,5.42,850.89,0
2026-04-10 14:47:00,AWS,sa-east-1,109.83013737126143,229.91,1
2026-04-10 14:48:00,AWS,eu-west-1,7.83,511.61,0
2026-04-10 14:49:00,AWS,ap-northeast-1,13.1,876.37,0
2026-04-10 14:50:00,GCP,eu-west-1,9.74,278.79,0
2026-04-10 14:51:00,GCP,sa-east-1,106.91907026557078,504.18,0
2026-04-10 14:52:00,GCP,eu-west-1,8.0,651.49,0
2026-04-10 14:53:00,Azure,eu-west-1,9.71,187.53,0
2026-04-10 14:54:00,GCP,sa-east-1,103.75604281435649,290.85,0
2026-04-10 14:55:00,GCP,ap-northeast-1,7.36,520.06,0
2026-04-10 14:56:00,Azure,us-east-1,9.66,436.31,0
2026-04-10 14:57:00,Azure,sa-east-1,65.65356883562083,392.3,0
2026-04-10 14:58:00,AWS,sa-east-1,102.08129290705179,123.73,0
2026-04-10 14:59:00,Azure,ap-northeast-1,24.09,935.14,0
2026-04-10 15:00:00,Azure,ap-northeast-1,5.72,884.28,0
2026-04-10 15:01:00,GCP,eu-west-1,10.69,453.36,0
2026-04-10 15:02:00,AWS,sa-east-1,98.471379181989,263.24,0
2026-04-10 15:03:00,AWS,eu-west-1,11.21,162.14,0
2026-04-10 15:04:00,Azure,eu-west-1,8.71,210.87,0
2026-04-10 15:05:00,GCP,ap-northeast-1,9.41,641.82,0
2026-04-10 15:06:00,GCP,ap-northeast-1,8.66,760.53,0
2026-04-10 15:07:00,GCP,eu-west-1,15.14,240.78,0
2026-04-10 15:08:00,GCP,sa-east-1,87.85462505472623,201.51,0
2026-04-10 15:09:00,Azure,sa-east-1,101.21676115038179,721.97,0
2026-04-10 15:10:00,GCP,eu-west-1,10.88,565.32,0
2026-04-10 15:11:00,AWS,us-east-1,5.7,434.65,0
2026-04-10 15:12:00,AWS,us-east-1,5.19,752.48,0
2026-04-10 15:13:00,Azure,ap-northeast-1,14.88,510.11,0
2026-04-10 15:14:00,GCP,sa-east-1,61.94391516842661,518.61,0
2026-04-10 15:15:00,GCP,eu-west-1,8.96,114.17,0
2026-04-10 15:16:00,GCP,eu-west-1,13.59,384.41,0
2026-04-10 15:17:00,GCP,sa-east-1,65.1037239913752,104.53,0
2026-04-10 15:18:00,Azure,ap-northeast-1,24.58,931.46,0
2026-04-10 15:19:00,GCP,ap-northeast-1,6.5,364.55,0
2026-04-10 15:20:00,Azure,us-east-1,22.42,262.47,0
2026-04-10 15:21:00,GCP,sa-east-1,80.84793586501067,181.81,0
2026-04-10 15:22:00,GCP,sa-east-1,69.12212406107525,141.97,0
2026-04-10 15:23:00,AWS,eu-west-1,10.02,897.41,0
2026-04-10 15:24:00,Azure,sa-east-1,91.76943921402344,251.66,0
2026-04-10 15:25:00,AWS,us-east-1,12.78,655.74,0
2026-04-10 15:26:00,Azure,sa-east-1,103.89846406735116,686.1,0
2026-04-10 15:27:00,GCP,eu-west-1,7.43,385.79,0
2026-04-10 15:28:00,GCP,us-east-1,13.13,849.92,0
2026-04-10 15:29:00,Azure,eu-west-1,20.62,292.63,0
2026-04-10 15:30:00,AWS,sa-east-1,70.21283765019393,164.31,0
2026-04-10 15:31:00,Azure,ap-northeast-1,23.42,161.69,0
2026-04-10 15:32:00,Azure,sa-east-1,89.53024032435805,370.38,0
2026-04-10 15:33:00,GCP,sa-east-1,83.85242750285961,516.92,0
2026-04-10 15:34:00,AWS,eu-west-1,10.53,666.43,0
2026-04-10 15:35:00,Azure,ap-northeast-1,9.56,755.84,0
2026-04-10 15:36:00,AWS,sa-east-1,73.57285972627346,260.82,0
2026-04-10 15:37:00,AWS,us-east-1,13.03,715.53,0
2026-04-10 15:38:00,Azure,us-east-1,23.02,264.29,0
2026-04-10 15:39:00,AWS,eu-west-1,11.01,997.47,0
2026-04-10 15:40:00,GCP,eu-west-1,7.72,963.16,0
2026-04-10 15:41:00,GCP,ap-northeast-1,7.14,192.17,0
2026-04-10 15:42:00,GCP,eu-west-1,14.29,689.61,0
2026-04-10 15:43:00,GCP,ap-northeast-1,18.33,912.94,0
2026-04-10 15:44:00,AWS,sa-east-1,104.73812626936001,172.63,0
2026-04-10 15:45:00,GCP,us-east-1,19.26,211.58,0
2026-04-10 15:46:00,Azure,us-east-1,36.03,412.3,0
2026-04-10 15:47:00,GCP,us-east-1,23.56,186.16,0
2026-04-10 15:48:00,Azure,eu-west-1,8.48,897.03,0
2026-04-10 15:49:00,Azure,eu-west-1,20.4,887.99,0
2026-04-10 15:50:00,GCP,sa-east-1,117.2456239189296,953.84,0
2026-04-10 15:51:00,GCP,eu-west-1,12.57,284.49,0
2026-04-10 15:52:00,AWS,ap-northeast-1,19.08,140.82,0
2026-04-10 15:53:00,Azure,us-east-1,17.82,500.17,0
2026-04-10 15:54:00,GCP,sa-east-1,79.46773842714472,892.5,0
2026-04-10 15:55:00,AWS,ap-northeast-1,16.27,674.6,0
2026-04-10 15:56:00,GCP,ap-northeast-1,17.77,998.49,0
2026-04-10 15:57:00,GCP,eu-west-1,7.31,915.12,0
2026-04-10 15:58:00,GCP,eu-west-1,12.17,453.48,0
2026-04-10 15:59:00,Azure,us-east-1,8.37,135.58,0
2026-04-10 16:00:00,GCP,sa-east-1,110.4986034582405,104.65,0
2026-04-10 16:01:00,AWS,ap-northeast-1,6.18,679.79,0
2026-04-10 16:02:00,GCP,eu-west-1,4.08,924.19,0
2026-04-10 16:03:00,GCP,eu-west-1,6.0,499.81,0
2026-04-10 16:04:00,AWS,sa-east-1,70.31084246035988,886.86,0
2026-04-10 16:05:00,AWS,sa-east-1,78.84116686417053,610.07,0
2026-04-10 16:06:00,Azure,eu-west-1,4.73,188.22,0
2026-04-10 16:07:00,Azure,eu-west-1,16.99,818.48,0
2026-04-10 16:08:00,Azure,us-east-1,6.07,543.33,0
2026-04-10 16:09:00,Azure,sa-east-1,88.18919874742106,145.96,0
2026-04-10 16:10:00,AWS,ap-northeast-1,6.29,833.14,0
2026-04-10 16:11:00,GCP,eu-west-1,4.19,781.89,0
2026-04-10 16:12:00,GCP,eu-west-1,7.28,511.56,0
2026-04-10 16:13:00,GCP,eu-west-1,6.4,117.52,0
2026-04-10 16:14:00,Azure,eu-west-1,6.38,412.24,0
2026-04-10 16:15:00,AWS,us-east-1,11.53,491.46,0
2026-04-10 16:16:00,AWS,sa-east-1,75.45942880686965,248.78,0
2026-04-10 16:17:00,AWS,eu-west-1,24.31,244.81,0
2026-04-10 16:18:00,GCP,sa-east-1,93.95044542156425,250.28,0
2026-04-10 16:19:00,Azure,ap-northeast-1,14.06,433.52,0
2026-04-10 16:20:00,AWS,ap-northeast-1,6.27,835.79,0
2026-04-10 16:21:00,Azure,ap-northeast-1,7.74,783.42,0
2026-04-10 16:22:00,AWS,ap-northeast-1,23.34,109.1,0
2026-04-10 16:23:00,Azure,sa-east-1,117.35980922063587,108.68,0
2026-04-10 16:24:00,AWS,ap-northeast-1,26.94,169.93,0
2026-04-10 16:25:00,Azure,ap-northeast-1,11.44,519.92,0
2026-04-10 16:26:00,AWS,eu-west-1,6.28,899.99,0
2026-04-10 16:27:00,AWS,eu-west-1,8.24,264.03,0
2026-04-10 16:28:00,Azure,eu-west-1,10.34,529.12,0
2026-04-10 16:29:00,Azure,us-east-1,9.18,136.67,0
2026-04-10 16:30:00,GCP,eu-west-1,12.89,118.29,0
2026-04-10 16:31:00,Azure,ap-northeast-1,17.74,106.73,0
2026-04-10 16:32:00,AWS,sa-east-1,96.33849695734014,763.01,0
2026-04-10 16:33:00,AWS,ap-northeast-1,31.78,121.44,0
2026-04-10 16:34:00,Azure,sa-east-1,98.75418696438264,346.43,0
2026-04-10 16:35:00,GCP,ap-northeast-1,24.02,680.54,0
2026-04-10 16:36:00,Azure,us-east-1,15.06,656.79,0
2026-04-10 16:37:00,AWS,eu-west-1,35.81,149.63,0
2026-04-10 16:38:00,AWS,ap-northeast-1,6.81,331.0,0
2026-04-10 16:39:00,GCP,eu-west-1,9.42,675.39,0
2026-04-10 16:40:00,Azure,us-east-1,9.44,453.02,0
2026-04-10 16:41:00,AWS,us-east-1,13.35,519.24,0
2026-04-10 16:42:00,AWS,eu-west-1,12.97,286.38,0
2026-04-10 16:43:00,AWS,eu-west-1,14.8,133.98,1
2026-04-10 16:44:00,Azure,sa-east-1,66.38285658796809,410.68,0
2026-04-10 16:45:00,Azure,eu-west-1,16.1,714.69,0
2026-04-10 16:46:00,GCP,eu-west-1,9.56,789.88,0
2026-04-10 16:47:00,AWS,sa-east-1,70.26134414462246,633.28,0
2026-04-10 16:48:00,AWS,ap-northeast-1,49.77,453.88,0
2026-04-10 16:49:00,GCP,sa-east-1,85.45148157883915,624.82,0
2026-04-10 16:50:00,AWS,ap-northeast-1,5.92,734.49,0
2026-04-10 16:51:00,GCP,ap-northeast-1,8.9,779.74,0
2026-04-10 16:52:00,GCP,ap-northeast-1,9.68,185.04,0
2026-04-10 16:53:00,AWS,sa-east-1,85.60815012081287,822.69,0
2026-04-10 16:54:00,Azure,sa-east-1,99.1193130485632,157.13,0
2026-04-10 16:55:00,Azure,us-east-1,18.17,883.41,0
2026-04-10 16:56:00,Azure,ap-northeast-1,6.36,453.02,0
2026-04-10 16:57:00,Azure,sa-east-1,73.01278926956658,592.23,0
2026-04-10 16:58:00,AWS,us-east-1,41.97,360.98,0
2026-04-10 16:59:00,GCP,ap-northeast-1,7.62,484.0,0
2026-04-10 17:00:00,GCP,sa-east-1,75.84630714673156,860.67,0
2026-04-10 17:01:00,AWS,sa-east-1,69.62506859135374,366.13,0
2026-04-10 17:02:00,Azure,sa-east-1,101.75152782363743,607.76,0
2026-04-10 17:03:00,GCP,eu-west-1,8.22,682.37,0
2026-04-10 17:04:00,AWS,us-east-1,9.0,231.77,0
2026-04-10 17:05:00,AWS,sa-east-1,66.19763042759091,800.03,0
2026-04-10 17:06:00,Azure,eu-west-1,16.6,999.16,0
2026-04-10 17:07:00,AWS,us-east-1,6.07,239.56,0
2026-04-10 17:08:00,GCP,us-east-1,23.13,791.1,0
2026-04-10 17:09:00,GCP,eu-west-1,8.85,232.37,0
2026-04-10 17:10:00,AWS,us-east-1,5.86,955.23,0
2026-04-10 17:11:00,GCP,eu-west-1,13.36,469.89,0
2026-04-10 17:12:00,AWS,ap-northeast-1,40.52,981.93,0
2026-04-10 17:13:00,GCP,sa-east-1,104.85469074026557,161.13,0
2026-04-10 17:14:00,Azure,eu-west-1,12.99,811.88,0
2026-04-10 17:15:00,GCP,us-east-1,13.08,526.04,0
2026-04-10 17:16:00,Azure,us-east-1,31.27,360.54,0
2026-04-10 17:17:00,Azure,ap-northeast-1,7.62,773.1,0
2026-04-10 17:18:00,AWS,ap-northeast-1,19.46,671.8,0
2026-04-10 17:19:00,Azure,ap-northeast-1,5.98,912.6,0
2026-04-10 17:20:00,GCP,ap-northeast-1,13.61,323.93,0
2026-04-10 17:21:00,GCP,ap-northeast-1,17.61,945.77,0
2026-04-10 17:22:00,Azure,sa-east-1,86.75139990598569,677.68,0
2026-04-10 17:23:00,AWS,eu-west-1,6.15,505.39,0
2026-04-10 17:24:00,Azure,ap-northeast-1,4.45,147.82,0
2026-04-10 17:25:00,GCP,ap-northeast-1,11.04,788.66,0
2026-04-10 17:26:00,GCP,sa-east-1,88.34265325869092,872.56,0
2026-04-10 17:27:00,Azure,eu-west-1,5.99,828.63,0
2026-04-10 17:28:00,Azure,ap-northeast-1,6.34,762.1,0
2026-04-10 17:29:00,Azure,eu-west-1,9.59,972.47,0
2026-04-10 17:30:00,GCP,eu-west-1,28.63,864.19,0
2026-04-10 17:31:00,GCP,sa-east-1,65.01090998354196,935.09,0
2026-04-10 17:32:00,GCP,sa-east-1,91.72187365051143,757.43,0
2026-04-10 17:33:00,AWS,ap-northeast-1,5.84,838.19,0
2026-04-10 17:34:00,GCP,us-east-1,8.36,360.24,0
2026-04-10 17:35:00,GCP,sa-east-1,99.4504647962286,702.01,0
2026-04-10 17:36:00,AWS,eu-west-1,36.1,284.98,0
2026-04-10 17:37:00,AWS,eu-west-1,19.65,162.34,0
2026-04-10 17:38:00,AWS,ap-northeast-1,17.3,621.33,0
2026-04-10 17:39:00,AWS,ap-northeast-1,16.86,804.62,0
2026-04-10 17:40:00,AWS,ap-northeast-1,8.14,174.48,0
2026-04-10 17:41:00,AWS,eu-west-1,12.4,263.15,0
2026-04-10 17:42:00,Azure,sa-east-1,106.42663622266747,183.67,0
2026-04-10 17:43:00,Azure,us-east-1,46.86,670.76,1
2026-04-10 17:44:00,Azure,sa-east-1,95.26714207716559,171.55,0
2026-04-10 17:45:00,Azure,us-east-1,7.92,183.97,0
2026-04-10 17:46:00,GCP,sa-east-1,115.39087960928867,337.75,0
2026-04-10 17:47:00,AWS,ap-northeast-1,11.56,343.21,0
2026-04-10 17:48:00,GCP,eu-west-1,16.48,601.75,0
2026-04-10 17:49:00,AWS,us-east-1,11.7,128.97,0
2026-04-10 17:50:00,AWS,sa-east-1,102.89562501706477,653.81,0
2026-04-10 17:51:00,GCP,eu-west-1,8.63,470.54,0
2026-04-10 17:52:00,Azure,us-east-1,18.75,260.86,0
2026-04-10 17:53:00,GCP,us-east-1,13.65,688.01,0
2026-04-10 17:54:00,GCP,eu-west-1,22.23,396.71,0
2026-04-10 17:55:00,AWS,ap-northeast-1,22.09,844.74,0
2026-04-10 17:56:00,AWS,eu-west-1,16.26,990.49,0
2026-04-10 17:57:00,AWS,ap-northeast-1,20.57,801.13,0
2026-04-10 17:58:00,Azure,sa-east-1,78.18466003553975,768.69,0
2026-04-10 17:59:00,GCP,sa-east-1,101.55333480978692,419.64,0
2026-04-10 18:00:00,GCP,eu-west-1,10.36,581.15,0
2026-04-10 18:01:00,Azure,ap-northeast-1,5.23,147.41,0
2026-04-10 18:02:00,GCP,sa-east-1,86.78682274932058,754.6,0
2026-04-10 18:03:00,GCP,ap-northeast-1,25.12,707.54,0
2026-04-10 18:04:00,AWS,ap-northeast-1,14.07,342.42,0
2026-04-10 18:05:00,Azure,ap-northeast-1,9.96,580.72,0
2026-04-10 18:06:00,AWS,eu-west-1,22.22,711.38,0
2026-04-10 18:07:00,Azure,ap-northeast-1,9.74,431.1,0
2026-04-10 18:08:00,AWS,eu-west-1,17.36,753.05,0
2026-04-10 18:09:00,GCP,sa-east-1,86.77411714996674,817.04,0
2026-04-10 18:10:00,Azure,sa-east-1,69.27363775407098,301.18,0
2026-04-10 18:11:00,Azure,us-east-1,20.72,371.13,0
2026-04-10 18:12:00,AWS,us-east-1,15.43,461.41,0
2026-04-10 18:13:00,Azure,sa-east-1,64.7410225783349,312.11,0
2026-04-10 18:14:00,GCP,ap-northeast-1,23.46,798.05,0
2026-04-10 18:15:00,GCP,ap-northeast-1,18.2,614.66,0
2026-04-10 18:16:00,GCP,sa-east-1,92.96950619168717,442.09,0
2026-04-10 18:17:00,AWS,sa-east-1,87.57237401628684,114.46,0
2026-04-10 18:18:00,Azure,us-east-1,12.96,393.28,0
2026-04-10 18:19:00,AWS,ap-northeast-1,6.69,852.85,0
2026-04-10 18:20:00,GCP,sa-east-1,72.9835429581346,769.16,0
2026-04-10 18:21:00,Azure,us-east-1,11.3,160.64,0
2026-04-10 18:22:00,GCP,us-east-1,7.77,821.3,0
2026-04-10 18:23:00,Azure,ap-northeast-1,16.98,261.15,0
2026-04-10 18:24:00,Azure,us-east-1,15.45,988.35,0
2026-04-10 18:25:00,AWS,us-east-1,18.33,881.69,0
2026-04-10 18:26:00,Azure,eu-west-1,6.41,921.93,0
2026-04-10 18:27:00,GCP,sa-east-1,95.7255916122454,792.51,0
2026-04-10 18:28:00,Azure,ap-northeast-1,29.76,739.7,0
2026-04-10 18:29:00,GCP,sa-east-1,81.45246593061903,319.99,0
2026-04-10 18:30:00,AWS,eu-west-1,11.55,627.76,0
2026-04-10 18:31:00,GCP,ap-northeast-1,6.08,726.78,0
2026-04-10 18:32:00,Azure,sa-east-1,63.436584839640446,359.28,0
2026-04-10 18:33:00,GCP,us-east-1,7.3,458.48,0
2026-04-10 18:34:00,GCP,ap-northeast-1,21.84,952.35,0
2026-04-10 18:35:00,Azure,eu-west-1,40.99,467.16,0
2026-04-10 18:36:00,GCP,us-east-1,41.51,383.84,1
2026-04-10 18:37:00,Azure,eu-west-1,7.94,196.49,0
2026-04-10 18:38:00,AWS,us-east-1,8.42,407.21,0
2026-04-10 18:39:00,GCP,sa-east-1,111.96460691109165,650.93,0
2026-04-10 18:40:00,AWS,sa-east-1,73.77880721574033,232.96,0
2026-04-10 18:41:00,GCP,sa-east-1,89.93977241852122,644.76,0
2026-04-10 18:42:00,GCP,eu-west-1,41.56,767.08,0
2026-04-10 18:43:00,AWS,ap-northeast-1,7.09,791.42,0
2026-04-10 18:44:00,GCP,sa-east-1,93.37721454239748,986.33,0
2026-04-10 18:45:00,GCP,eu-west-1,14.74,491.11,0
2026-04-10 18:46:00,AWS,us-east-1,20.59,129.19,0
2026-04-10 18:47:00,GCP,sa-east-1,82.850451139511,869.22,0
2026-04-10 18:48:00,Azure,us-east-1,25.58,175.16,0
2026-04-10 18:49:00,GCP,sa-east-1,75.86910044737789,875.49,0
2026-04-10 18:50:00,GCP,us-east-1,8.05,984.43,0
2026-04-10 18:51:00,GCP,eu-west-1,11.13,916.14,0
2026-04-10 18:52:00,AWS,sa-east-1,90.47832711406825,967.61,0
2026-04-10 18:53:00,Azure,eu-west-1,34.51,121.0,0
2026-04-10 18:54:00,Azure,eu-west-1,10.22,110.23,0
2026-04-10 18:55:00,GCP,us-east-1,35.09,289.27,0
2026-04-10 18:56:00,AWS,sa-east-1,87.1865524044832,818.84,0
2026-04-10 18:57:00,AWS,ap-northeast-1,9.44,180.47,0
2026-04-10 18:58:00,Azure,ap-northeast-1,16.46,771.87,0
2026-04-10 18:59:00,AWS,eu-west-1,18.84,111.3,0
2026-04-10 19:00:00,GCP,us-east-1,10.81,757.99,0
2026-04-10 19:01:00,GCP,us-east-1,8.83,325.06,0
2026-04-10 19:02:00,AWS,us-east-1,11.4,496.39,0
2026-04-10 19:03:00,GCP,sa-east-1,81.71781576660138,978.85,0
2026-04-10 19:04:00,Azure,sa-east-1,68.12302647085222,596.56,0
2026-04-10 19:05:00,GCP,us-east-1,36.28,167.16,0
2026-04-10 19:06:00,AWS,ap-northeast-1,15.32,885.82,0
2026-04-10 19:07:00,Azure,ap-northeast-1,30.1,391.3,0
2026-04-10 19:08:00,GCP,sa-east-1,74.48740283807467,626.82,0
2026-04-10 19:09:00,Azure,us-east-1,51.76,740.59,0
2026-04-10 19:10:00,AWS,ap-northeast-1,8.11,799.76,0
2026-04-10 19:11:00,GCP,ap-northeast-1,4.34,489.25,0
2026-04-10 19:12:00,GCP,sa-east-1,70.84584086464294,795.78,0
2026-04-10 19:13:00,Azure,sa-east-1,94.62008393724348,205.2,0
2026-04-10 19:14:00,GCP,ap-northeast-1,26.79,573.1,0
2026-04-10 19:15:00,GCP,us-east-1,31.57,119.7,0
2026-04-10 19:16:00,GCP,ap-northeast-1,5.59,465.64,0
2026-04-10 19:17:00,GCP,ap-northeast-1,11.18,428.29,0
2026-04-10 19:18:00,AWS,us-east-1,13.06,980.32,0
2026-04-10 19:19:00,GCP,sa-east-1,89.6347808897666,458.06,0
2026-04-10 19:20:00,Azure,us-east-1,11.36,916.38,0
2026-04-10 19:21:00,AWS,us-east-1,21.02,491.77,0
2026-04-10 19:22:00,Azure,us-east-1,21.78,580.05,0
2026-04-10 19:23:00,Azure,us-east-1,14.69,415.64,0
2026-04-10 19:24:00,Azure,sa-east-1,124.147801326966,676.01,0
2026-04-10 19:25:00,AWS,ap-northeast-1,14.5,765.21,0
2026-04-10 19:26:00,AWS,eu-west-1,23.09,811.95,0
2026-04-10 19:27:00,AWS,sa-east-1,71.11810789492827,724.55,0
2026-04-10 19:28:00,GCP,us-east-1,8.28,396.95,1
2026-04-10 19:29:00,Azure,ap-northeast-1,34.42,397.54,0
2026-04-10 19:30:00,AWS,ap-northeast-1,9.55,413.12,0
2026-04-10 19:31:00,Azure,us-east-1,20.22,134.05,0
2026-04-10 19:32:00,AWS,sa-east-1,79.03443928364979,948.75,0
2026-04-10 19:33:00,AWS,us-east-1,14.81,276.15,0
2026-04-10 19:34:00,AWS,ap-northeast-1,11.38,243.29,0
2026-04-10 19:35:00,Azure,ap-northeast-1,17.43,597.12,0
2026-04-10 19:36:00,GCP,sa-east-1,98.50154392242423,142.67,0
2026-04-10 19:37:00,AWS,eu-west-1,8.75,854.06,0
2026-04-10 19:38:00,AWS,us-east-1,17.72,888.58,0
2026-04-10 19:39:00,AWS,eu-west-1,6.88,458.03,0
2026-04-10 19:40:00,GCP,ap-northeast-1,28.87,974.28,0
2026-04-10 19:41:00,Azure,eu-west-1,14.58,391.83,0
2026-04-10 19:42:00,Azure,us-east-1,2.68,334.21,0
2026-04-10 19:43:00,Azure,us-east-1,6.33,990.72,0
2026-04-10 19:44:00,Azure,ap-northeast-1,17.15,325.27,0
2026-04-10 19:45:00,AWS,sa-east-1,118.27779268960656,499.83,0
2026-04-10 19:46:00,GCP,sa-east-1,79.5958540055621,650.68,0
2026-04-10 19:47:00,AWS,ap-northeast-1,13.18,390.28,0
2026-04-10 19:48:00,GCP,us-east-1,17.51,445.8,0
2026-04-10 19:49:00,Azure,sa-east-1,87.9507919226544,748.68,0
2026-04-10 19:50:00,GCP,eu-west-1,19.18,750.72,0
2026-04-10 19:51:00,AWS,ap-northeast-1,9.21,823.26,0
2026-04-10 19:52:00,AWS,eu-west-1,24.1,634.33,0
2026-04-10 19:53:00,Azure,us-east-1,4.11,310.17,0
2026-04-10 19:54:00,AWS,sa-east-1,79.97973073964494,399.8,1
2026-04-10 19:55:00,AWS,us-east-1,16.61,910.64,0
2026-04-10 19:56:00,GCP,eu-west-1,6.67,760.36,0
2026-04-10 19:57:00,AWS,us-east-1,12.52,179.23,0
2026-04-10 19:58:00,Azure,us-east-1,16.07,778.25,0
2026-04-10 19:59:00,Azure,ap-northeast-1,8.27,397.59,0
2026-04-10 20:00:00,AWS,ap-northeast-1,13.4,120.9,0
2026-04-10 20:01:00,Azure,us-east-1,6.61,535.36,0
2026-04-10 20:02:00,GCP,ap-northeast-1,20.14,895.06,0
2026-04-10 20:03:00,GCP,us-east-1,15.91,499.91,0
2026-04-10 20:04:00,AWS,eu-west-1,17.63,989.92,0
2026-04-10 20:05:00,AWS,ap-northeast-1,11.77,260.27,0
2026-04-10 20:06:00,GCP,us-east-1,5.3,415.81,0
2026-04-10 20:07:00,Azure,ap-northeast-1,11.4,114.96,0
2026-04-10 20:08:00,AWS,us-east-1,28.88,145.32,0
2026-04-10 20:09:00,AWS,ap-northeast-1,20.25,418.89,0
2026-04-10 20:10:00,Azure,sa-east-1,94.62495439671386,575.55,0
2026-04-10 20:11:00,AWS,us-east-1,12.52,313.38,0
2026-04-10 20:12:00,Azure,sa-east-1,62.874455685376304,249.81,0
2026-04-10 20:13:00,Azure,us-east-1,16.34,478.61,0
2026-04-10 20:14:00,Azure,sa-east-1,78.36923570208683,253.61,0
2026-04-10 20:15:00,Azure,us-east-1,9.22,667.81,0
2026-04-10 20:16:00,Azure,ap-northeast-1,5.12,959.76,0
2026-04-10 20:17:00,GCP,sa-east-1,93.66624346269519,825.89,0
2026-04-10 20:18:00,Azure,ap-northeast-1,19.46,293.69,0
2026-04-10 20:19:00,GCP,us-east-1,6.8,956.02,0
2026-04-10 20:20:00,Azure,ap-northeast-1,25.65,776.01,0
2026-04-10 20:21:00,AWS,us-east-1,13.8,239.47,0
2026-04-10 20:22:00,GCP,ap-northeast-1,12.87,621.49,0
2026-04-10 20:23:00,AWS,sa-east-1,65.75964371327677,969.83,0
2026-04-10 20:24:00,Azure,us-east-1,15.86,187.08,0
2026-04-10 20:25:00,Azure,ap-northeast-1,6.85,343.9,0
2026-04-10 20:26:00,AWS,us-east-1,7.56,436.68,0
2026-04-10 20:27:00,Azure,us-east-1,5.28,204.03,0
2026-04-10 20:28:00,AWS,us-east-1,47.0,369.32,0
2026-04-10 20:29:00,Azure,eu-west-1,11.89,723.09,0
2026-04-10 20:30:00,Azure,us-east-1,8.98,529.51,0
2026-04-10 20:31:00,GCP,ap-northeast-1,11.93,478.97,0
2026-04-10 20:32:00,AWS,eu-west-1,9.48,488.75,0
2026-04-10 20:33:00,Azure,ap-northeast-1,11.14,783.69,0
2026-04-10 20:34:00,AWS,eu-west-1,14.67,992.15,0
2026-04-10 20:35:00,GCP,us-east-1,9.94,629.78,0
2026-04-10 20:36:00,AWS,sa-east-1,104.64313225262876,776.4,0
2026-04-10 20:37:00,GCP,sa-east-1,125.87804342331162,435.3,0
2026-04-10 20:38:00,AWS,us-east-1,4.87,874.58,0
2026-04-10 20:39:00,AWS,eu-west-1,6.9,478.29,0
2026-04-10 20:40:00,GCP,ap-northeast-1,15.59,941.61,0
2026-04-10 20:41:00,Azure,sa-east-1,102.07927771350904,769.15,0
2026-04-10 20:42:00,Azure,us-east-1,54.39,736.7,0
2026-04-10 20:43:00,Azure,us-east-1,14.99,361.12,0
2026-04-10 20:44:00,AWS,eu-west-1,6.62,816.52,0
2026-04-10 20:45:00,AWS,sa-east-1,112.73471815628642,194.75,0
2026-04-10 20:46:00,Azure,us-east-1,12.97,584.22,0
2026-04-10 20:47:00,AWS,sa-east-1,78.55329168667988,761.84,0
2026-04-10 20:48:00,AWS,ap-northeast-1,4.61,895.23,0
2026-04-10 20:49:00,Azure,us-east-1,21.85,612.69,0
2026-04-10 20:50:00,GCP,us-east-1,7.69,332.49,0
2026-04-10 20:51:00,AWS,ap-northeast-1,16.17,863.98,0
2026-04-10 20:52:00,AWS,us-east-1,12.6,791.18,0
2026-04-10 20:53:00,AWS,eu-west-1,13.46,238.21,0
2026-04-10 20:54:00,AWS,ap-northeast-1,12.5,885.15,0
2026-04-10 20:55:00,GCP,eu-west-1,8.36,963.89,0
2026-04-10 20:56:00,Azure,ap-northeast-1,8.0,583.96,0
2026-04-10 20:57:00,AWS,ap-northeast-1,19.57,134.53,0
2026-04-10 20:58:00,Azure,eu-west-1,12.09,924.05,0
2026-04-10 20:59:00,AWS,ap-northeast-1,8.78,210.49,0
2026-04-10 21:00:00,GCP,sa-east-1,69.43673778094865,669.81,0
2026-04-10 21:01:00,Azure,eu-west-1,17.18,460.82,0
2026-04-10 21:02:00,GCP,ap-northeast-1,8.68,992.83,0
2026-04-10 21:03:00,AWS,eu-west-1,27.06,925.45,0
2026-04-10 21:04:00,GCP,ap-northeast-1,11.27,806.05,0
2026-04-10 21:05:00,GCP,ap-northeast-1,10.23,279.35,0
2026-04-10 21:06:00,AWS,sa-east-1,108.70368673582988,729.27,0
2026-04-10 21:07:00,AWS,sa-east-1,101.50968141272807,614.93,0
2026-04-10 21:08:00,Azure,sa-east-1,101.53769178543031,221.81,0
2026-04-10 21:09:00,AWS,ap-northeast-1,11.85,815.21,0
2026-04-10 21:10:00,Azure,sa-east-1,67.92542255090079,177.81,0
2026-04-10 21:11:00,GCP,eu-west-1,7.14,533.45,0
2026-04-10 21:12:00,GCP,ap-northeast-1,14.1,483.91,0
2026-04-10 21:13:00,Azure,eu-west-1,9.72,825.58,0
2026-04-10 21:14:00,AWS,sa-east-1,101.28288840498166,484.81,0
2026-04-10 21:15:00,AWS,ap-northeast-1,8.22,724.88,0
2026-04-10 21:16:00,GCP,eu-west-1,6.33,530.43,0
2026-04-10 21:17:00,Azure,us-east-1,12.43,623.82,0
2026-04-10 21:18:00,GCP,eu-west-1,13.81,316.94,0
2026-04-10 21:19:00,GCP,ap-northeast-1,18.95,282.21,0
2026-04-10 21:20:00,AWS,us-east-1,3.48,738.92,0
2026-04-10 21:21:00,Azure,sa-east-1,94.91874592449604,210.1,0
2026-04-10 21:22:00,GCP,sa-east-1,65.54183460901035,258.39,0
2026-04-10 21:23:00,AWS,eu-west-1,21.0,946.85,0
2026-04-10 21:24:00,GCP,sa-east-1,120.4218957537882,328.0,0
2026-04-10 21:25:00,GCP,eu-west-1,17.7,390.97,0
2026-04-10 21:26:00,AWS,eu-west-1,6.87,669.87,0
2026-04-10 21:27:00,AWS,eu-west-1,11.06,496.32,0
2026-04-10 21:28:00,Azure,eu-west-1,17.78,603.1,0
2026-04-10 21:29:00,GCP,ap-northeast-1,12.39,230.13,0
2026-04-10 21:30:00,Azure,ap-northeast-1,7.21,705.17,0
2026-04-10 21:31:00,AWS,us-east-1,12.81,240.93,0
2026-04-10 21:32:00,AWS,us-east-1,9.41,772.95,0
2026-04-10 21:33:00,GCP,sa-east-1,75.69482561401344,571.26,0
2026-04-10 21:34:00,Azure,ap-northeast-1,7.16,834.57,0
2026-04-10 21:35:00,Azure,us-east-1,4.63,255.41,0
2026-04-10 21:36:00,GCP,ap-northeast-1,7.33,439.79,0
2026-04-10 21:37:00,GCP,ap-northeast-1,5.19,862.15,0
2026-04-10 21:38:00,Azure,sa-east-1,69.98753537333738,818.84,0
2026-04-10 21:39:00,AWS,sa-east-1,69.44869887116693,969.18,0
2026-04-10 21:40:00,AWS,eu-west-1,10.0,299.76,0
2026-04-10 21:41:00,GCP,ap-northeast-1,12.04,585.13,0
2026-04-10 21:42:00,Azure,eu-west-1,7.37,116.1,0
2026-04-10 21:43:00,Azure,eu-west-1,12.3,968.71,0
2026-04-10 21:44:00,Azure,eu-west-1,7.55,257.61,0
2026-04-10 21:45:00,AWS,ap-northeast-1,6.72,914.24,0
2026-04-10 21:46:00,AWS,ap-northeast-1,10.88,710.5,0
2026-04-10 21:47:00,Azure,eu-west-1,8.69,943.16,0
2026-04-10 21:48:00,Azure,ap-northeast-1,2.98,323.41,0
2026-04-10 21:49:00,GCP,eu-west-1,11.71,410.65,0
2026-04-10 21:50:00,GCP,us-east-1,7.48,247.96,0
2026-04-10 21:51:00,Azure,ap-northeast-1,7.23,480.19,0
2026-04-10 21:52:00,Azure,sa-east-1,107.64746499502773,952.75,0
2026-04-10 21:53:00,AWS,sa-east-1,115.11992996280715,614.05,0
2026-04-10 21:54:00,Azure,eu-west-1,14.69,474.51,0
2026-04-10 21:55:00,GCP,us-east-1,12.56,392.38,0
2026-04-10 21:56:00,AWS,ap-northeast-1,16.49,626.29,0
2026-04-10 21:57:00,GCP,eu-west-1,10.01,750.9,0
2026-04-10 21:58:00,GCP,us-east-1,12.67,466.11,0
2026-04-10 21:59:00,AWS,us-east-1,9.96,307.81,0
2026-04-10 22:00:00,GCP,ap-northeast-1,12.89,626.5,0
2026-04-10 22:01:00,Azure,sa-east-1,88.2382234353297,429.01,0
2026-04-10 22:02:00,GCP,sa-east-1,108.50981293701946,994.89,0
2026-04-10 22:03:00,AWS,us-east-1,10.14,496.94,0
2026-04-10 22:04:00,AWS,sa-east-1,109.26000239512194,491.04,0
2026-04-10 22:05:00,AWS,us-east-1,11.01,855.52,0
2026-04-10 22:06:00,GCP,us-east-1,10.87,325.92,0
2026-04-10 22:07:00,Azure,us-east-1,4.9,159.39,0
2026-04-10 22:08:00,AWS,sa-east-1,97.6950823609133,868.44,0
2026-04-10 22:09:00,Azure,eu-west-1,18.78,630.14,0
2026-04-10 22:10:00,AWS,sa-east-1,76.4120165234593,334.14,0
2026-04-10 22:11:00,Azure,eu-west-1,12.05,408.48,0
2026-04-10 22:12:00,Azure,sa-east-1,78.08597676880697,483.09,0
2026-04-10 22:13:00,Azure,ap-northeast-1,13.14,712.35,0
2026-04-10 22:14:00,AWS,ap-northeast-1,3.68,521.36,0
2026-04-10 22:15:00,GCP,sa-east-1,96.2519544235048,456.24,0
2026-04-10 22:16:00,GCP,ap-northeast-1,6.53,802.42,1
2026-04-10 22:17:00,GCP,ap-northeast-1,11.64,164.66,0
2026-04-10 22:18:00,Azure,ap-northeast-1,13.55,687.28,0
2026-04-10 22:19:00,AWS,ap-northeast-1,10.23,504.03,0
2026-04-10 22:20:00,Azure,eu-west-1,17.7,401.37,0
2026-04-10 22:21:00,AWS,us-east-1,8.88,934.82,0
2026-04-10 22:22:00,Azure,eu-west-1,8.46,800.14,0
2026-04-10 22:23:00,AWS,us-east-1,16.65,297.33,0
2026-04-10 22:24:00,AWS,us-east-1,10.17,687.1,0
2026-04-10 22:25:00,AWS,sa-east-1,91.1078221554121,840.06,0
2026-04-10 22:26:00,Azure,sa-east-1,97.81455776134852,990.41,0
2026-04-10 22:27:00,GCP,sa-east-1,80.41453995787687,728.58,0
2026-04-10 22:28:00,Azure,sa-east-1,89.04077927207953,721.62,0
2026-04-10 22:29:00,Azure,sa-east-1,98.32556767218821,651.96,0
2026-04-10 22:30:00,AWS,eu-west-1,5.68,136.0,0
2026-04-10 22:31:00,AWS,eu-west-1,16.67,626.55,0
2026-04-10 22:32:00,GCP,ap-northeast-1,22.12,824.54,0
2026-04-10 22:33:00,GCP,eu-west-1,10.67,455.88,0
2026-04-10 22:34:00,AWS,eu-west-1,20.01,628.28,0
2026-04-10 22:35:00,GCP,sa-east-1,62.68421212767452,933.84,0
2026-04-10 22:36:00,GCP,ap-northeast-1,13.13,254.83,0
2026-04-10 22:37:00,AWS,eu-west-1,10.56,352.43,0
2026-04-10 22:38:00,Azure,eu-west-1,5.54,199.29,0
2026-04-10 22:39:00,GCP,ap-northeast-1,14.87,550.22,0
2026-04-10 22:40:00,AWS,us-east-1,7.81,855.68,0
2026-04-10 22:41:00,GCP,sa-east-1,104.04905677511914,491.7,0
2026-04-10 22:42:00,GCP,eu-west-1,7.4,162.86,0
2026-04-10 22:43:00,AWS,eu-west-1,5.28,337.18,0
2026-04-10 22:44:00,GCP,ap-northeast-1,8.52,900.74,0
2026-04-10 22:45:00,GCP,eu-west-1,20.44,601.77,0
2026-04-10 22:46:00,GCP,sa-east-1,96.87863596976274,922.66,0
2026-04-10 22:47:00,Azure,eu-west-1,12.4,850.99,0
2026-04-10 22:48:00,Azure,us-east-1,13.06,472.86,0
2026-04-10 22:49:00,GCP,sa-east-1,85.30142376916302,670.19,0
2026-04-10 22:50:00,AWS,us-east-1,31.1,697.98,0
2026-04-10 22:51:00,GCP,ap-northeast-1,11.93,772.12,0
2026-04-10 22:52:00,GCP,sa-east-1,76.57627013846194,399.67,0
2026-04-10 22:53:00,Azure,eu-west-1,10.12,360.09,0
2026-04-10 22:54:00,Azure,sa-east-1,107.94321711211141,716.13,0
2026-04-10 22:55:00,Azure,sa-east-1,92.30363330410792,836.88,0
2026-04-10 22:56:00,GCP,sa-east-1,91.82828241181178,472.82,0
2026-04-10 22:57:00,GCP,us-east-1,10.88,388.96,0
2026-04-10 22:58:00,AWS,ap-northeast-1,29.6,842.98,0
2026-04-10 22:59:00,GCP,sa-east-1,101.88890903540417,718.26,0
2026-04-10 23:00:00,GCP,eu-west-1,19.59,409.2,0
2026-04-10 23:01:00,Azure,sa-east-1,77.91063556444045,576.7,0
2026-04-10 23:02:00,Azure,sa-east-1,83.06498026820722,964.78,0
2026-04-10 23:03:00,Azure,ap-northeast-1,24.48,774.88,0
2026-04-10 23:04:00,Azure,eu-west-1,14.74,299.5,0
2026-04-10 23:05:00,Azure,eu-west-1,11.84,365.53,0
2026-04-10 23:06:00,AWS,us-east-1,21.63,338.7,0
2026-04-10 23:07:00,AWS,eu-west-1,5.86,863.51,0
2026-04-10 23:08:00,AWS,eu-west-1,13.28,677.28,0
2026-04-10 23:09:00,Azure,eu-west-1,6.53,946.0,0
2026-04-10 23:10:00,Azure,sa-east-1,78.66050948886655,181.84,0
2026-04-10 23:11:00,Azure,us-east-1,12.8,146.8,0
2026-04-10 23:12:00,AWS,eu-west-1,11.75,708.58,0
2026-04-10 23:13:00,Azure,eu-west-1,10.12,339.96,0
2026-04-10 23:14:00,AWS,eu-west-1,17.09,711.25,0
2026-04-10 23:15:00,Azure,sa-east-1,80.99161178918452,751.12,0
2026-04-10 23:16:00,GCP,sa-east-1,130.94480900284128,374.03,0
2026-04-10 23:17:00,AWS,us-east-1,11.35,957.4,0
2026-04-10 23:18:00,GCP,ap-northeast-1,6.36,797.27,0
2026-04-10 23:19:00,AWS,us-east-1,3.27,430.62,0
2026-04-10 23:20:00,Azure,sa-east-1,107.62289726161121,470.91,0
2026-04-10 23:21:00,Azure,eu-west-1,13.67,744.28,0
2026-04-10 23:22:00,GCP,eu-west-1,14.19,373.63,0
2026-04-10 23:23:00,Azure,us-east-1,5.9,365.84,0
2026-04-10 23:24:00,AWS,eu-west-1,6.59,662.42,0
2026-04-10 23:25:00,Azure,sa-east-1,96.76523760160275,221.31,0
2026-04-10 23:26:00,Azure,us-east-1,5.61,994.01,0
2026-04-10 23:27:00,AWS,ap-northeast-1,12.88,358.51,0
2026-04-10 23:28:00,GCP,sa-east-1,65.61695640878554,444.44,0
2026-04-10 23:29:00,GCP,sa-east-1,103.04956802534835,301.84,0
2026-04-10 23:30:00,Azure,eu-west-1,10.62,679.15,0
2026-04-10 23:31:00,AWS,sa-east-1,105.43017516162556,154.44,0
2026-04-10 23:32:00,GCP,sa-east-1,67.71831697143051,935.03,0
2026-04-10 23:33:00,GCP,ap-northeast-1,20.07,373.59,0
2026-04-10 23:34:00,Azure,eu-west-1,9.96,934.64,0
2026-04-10 23:35:00,AWS,sa-east-1,100.79290477089991,328.19,0
2026-04-10 23:36:00,GCP,eu-west-1,11.68,562.41,0
2026-04-10 23:37:00,Azure,sa-east-1,79.48403676379014,725.65,0
2026-04-10 23:38:00,Azure,ap-northeast-1,7.07,651.36,0
2026-04-10 23:39:00,Azure,eu-west-1,25.22,561.24,0
2026-04-10 23:40:00,Azure,eu-west-1,11.12,809.68,0
2026-04-10 23:41:00,GCP,ap-northeast-1,6.43,523.44,0
2026-04-10 23:42:00,AWS,us-east-1,11.57,399.86,0
2026-04-10 23:43:00,Azure,sa-east-1,63.16319222772554,746.73,0
2026-04-10 23:44:00,Azure,sa-east-1,108.13627108590227,943.54,0
2026-04-10 23:45:00,GCP,us-east-1,9.54,641.25,0
2026-04-10 23:46:00,Azure,eu-west-1,6.09,351.74,0
2026-04-10 23:47:00,Azure,eu-west-1,9.9,786.53,0
2026-04-10 23:48:00,AWS,ap-northeast-1,8.19,785.73,0
2026-04-10 23:49:00,Azure,ap-northeast-1,11.46,340.18,0
2026-04-10 23:50:00,GCP,ap-northeast-1,15.05,446.17,0
2026-04-10 23:51:00,AWS,us-east-1,29.24,226.85,0
2026-04-10 23:52:00,GCP,us-east-1,17.95,171.7,0
2026-04-10 23:53:00,AWS,eu-west-1,3.14,826.63,0
2026-04-10 23:54:00,AWS,ap-northeast-1,13.62,435.32,0
2026-04-10 23:55:00,Azure,eu-west-1,25.99,353.18,0
2026-04-10 23:56:00,Azure,us-east-1,11.34,330.48,0
2026-04-10 23:57:00,Azure,sa-east-1,78.66015398845549,167.33,0
2026-04-10 23:58:00,GCP,eu-west-1,7.01,986.38,0
2026-04-10 23:59:00,Azure,us-east-1,7.86,430.34,0
2026-04-11 00:00:00,Azure,ap-northeast-1,11.2,247.82,0
2026-04-11 00:01:00,AWS,sa-east-1,63.050409787785355,877.73,0
2026-04-11 00:02:00,Azure,sa-east-1,116.6839017456189,750.81,0
2026-04-11 00:03:00,Azure,sa-east-1,72.91932896398176,696.36,0
2026-04-11 00:04:00,Azure,ap-northeast-1,11.54,367.49,0
2026-04-11 00:05:00,Azure,sa-east-1,119.80151763770013,473.91,0
2026-04-11 00:06:00,AWS,us-east-1,8.26,856.98,0
2026-04-11 00:07:00,Azure,eu-west-1,23.2,675.91,0
2026-04-11 00:08:00,AWS,sa-east-1,112.13498284379367,411.09,0
2026-04-11 00:09:00,GCP,sa-east-1,107.14047189339357,198.35,0
2026-04-11 00:10:00,Azure,us-east-1,13.87,910.24,0
2026-04-11 00:11:00,Azure,ap-northeast-1,8.09,959.98,0
2026-04-11 00:12:00,Azure,sa-east-1,71.4257793061099,746.92,0
2026-04-11 00:13:00,AWS,us-east-1,12.16,722.25,0
2026-04-11 00:14:00,Azure,us-east-1,15.46,583.94,0
2026-04-11 00:15:00,Azure,ap-northeast-1,11.49,974.36,0
2026-04-11 00:16:00,GCP,ap-northeast-1,28.02,724.74,0
2026-04-11 00:17:00,AWS,eu-west-1,7.84,169.06,0
2026-04-11 00:18:00,AWS,sa-east-1,84.30728968630854,182.56,0
2026-04-11 00:19:00,GCP,eu-west-1,13.73,967.22,0
2026-04-11 00:20:00,AWS,us-east-1,8.14,948.95,0
2026-04-11 00:21:00,Azure,sa-east-1,67.40767287782852,602.05,0
2026-04-11 00:22:00,Azure,us-east-1,23.5,292.73,0
2026-04-11 00:23:00,GCP,us-east-1,9.4,625.16,0
2026-04-11 00:24:00,AWS,us-east-1,12.73,787.19,0
2026-04-11 00:25:00,AWS,ap-northeast-1,16.9,107.45,0
2026-04-11 00:26:00,AWS,ap-northeast-1,18.95,840.53,0
2026-04-11 00:27:00,GCP,sa-east-1,123.8491494545829,518.32,0
2026-04-11 00:28:00,Azure,us-east-1,6.18,516.85,0
2026-04-11 00:29:00,GCP,us-east-1,25.72,490.88,0
2026-04-11 00:30:00,Azure,sa-east-1,106.24742724065891,722.66,0
2026-04-11 00:31:00,GCP,eu-west-1,9.02,288.52,0
2026-04-11 00:32:00,Azure,us-east-1,13.09,645.99,0
2026-04-11 00:33:00,AWS,ap-northeast-1,12.57,139.69,0
2026-04-11 00:34:00,AWS,eu-west-1,22.77,830.21,0
2026-04-11 00:35:00,AWS,eu-west-1,5.84,833.9,0
2026-04-11 00:36:00,GCP,eu-west-1,2.75,380.69,0
2026-04-11 00:37:00,GCP,eu-west-1,32.04,194.88,0
2026-04-11 00:38:00,GCP,eu-west-1,5.93,772.97,0
2026-04-11 00:39:00,AWS,eu-west-1,20.14,523.19,0
2026-04-11 00:40:00,Azure,sa-east-1,95.22804577815916,932.47,0
2026-04-11 00:41:00,AWS,sa-east-1,78.98950568131328,418.14,0
2026-04-11 00:42:00,AWS,eu-west-1,15.73,857.36,0
2026-04-11 00:43:00,Azure,ap-northeast-1,17.69,122.79,0
2026-04-11 00:44:00,Azure,sa-east-1,90.95023899344622,795.51,0
2026-04-11 00:45:00,Azure,sa-east-1,63.34650097590647,710.42,0
2026-04-11 00:46:00,Azure,eu-west-1,10.24,573.64,0
2026-04-11 00:47:00,AWS,ap-northeast-1,9.28,919.38,0
2026-04-11 00:48:00,GCP,eu-west-1,7.6,947.81,0
2026-04-11 00:49:00,AWS,ap-northeast-1,12.49,936.72,0
2026-04-11 00:50:00,Azure,ap-northeast-1,4.6,638.02,0
2026-04-11 00:51:00,GCP,us-east-1,22.81,567.46,0
2026-04-11 00:52:00,GCP,sa-east-1,110.77710271898322,342.07,0
2026-04-11 00:53:00,AWS,eu-west-1,9.52,245.86,0
2026-04-11 00:54:00,AWS,sa-east-1,93.98246201082921,601.39,0
2026-04-11 00:55:00,AWS,sa-east-1,79.70388268683023,233.65,0
2026-04-11 00:56:00,GCP,ap-northeast-1,7.26,254.9,0
2026-04-11 00:57:00,GCP,sa-east-1,76.29752332070778,421.07,0
2026-04-11 00:58:00,GCP,us-east-1,6.34,268.07,0
2026-04-11 00:59:00,Azure,eu-west-1,5.99,551.56,0
2026-04-11 01:00:00,Azure,sa-east-1,103.78668943361174,697.37,0
2026-04-11 01:01:00,AWS,eu-west-1,11.32,728.11,0
2026-04-11 01:02:00,GCP,sa-east-1,115.8812761708632,579.5,0
2026-04-11 01:03:00,AWS,eu-west-1,5.54,569.62,0
2026-04-11 01:04:00,GCP,eu-west-1,19.25,527.33,1
2026-04-11 01:05:00,AWS,eu-west-1,5.45,320.74,0
2026-04-11 01:06:00,Azure,sa-east-1,110.27908715682341,688.82,0
2026-04-11 01:07:00,GCP,us-east-1,5.71,691.33,0
2026-04-11 01:08:00,Azure,eu-west-1,6.47,330.22,0
2026-04-11 01:09:00,GCP,ap-northeast-1,14.27,730.51,0
2026-04-11 01:10:00,AWS,ap-northeast-1,14.19,872.2,0
2026-04-11 01:11:00,GCP,ap-northeast-1,17.72,635.24,0
2026-04-11 01:12:00,Azure,us-east-1,7.65,205.79,0
2026-04-11 01:13:00,GCP,eu-west-1,20.05,394.53,0
2026-04-11 01:14:00,AWS,us-east-1,26.62,183.51,0
2026-04-11 01:15:00,GCP,eu-west-1,13.69,371.83,0
2026-04-11 01:16:00,Azure,us-east-1,4.99,290.75,0
2026-04-11 01:17:00,AWS,eu-west-1,4.64,599.17,0
2026-04-11 01:18:00,Azure,ap-northeast-1,13.15,481.19,0
2026-04-11 01:19:00,GCP,eu-west-1,9.15,750.42,0
2026-04-11 01:20:00,Azure,us-east-1,7.41,426.74,0
2026-04-11 01:21:00,GCP,eu-west-1,11.21,239.25,0
2026-04-11 01:22:00,AWS,sa-east-1,82.87239016378274,312.42,0
2026-04-11 01:23:00,Azure,eu-west-1,11.24,591.2,0
2026-04-11 01:24:00,Azure,ap-northeast-1,7.84,504.87,0
2026-04-11 01:25:00,GCP,eu-west-1,32.78,138.35,0
2026-04-11 01:26:00,Azure,sa-east-1,99.6074798337294,288.95,0
2026-04-11 01:27:00,Azure,sa-east-1,84.89175690594554,367.06,0
2026-04-11 01:28:00,AWS,sa-east-1,86.03847136455963,752.82,0
2026-04-11 01:29:00,GCP,us-east-1,6.83,757.38,0
2026-04-11 01:30:00,GCP,sa-east-1,81.73039034845785,728.19,0
2026-04-11 01:31:00,AWS,us-east-1,9.31,836.62,0
2026-04-11 01:32:00,AWS,sa-east-1,91.17123284277538,886.49,0
2026-04-11 01:33:00,GCP,us-east-1,9.87,164.0,0
2026-04-11 01:34:00,AWS,sa-east-1,84.74355307220965,543.75,0
2026-04-11 01:35:00,AWS,sa-east-1,71.30209841553629,234.06,0
2026-04-11 01:36:00,AWS,eu-west-1,14.09,418.65,0
2026-04-11 01:37:00,GCP,sa-east-1,59.11927982127223,696.88,0
2026-04-11 01:38:00,AWS,eu-west-1,20.67,641.49,0
2026-04-11 01:39:00,Azure,sa-east-1,110.93474724672086,215.7,0
2026-04-11 01:40:00,Azure,sa-east-1,80.05669354570085,781.37,0
2026-04-11 01:41:00,GCP,eu-west-1,19.09,808.32,0
2026-04-11 01:42:00,AWS,eu-west-1,20.28,225.27,0
2026-04-11 01:43:00,Azure,us-east-1,4.51,654.09,0
2026-04-11 01:44:00,GCP,ap-northeast-1,10.42,950.71,0
2026-04-11 01:45:00,Azure,eu-west-1,13.9,184.55,0
2026-04-11 01:46:00,AWS,us-east-1,20.8,248.15,0
2026-04-11 01:47:00,GCP,sa-east-1,112.6726693549402,788.97,0
2026-04-11 01:48:00,Azure,eu-west-1,9.19,403.23,0
2026-04-11 01:49:00,GCP,eu-west-1,7.09,960.01,0
2026-04-11 01:50:00,Azure,sa-east-1,90.11082845620174,661.93,0
2026-04-11 01:51:00,Azure,sa-east-1,62.108659203511266,534.88,0
2026-04-11 01:52:00,AWS,sa-east-1,76.01811383933598,403.9,0
2026-04-11 01:53:00,AWS,sa-east-1,107.69697232424525,315.21,0
2026-04-11 01:54:00,Azure,ap-northeast-1,10.09,685.02,0
2026-04-11 01:55:00,GCP,eu-west-1,21.08,632.83,0
2026-04-11 01:56:00,GCP,sa-east-1,73.83095935456512,422.12,0
2026-04-11 01:57:00,AWS,sa-east-1,93.50616748849146,926.0,0
2026-04-11 01:58:00,Azure,ap-northeast-1,4.87,785.62,0
2026-04-11 01:59:00,AWS,eu-west-1,10.92,334.06,0
2026-04-11 02:00:00,Azure,us-east-1,13.55,949.03,0
2026-04-11 02:01:00,Azure,eu-west-1,30.69,779.99,0
2026-04-11 02:02:00,AWS,us-east-1,5.89,907.4,0
2026-04-11 02:03:00,GCP,ap-northeast-1,7.52,222.6,0
2026-04-11 02:04:00,AWS,sa-east-1,68.10836723125546,129.7,0
2026-04-11 02:05:00,Azure,ap-northeast-1,6.61,543.63,0
2026-04-11 02:06:00,AWS,eu-west-1,10.76,503.34,0
2026-04-11 02:07:00,GCP,sa-east-1,79.21706230057245,882.82,0
2026-04-11 02:08:00,GCP,eu-west-1,22.14,254.93,0
2026-04-11 02:09:00,Azure,us-east-1,28.21,121.22,0
2026-04-11 02:10:00,AWS,eu-west-1,28.72,576.32,0
2026-04-11 02:11:00,GCP,ap-northeast-1,13.15,259.81,0
2026-04-11 02:12:00,AWS,ap-northeast-1,13.3,144.56,0
2026-04-11 02:13:00,GCP,ap-northeast-1,12.11,119.99,0
2026-04-11 02:14:00,Azure,sa-east-1,76.90311146714859,228.19,0
2026-04-11 02:15:00,Azure,eu-west-1,22.89,438.27,0
2026-04-11 02:16:00,AWS,sa-east-1,69.65076426739367,895.57,0
2026-04-11 02:17:00,Azure,eu-west-1,13.75,784.52,0
2026-04-11 02:18:00,GCP,us-east-1,17.33,577.15,0
2026-04-11 02:19:00,Azure,eu-west-1,12.12,487.31,0
2026-04-11 02:20:00,GCP,eu-west-1,6.23,510.22,0
2026-04-11 02:21:00,GCP,eu-west-1,9.06,896.18,0
2026-04-11 02:22:00,Azure,eu-west-1,13.55,752.17,0
2026-04-11 02:23:00,GCP,us-east-1,7.88,254.81,0
2026-04-11 02:24:00,GCP,sa-east-1,94.79964681907126,945.76,0
2026-04-11 02:25:00,AWS,ap-northeast-1,16.59,795.62,0
2026-04-11 02:26:00,AWS,eu-west-1,17.12,130.74,0
2026-04-11 02:27:00,AWS,ap-northeast-1,14.12,552.03,0
2026-04-11 02:28:00,Azure,ap-northeast-1,9.5,687.5,0
2026-04-11 02:29:00,AWS,ap-northeast-1,10.29,154.89,0
2026-04-11 02:30:00,GCP,ap-northeast-1,17.29,417.75,0
2026-04-11 02:31:00,Azure,eu-west-1,7.76,683.47,0
2026-04-11 02:32:00,Azure,ap-northeast-1,5.89,834.48,0
2026-04-11 02:33:00,Azure,eu-west-1,15.7,979.42,0
2026-04-11 02:34:00,Azure,us-east-1,11.48,209.47,0
2026-04-11 02:35:00,GCP,sa-east-1,122.02566829336055,669.16,0
2026-04-11 02:36:00,GCP,sa-east-1,106.07414781684557,903.51,0
2026-04-11 02:37:00,AWS,eu-west-1,20.85,745.23,0
2026-04-11 02:38:00,Azure,eu-west-1,9.1,669.16,0
2026-04-11 02:39:00,AWS,sa-east-1,113.00918648899288,292.98,0
2026-04-11 02:40:00,GCP,ap-northeast-1,6.4,833.77,0
2026-04-11 02:41:00,Azure,eu-west-1,5.46,606.24,0
2026-04-11 02:42:00,GCP,ap-northeast-1,14.52,200.27,0
2026-04-11 02:43:00,AWS,eu-west-1,10.62,942.04,0
2026-04-11 02:44:00,GCP,eu-west-1,13.19,989.55,0
2026-04-11 02:45:00,Azure,us-east-1,7.48,583.91,0
2026-04-11 02:46:00,Azure,us-east-1,14.35,798.83,0
2026-04-11 02:47:00,AWS,sa-east-1,73.98925945114519,624.98,0
2026-04-11 02:48:00,Azure,us-east-1,21.08,479.99,0
2026-04-11 02:49:00,GCP,us-east-1,8.69,468.2,0
2026-04-11 02:50:00,GCP,sa-east-1,68.50540901472621,967.88,0
2026-04-11 02:51:00,GCP,ap-northeast-1,12.16,431.91,0
2026-04-11 02:52:00,GCP,us-east-1,18.61,541.41,0
2026-04-11 02:53:00,AWS,ap-northeast-1,5.24,323.64,0
2026-04-11 02:54:00,GCP,sa-east-1,73.40466822651436,327.95,0
2026-04-11 02:55:00,AWS,eu-west-1,33.29,420.6,0
2026-04-11 02:56:00,GCP,ap-northeast-1,16.77,932.3,0
2026-04-11 02:57:00,AWS,sa-east-1,87.61050936556569,456.88,0
2026-04-11 02:58:00,GCP,ap-northeast-1,6.91,597.06,0
2026-04-11 02:59:00,GCP,sa-east-1,101.10898163544691,591.18,0
2026-04-11 03:00:00,AWS,sa-east-1,89.92510288071584,624.84,0
2026-04-11 03:01:00,Azure,eu-west-1,14.51,838.04,0
2026-04-11 03:02:00,Azure,ap-northeast-1,17.47,911.08,0
2026-04-11 03:03:00,Azure,eu-west-1,10.49,287.87,0
2026-04-11 03:04:00,AWS,eu-west-1,13.85,874.4,0
2026-04-11 03:05:00,Azure,ap-northeast-1,7.09,592.94,0
2026-04-11 03:06:00,Azure,ap-northeast-1,8.56,932.02,0
2026-04-11 03:07:00,AWS,sa-east-1,86.29362571467996,924.54,0
2026-04-11 03:08:00,Azure,ap-northeast-1,15.27,450.49,0
2026-04-11 03:09:00,Azure,sa-east-1,111.85536175880317,686.69,0
2026-04-11 03:10:00,Azure,sa-east-1,82.50916010121497,884.27,0
2026-04-11 03:11:00,AWS,sa-east-1,70.68425602006587,446.24,0
2026-04-11 03:12:00,AWS,sa-east-1,89.37861974351082,139.44,0
2026-04-11 03:13:00,Azure,sa-east-1,65.22652729315072,423.83,0
2026-04-11 03:14:00,Azure,sa-east-1,72.18568849656627,428.86,0
2026-04-11 03:15:00,AWS,ap-northeast-1,12.46,826.07,0
2026-04-11 03:16:00,Azure,ap-northeast-1,26.98,378.66,0
2026-04-11 03:17:00,AWS,us-east-1,4.56,904.59,0
2026-04-11 03:18:00,Azure,ap-northeast-1,10.44,593.78,0
2026-04-11 03:19:00,AWS,eu-west-1,20.41,627.54,0
2026-04-11 03:20:00,GCP,us-east-1,8.39,826.31,0
2026-04-11 03:21:00,GCP,ap-northeast-1,18.48,221.12,0
2026-04-11 03:22:00,AWS,eu-west-1,12.79,116.15,0
2026-04-11 03:23:00,GCP,ap-northeast-1,31.47,150.95,0
2026-04-11 03:24:00,Azure,sa-east-1,92.6796861371591,127.6,0
2026-04-11 03:25:00,AWS,us-east-1,11.36,729.91,0
2026-04-11 03:26:00,AWS,sa-east-1,116.14344072285671,320.47,0
2026-04-11 03:27:00,Azure,us-east-1,10.17,871.68,0
2026-04-11 03:28:00,Azure,us-east-1,20.66,894.59,0
2026-04-11 03:29:00,AWS,sa-east-1,71.12603891788117,420.48,0
2026-04-11 03:30:00,Azure,us-east-1,20.98,275.34,0
2026-04-11 03:31:00,AWS,us-east-1,10.23,548.93,0
2026-04-11 03:32:00,Azure,ap-northeast-1,11.55,834.23,0
2026-04-11 03:33:00,AWS,eu-west-1,10.14,716.4,0
2026-04-11 03:34:00,Azure,sa-east-1,81.21080429010887,123.17,0
2026-04-11 03:35:00,Azure,ap-northeast-1,10.67,106.44,0
2026-04-11 03:36:00,GCP,ap-northeast-1,60.4,202.42,0
2026-04-11 03:37:00,GCP,sa-east-1,97.0815819166853,403.1,0
2026-04-11 03:38:00,GCP,us-east-1,13.1,583.19,0
2026-04-11 03:39:00,Azure,sa-east-1,116.21691266896633,835.83,0
2026-04-11 03:40:00,AWS,eu-west-1,15.81,228.51,0
2026-04-11 03:41:00,Azure,eu-west-1,11.72,237.23,0
2026-04-11 03:42:00,GCP,sa-east-1,81.49106119671261,877.27,0
2026-04-11 03:43:00,Azure,ap-northeast-1,25.06,931.62,0
2026-04-11 03:44:00,GCP,sa-east-1,77.31823627185518,596.16,0
2026-04-11 03:45:00,GCP,eu-west-1,24.76,806.4,0
2026-04-11 03:46:00,AWS,sa-east-1,77.00949642486142,408.4,0
2026-04-11 03:47:00,AWS,us-east-1,5.97,951.64,0
2026-04-11 03:48:00,GCP,sa-east-1,103.04915308280283,914.39,0
2026-04-11 03:49:00,GCP,ap-northeast-1,14.23,864.64,0
2026-04-11 03:50:00,Azure,us-east-1,7.57,111.68,0
2026-04-11 03:51:00,GCP,eu-west-1,8.89,570.97,0
2026-04-11 03:52:00,Azure,sa-east-1,70.66129055957198,124.0,0
2026-04-11 03:53:00,GCP,ap-northeast-1,16.44,709.7,0
2026-04-11 03:54:00,AWS,ap-northeast-1,29.38,265.1,0
2026-04-11 03:55:00,AWS,eu-west-1,8.49,675.53,0
2026-04-11 03:56:00,GCP,sa-east-1,98.53986268813259,188.16,0
2026-04-11 03:57:00,Azure,ap-northeast-1,34.78,780.95,0
2026-04-11 03:58:00,Azure,us-east-1,10.77,753.8,0
2026-04-11 03:59:00,Azure,sa-east-1,76.5543272604264,104.15,0
2026-04-11 04:00:00,GCP,eu-west-1,14.88,812.85,0
2026-04-11 04:01:00,GCP,us-east-1,7.12,247.41,0
2026-04-11 04:02:00,AWS,sa-east-1,81.86185818617386,198.36,0
2026-04-11 04:03:00,AWS,ap-northeast-1,6.0,550.22,0
2026-04-11 04:04:00,GCP,eu-west-1,21.24,631.08,0
2026-04-11 04:05:00,AWS,eu-west-1,14.94,192.8,0
2026-04-11 04:06:00,Azure,sa-east-1,82.3194824138033,374.27,0
2026-04-11 04:07:00,Azure,eu-west-1,13.45,467.02,0
2026-04-11 04:08:00,GCP,us-east-1,17.04,949.25,0
2026-04-11 04:09:00,Azure,sa-east-1,67.7491525943955,326.19,0
2026-04-11 04:10:00,GCP,us-east-1,27.87,334.44,0
2026-04-11 04:11:00,Azure,eu-west-1,20.51,693.46,0
2026-04-11 04:12:00,GCP,eu-west-1,9.57,754.44,0
2026-04-11 04:13:00,Azure,eu-west-1,10.88,109.74,0
2026-04-11 04:14:00,Azure,us-east-1,6.56,220.63,0
2026-04-11 04:15:00,AWS,eu-west-1,5.22,421.92,0
2026-04-11 04:16:00,AWS,sa-east-1,95.00722451075723,668.81,0
2026-04-11 04:17:00,AWS,ap-northeast-1,8.57,220.71,0
2026-04-11 04:18:00,AWS,sa-east-1,88.65020158183819,421.25,0
2026-04-11 04:19:00,AWS,ap-northeast-1,6.13,172.18,0
2026-04-11 04:20:00,AWS,eu-west-1,12.79,614.0,0
2026-04-11 04:21:00,GCP,sa-east-1,93.44894909623548,483.73,0
2026-04-11 04:22:00,GCP,us-east-1,8.55,809.27,1
2026-04-11 04:23:00,AWS,ap-northeast-1,20.28,616.5,0
2026-04-11 04:24:00,GCP,us-east-1,10.42,693.2,0
2026-04-11 04:25:00,AWS,ap-northeast-1,9.06,704.04,0
2026-04-11 04:26:00,GCP,eu-west-1,27.69,630.65,0
2026-04-11 04:27:00,Azure,sa-east-1,58.26669769521905,114.48,0
2026-04-11 04:28:00,GCP,ap-northeast-1,17.98,848.85,0
2026-04-11 04:29:00,GCP,sa-east-1,73.24590632173987,925.03,0
2026-04-11 04:30:00,GCP,ap-northeast-1,6.64,580.82,0
2026-04-11 04:31:00,Azure,ap-northeast-1,10.33,200.94,0
2026-04-11 04:32:00,AWS,eu-west-1,39.56,689.23,0
2026-04-11 04:33:00,GCP,ap-northeast-1,5.92,427.36,0
2026-04-11 04:34:00,GCP,us-east-1,8.58,165.95,0
2026-04-11 04:35:00,Azure,ap-northeast-1,22.52,868.79,0
2026-04-11 04:36:00,AWS,ap-northeast-1,7.61,740.54,0
2026-04-11 04:37:00,GCP,ap-northeast-1,9.02,824.34,0
2026-04-11 04:38:00,Azure,eu-west-1,13.03,816.51,0
2026-04-11 04:39:00,AWS,sa-east-1,62.91395376616329,421.91,0
2026-04-11 04:40:00,AWS,sa-east-1,81.39051679716192,533.99,0
2026-04-11 04:41:00,GCP,eu-west-1,10.68,310.29,0
2026-04-11 04:42:00,GCP,us-east-1,12.22,779.41,0
2026-04-11 04:43:00,GCP,us-east-1,11.41,571.57,0
2026-04-11 04:44:00,GCP,eu-west-1,8.09,685.01,0
2026-04-11 04:45:00,Azure,sa-east-1,61.13931013277002,420.96,0
2026-04-11 04:46:00,Azure,us-east-1,31.85,711.26,0
2026-04-11 04:47:00,GCP,eu-west-1,8.05,704.08,0
2026-04-11 04:48:00,AWS,sa-east-1,61.802160710382,793.14,0
2026-04-11 04:49:00,GCP,us-east-1,13.45,239.89,0
2026-04-11 04:50:00,AWS,us-east-1,7.26,661.3,0
2026-04-11 04:51:00,AWS,eu-west-1,19.26,891.53,0
2026-04-11 04:52:00,AWS,sa-east-1,106.2388744574899,184.75,0
2026-04-11 04:53:00,Azure,us-east-1,10.64,964.67,0
2026-04-11 04:54:00,AWS,eu-west-1,9.49,287.0,0
2026-04-11 04:55:00,AWS,us-east-1,6.68,942.89,0
2026-04-11 04:56:00,Azure,sa-east-1,82.49503418352855,881.22,0
2026-04-11 04:57:00,AWS,ap-northeast-1,13.04,793.17,0
2026-04-11 04:58:00,AWS,us-east-1,8.82,288.49,0
2026-04-11 04:59:00,GCP,sa-east-1,107.09679961485234,294.79,0
2026-04-11 05:00:00,AWS,us-east-1,26.85,333.37,0
2026-04-11 05:01:00,AWS,ap-northeast-1,12.27,829.41,0
2026-04-11 05:02:00,AWS,ap-northeast-1,10.77,268.92,0
2026-04-11 05:03:00,AWS,us-east-1,7.54,622.76,0
2026-04-11 05:04:00,AWS,eu-west-1,11.25,799.78,0
2026-04-11 05:05:00,Azure,us-east-1,9.88,514.57,0
2026-04-11 05:06:00,AWS,sa-east-1,101.85304782848988,856.67,0
2026-04-11 05:07:00,AWS,eu-west-1,15.27,605.89,0
2026-04-11 05:08:00,Azure,sa-east-1,89.27263012164832,635.61,0
2026-04-11 05:09:00,Azure,sa-east-1,91.05162945525662,709.1,0
2026-04-11 05:10:00,AWS,eu-west-1,10.16,861.38,0
2026-04-11 05:11:00,AWS,ap-northeast-1,19.31,104.17,0
2026-04-11 05:12:00,AWS,sa-east-1,87.40793122348029,453.3,0
2026-04-11 05:13:00,GCP,us-east-1,5.2,966.69,0
2026-04-11 05:14:00,GCP,ap-northeast-1,13.64,188.8,0
2026-04-11 05:15:00,AWS,ap-northeast-1,22.92,310.1,0
2026-04-11 05:16:00,Azure,eu-west-1,12.94,613.84,0
2026-04-11 05:17:00,AWS,us-east-1,12.98,872.09,0
2026-04-11 05:18:00,Azure,us-east-1,7.22,187.48,0
2026-04-11 05:19:00,Azure,ap-northeast-1,4.17,103.63,0
2026-04-11 05:20:00,Azure,sa-east-1,89.7154347329324,718.32,0
2026-04-11 05:21:00,AWS,sa-east-1,93.31878614350398,637.57,0
2026-04-11 05:22:00,AWS,us-east-1,5.55,343.95,0
2026-04-11 05:23:00,Azure,ap-northeast-1,7.96,961.85,0
2026-04-11 05:24:00,GCP,ap-northeast-1,5.57,603.23,0
2026-04-11 05:25:00,GCP,ap-northeast-1,7.75,697.07,0
2026-04-11 05:26:00,GCP,eu-west-1,21.54,440.9,0
2026-04-11 05:27:00,Azure,us-east-1,9.0,929.43,0
2026-04-11 05:28:00,AWS,us-east-1,19.24,348.47,0
2026-04-11 05:29:00,Azure,sa-east-1,88.82747761136393,773.91,0
2026-04-11 05:30:00,GCP,sa-east-1,97.09511108810952,205.0,0
2026-04-11 05:31:00,AWS,us-east-1,14.51,584.01,0
2026-04-11 05:32:00,Azure,us-east-1,9.68,620.01,0
2026-04-11 05:33:00,Azure,sa-east-1,107.04722211798708,269.52,0
2026-04-11 05:34:00,GCP,us-east-1,5.93,391.4,0
2026-04-11 05:35:00,Azure,sa-east-1,95.50509606185392,260.83,0
2026-04-11 05:36:00,AWS,us-east-1,24.79,860.52,0
2026-04-11 05:37:00,GCP,eu-west-1,14.58,691.47,0
2026-04-11 05:38:00,GCP,eu-west-1,4.29,501.79,0
2026-04-11 05:39:00,AWS,ap-northeast-1,11.18,600.38,0
2026-04-11 05:40:00,GCP,us-east-1,13.25,409.64,0
2026-04-11 05:41:00,Azure,sa-east-1,83.47607548400325,485.87,0
2026-04-11 05:42:00,Azure,us-east-1,10.1,657.43,0
2026-04-11 05:43:00,GCP,us-east-1,11.47,290.33,0
2026-04-11 05:44:00,AWS,ap-northeast-1,20.42,220.69,0
2026-04-11 05:45:00,Azure,sa-east-1,77.54129712571637,950.01,0
2026-04-11 05:46:00,AWS,us-east-1,8.46,313.17,0
2026-04-11 05:47:00,Azure,sa-east-1,91.26136038410155,545.7,0
2026-04-11 05:48:00,Azure,us-east-1,18.68,785.37,0
2026-04-11 05:49:00,GCP,ap-northeast-1,4.14,600.48,0
2026-04-11 05:50:00,GCP,sa-east-1,65.45277987444896,671.39,0
2026-04-11 05:51:00,AWS,us-east-1,7.36,247.09,0
2026-04-11 05:52:00,GCP,eu-west-1,14.88,455.44,0
2026-04-11 05:53:00,Azure,sa-east-1,119.17902857222026,721.21,0
2026-04-11 05:54:00,Azure,ap-northeast-1,16.6,288.81,0
2026-04-11 05:55:00,AWS,eu-west-1,17.44,535.2,0
2026-04-11 05:56:00,AWS,sa-east-1,82.15212407454479,630.32,0
2026-04-11 05:57:00,Azure,sa-east-1,98.44300412904136,810.4,0
2026-04-11 05:58:00,GCP,sa-east-1,74.28921430995717,294.71,0
2026-04-11 05:59:00,GCP,sa-east-1,93.08056553085234,980.28,0
2026-04-11 06:00:00,AWS,us-east-1,5.63,970.68,0
2026-04-11 06:01:00,AWS,us-east-1,19.02,111.06,0
2026-04-11 06:02:00,Azure,sa-east-1,74.94538795191826,431.18,0
2026-04-11 06:03:00,Azure,ap-northeast-1,14.33,161.06,0
2026-04-11 06:04:00,AWS,us-east-1,13.51,385.52,0
2026-04-11 06:05:00,Azure,sa-east-1,116.4863273771678,646.36,0
2026-04-11 06:06:00,AWS,sa-east-1,107.45694425449612,647.86,0
2026-04-11 06:07:00,AWS,ap-northeast-1,4.42,187.0,0
2026-04-11 06:08:00,GCP,ap-northeast-1,13.09,709.41,0
2026-04-11 06:09:00,AWS,ap-northeast-1,14.39,861.7,0
2026-04-11 06:10:00,Azure,eu-west-1,20.84,668.05,0
2026-04-11 06:11:00,GCP,sa-east-1,90.60085444990109,378.97,0
2026-04-11 06:12:00,GCP,ap-northeast-1,17.32,102.25,0
2026-04-11 06:13:00,Azure,sa-east-1,72.12685058893359,683.57,0
2026-04-11 06:14:00,Azure,us-east-1,8.45,709.98,0
2026-04-11 06:15:00,Azure,sa-east-1,87.60042306627656,737.87,0
2026-04-11 06:16:00,AWS,sa-east-1,56.686481408364344,135.33,0
2026-04-11 06:17:00,GCP,eu-west-1,16.15,564.8,0
2026-04-11 06:18:00,AWS,us-east-1,13.62,472.09,0
2026-04-11 06:19:00,AWS,us-east-1,6.56,790.61,0
2026-04-11 06:20:00,AWS,eu-west-1,9.99,750.42,0
2026-04-11 06:21:00,AWS,ap-northeast-1,20.96,955.59,0
2026-04-11 06:22:00,GCP,ap-northeast-1,13.46,907.76,0
2026-04-11 06:23:00,GCP,sa-east-1,84.56059440072066,602.21,0
2026-04-11 06:24:00,AWS,eu-west-1,8.3,982.43,0
2026-04-11 06:25:00,Azure,ap-northeast-1,20.12,235.19,0
2026-04-11 06:26:00,GCP,us-east-1,9.53,106.44,0
2026-04-11 06:27:00,AWS,eu-west-1,13.6,197.05,0
2026-04-11 06:28:00,Azure,ap-northeast-1,9.91,419.6,0
2026-04-11 06:29:00,Azure,us-east-1,4.03,779.73,0
2026-04-11 06:30:00,AWS,eu-west-1,8.79,444.76,0
2026-04-11 06:31:00,GCP,sa-east-1,96.59085105317513,802.54,0
2026-04-11 06:32:00,Azure,sa-east-1,106.45313705511202,768.51,0
2026-04-11 06:33:00,GCP,us-east-1,8.28,814.91,0
2026-04-11 06:34:00,GCP,ap-northeast-1,14.39,268.55,0
2026-04-11 06:35:00,Azure,ap-northeast-1,39.03,564.43,0
2026-04-11 06:36:00,AWS,eu-west-1,22.21,741.42,0
2026-04-11 06:37:00,Azure,us-east-1,6.65,355.76,0
2026-04-11 06:38:00,Azure,ap-northeast-1,10.67,854.22,0
2026-04-11 06:39:00,GCP,sa-east-1,80.71037939419337,801.38,0
2026-04-11 06:40:00,AWS,us-east-1,23.02,207.89,0
2026-04-11 06:41:00,GCP,sa-east-1,85.6282439187975,296.1,0
2026-04-11 06:42:00,Azure,us-east-1,17.94,313.64,0
2026-04-11 06:43:00,AWS,eu-west-1,17.32,890.63,0
2026-04-11 06:44:00,AWS,ap-northeast-1,10.46,268.05,0
2026-04-11 06:45:00,AWS,ap-northeast-1,35.59,659.89,0
2026-04-11 06:46:00,AWS,ap-northeast-1,7.72,158.42,0
2026-04-11 06:47:00,AWS,sa-east-1,73.44948721918064,597.25,0
2026-04-11 06:48:00,Azure,ap-northeast-1,13.46,227.13,0
2026-04-11 06:49:00,Azure,us-east-1,14.7,617.95,0
2026-04-11 06:50:00,Azure,sa-east-1,73.0262483871548,431.02,0
2026-04-11 06:51:00,GCP,eu-west-1,6.23,645.11,0
2026-04-11 06:52:00,AWS,sa-east-1,102.52478743559845,455.0,0
2026-04-11 06:53:00,AWS,eu-west-1,32.61,868.87,0
2026-04-11 06:54:00,Azure,sa-east-1,107.43961589645164,781.28,0
2026-04-11 06:55:00,AWS,ap-northeast-1,8.75,860.23,0
2026-04-11 06:56:00,GCP,eu-west-1,8.17,299.85,0
2026-04-11 06:57:00,AWS,ap-northeast-1,15.78,233.93,0
2026-04-11 06:58:00,AWS,sa-east-1,88.5100745774246,601.6,0
2026-04-11 06:59:00,GCP,eu-west-1,11.34,885.55,0
2026-04-11 07:00:00,Azure,us-east-1,8.4,199.56,0
2026-04-11 07:01:00,Azure,us-east-1,34.36,310.5,0
2026-04-11 07:02:00,AWS,sa-east-1,105.99441527763054,771.4,0
2026-04-11 07:03:00,GCP,eu-west-1,12.51,518.82,0
2026-04-11 07:04:00,Azure,us-east-1,5.39,643.12,0
2026-04-11 07:05:00,Azure,ap-northeast-1,8.06,632.58,0
2026-04-11 07:06:00,Azure,ap-northeast-1,11.82,471.12,1
2026-04-11 07:07:00,AWS,sa-east-1,87.46722373201911,735.13,0
2026-04-11 07:08:00,GCP,ap-northeast-1,27.95,867.04,0
2026-04-11 07:09:00,AWS,ap-northeast-1,12.96,916.98,0
2026-04-11 07:10:00,Azure,ap-northeast-1,20.47,141.77,0
2026-04-11 07:11:00,GCP,us-east-1,13.33,598.25,0
2026-04-11 07:12:00,AWS,eu-west-1,18.74,136.33,0
2026-04-11 07:13:00,Azure,sa-east-1,55.61737770315571,910.84,0
2026-04-11 07:14:00,Azure,eu-west-1,6.5,486.34,0
2026-04-11 07:15:00,AWS,eu-west-1,19.33,910.47,0
2026-04-11 07:16:00,Azure,eu-west-1,25.75,268.92,0
2026-04-11 07:17:00,Azure,us-east-1,5.19,246.13,0
2026-04-11 07:18:00,GCP,ap-northeast-1,12.26,917.49,0
2026-04-11 07:19:00,Azure,sa-east-1,63.17385818128358,944.54,0
2026-04-11 07:20:00,AWS,eu-west-1,8.74,790.11,0
2026-04-11 07:21:00,GCP,ap-northeast-1,4.71,299.82,0
2026-04-11 07:22:00,AWS,us-east-1,11.48,254.79,0
2026-04-11 07:23:00,Azure,eu-west-1,11.11,773.21,0
2026-04-11 07:24:00,GCP,ap-northeast-1,11.04,671.3,0
2026-04-11 07:25:00,GCP,us-east-1,10.52,884.87,0
2026-04-11 07:26:00,GCP,ap-northeast-1,16.73,349.13,0
2026-04-11 07:27:00,GCP,sa-east-1,101.68844956441976,365.82,0
2026-04-11 07:28:00,AWS,ap-northeast-1,6.66,758.48,0
2026-04-11 07:29:00,Azure,ap-northeast-1,8.0,341.08,0
2026-04-11 07:30:00,Azure,sa-east-1,106.11375365140519,516.14,0
2026-04-11 07:31:00,GCP,sa-east-1,71.92910632128452,568.13,0
2026-04-11 07:32:00,Azure,ap-northeast-1,10.4,702.27,0
2026-04-11 07:33:00,AWS,sa-east-1,58.02224551339497,409.95,0
2026-04-11 07:34:00,Azure,ap-northeast-1,9.7,872.5,0
2026-04-11 07:35:00,AWS,eu-west-1,9.75,462.1,0
2026-04-11 07:36:00,AWS,ap-northeast-1,13.59,137.24,0
2026-04-11 07:37:00,Azure,us-east-1,7.74,160.3,0
2026-04-11 07:38:00,AWS,sa-east-1,89.65511409063683,974.42,0
2026-04-11 07:39:00,AWS,eu-west-1,6.47,659.84,0
2026-04-11 07:40:00,AWS,sa-east-1,79.83608170064748,541.84,0
2026-04-11 07:41:00,AWS,sa-east-1,85.61136641109266,882.71,0
2026-04-11 07:42:00,GCP,sa-east-1,77.84106169500234,745.2,0
2026-04-11 07:43:00,Azure,us-east-1,8.37,263.25,0
2026-04-11 07:44:00,GCP,us-east-1,18.45,106.56,0
2026-04-11 07:45:00,AWS,ap-northeast-1,10.15,983.92,0
2026-04-11 07:46:00,Azure,us-east-1,12.68,666.29,0
2026-04-11 07:47:00,AWS,sa-east-1,67.29136531130112,529.37,0
2026-04-11 07:48:00,Azure,eu-west-1,10.31,950.19,0
2026-04-11 07:49:00,GCP,eu-west-1,4.7,432.29,0
2026-04-11 07:50:00,Azure,eu-west-1,8.86,750.3,0
2026-04-11 07:51:00,AWS,sa-east-1,106.6223992645744,703.1,0
2026-04-11 07:52:00,Azure,us-east-1,28.91,709.32,0
2026-04-11 07:53:00,Azure,eu-west-1,11.9,709.42,0
2026-04-11 07:54:00,GCP,sa-east-1,96.53479173419451,109.38,0
2026-04-11 07:55:00,AWS,sa-east-1,67.47442412017416,841.87,0
2026-04-11 07:56:00,Azure,eu-west-1,13.58,930.66,0
2026-04-11 07:57:00,GCP,eu-west-1,6.56,504.41,0
2026-04-11 07:58:00,Azure,ap-northeast-1,8.64,604.44,0
2026-04-11 07:59:00,AWS,ap-northeast-1,16.97,392.24,0
2026-04-11 08:00:00,Azure,sa-east-1,88.71055101172526,806.56,0
2026-04-11 08:01:00,Azure,ap-northeast-1,11.58,762.94,0
2026-04-11 08:02:00,Azure,ap-northeast-1,12.06,764.65,0
2026-04-11 08:03:00,Azure,eu-west-1,17.19,761.43,0
2026-04-11 08:04:00,AWS,ap-northeast-1,8.84,296.69,0
2026-04-11 08:05:00,GCP,sa-east-1,75.72917743222158,201.27,0
2026-04-11 08:06:00,GCP,eu-west-1,4.15,379.68,0
2026-04-11 08:07:00,Azure,ap-northeast-1,5.44,617.84,0
2026-04-11 08:08:00,AWS,ap-northeast-1,10.76,459.57,0
2026-04-11 08:09:00,AWS,ap-northeast-1,7.01,324.32,0
2026-04-11 08:10:00,AWS,us-east-1,19.92,120.06,0
2026-04-11 08:11:00,AWS,ap-northeast-1,7.14,209.02,0
2026-04-11 08:12:00,AWS,ap-northeast-1,11.43,194.8,0
2026-04-11 08:13:00,AWS,sa-east-1,106.25422596027853,960.98,0
2026-04-11 08:14:00,Azure,ap-northeast-1,15.59,800.94,0
2026-04-11 08:15:00,GCP,us-east-1,9.28,210.48,0
2026-04-11 08:16:00,GCP,eu-west-1,10.02,520.49,0
2026-04-11 08:17:00,Azure,ap-northeast-1,15.45,689.04,0
2026-04-11 08:18:00,GCP,ap-northeast-1,18.24,964.93,0
2026-04-11 08:19:00,AWS,sa-east-1,116.45994403699481,342.07,0
2026-04-11 08:20:00,AWS,ap-northeast-1,18.22,337.64,0
2026-04-11 08:21:00,GCP,ap-northeast-1,17.16,611.43,0
2026-04-11 08:22:00,AWS,ap-northeast-1,14.46,871.64,0
2026-04-11 08:23:00,AWS,ap-northeast-1,12.94,351.66,0
2026-04-11 08:24:00,GCP,eu-west-1,10.12,213.24,0
2026-04-11 08:25:00,Azure,sa-east-1,91.01032389007665,339.52,0
2026-04-11 08:26:00,GCP,eu-west-1,10.82,504.16,0
2026-04-11 08:27:00,GCP,us-east-1,17.26,423.96,0
2026-04-11 08:28:00,GCP,ap-northeast-1,17.48,875.09,0
2026-04-11 08:29:00,GCP,us-east-1,15.41,948.65,0
2026-04-11 08:30:00,Azure,eu-west-1,8.93,440.6,0
2026-04-11 08:31:00,Azure,us-east-1,11.66,841.08,0
2026-04-11 08:32:00,AWS,ap-northeast-1,20.95,161.75,0
2026-04-11 08:33:00,AWS,us-east-1,5.19,598.33,0
2026-04-11 08:34:00,GCP,eu-west-1,13.4,848.53,0
2026-04-11 08:35:00,AWS,ap-northeast-1,17.79,476.76,0
2026-04-11 08:36:00,Azure,sa-east-1,85.6147294847584,229.09,0
2026-04-11 08:37:00,AWS,eu-west-1,34.28,355.68,0
2026-04-11 08:38:00,AWS,ap-northeast-1,5.44,542.72,0
2026-04-11 08:39:00,AWS,sa-east-1,72.59980261073176,859.15,0
2026-04-11 08:40:00,GCP,us-east-1,13.35,773.74,0
2026-04-11 08:41:00,AWS,us-east-1,19.41,175.22,0
2026-04-11 08:42:00,Azure,us-east-1,12.54,591.54,0
2026-04-11 08:43:00,Azure,ap-northeast-1,23.55,885.12,0
2026-04-11 08:44:00,Azure,us-east-1,9.13,619.4,0
2026-04-11 08:45:00,Azure,us-east-1,10.63,158.44,0
2026-04-11 08:46:00,AWS,sa-east-1,69.4820028509447,840.81,0
2026-04-11 08:47:00,GCP,sa-east-1,88.24626967861852,916.09,0
2026-04-11 08:48:00,Azure,sa-east-1,94.90635070473024,450.27,0
2026-04-11 08:49:00,Azure,ap-northeast-1,17.24,379.12,0
2026-04-11 08:50:00,GCP,eu-west-1,9.89,589.02,0
2026-04-11 08:51:00,GCP,us-east-1,14.15,985.68,0
2026-04-11 08:52:00,Azure,us-east-1,9.59,853.72,0
2026-04-11 08:53:00,Azure,ap-northeast-1,7.8,829.95,0
2026-04-11 08:54:00,GCP,us-east-1,10.02,273.83,0
2026-04-11 08:55:00,Azure,ap-northeast-1,11.14,905.65,0
2026-04-11 08:56:00,Azure,ap-northeast-1,12.88,600.35,0
2026-04-11 08:57:00,AWS,ap-northeast-1,11.54,925.19,0
2026-04-11 08:58:00,GCP,eu-west-1,5.07,686.54,0
2026-04-11 08:59:00,AWS,ap-northeast-1,19.99,850.75,0
2026-04-11 09:00:00,AWS,eu-west-1,5.2,248.97,0
2026-04-11 09:01:00,GCP,eu-west-1,13.39,735.87,0
2026-04-11 09:02:00,AWS,us-east-1,8.41,331.53,0
2026-04-11 09:03:00,Azure,sa-east-1,73.76124221491776,252.01,0
2026-04-11 09:04:00,AWS,eu-west-1,10.89,616.58,0
2026-04-11 09:05:00,GCP,eu-west-1,14.5,642.47,0
2026-04-11 09:06:00,Azure,sa-east-1,92.40256255847244,541.56,0
2026-04-11 09:07:00,Azure,eu-west-1,20.47,180.14,0
2026-04-11 09:08:00,Azure,sa-east-1,91.3115947763477,320.27,0
2026-04-11 09:09:00,Azure,us-east-1,12.44,311.91,0
2026-04-11 09:10:00,AWS,ap-northeast-1,19.52,382.33,0
2026-04-11 09:11:00,AWS,sa-east-1,72.48394297020192,665.26,0
2026-04-11 09:12:00,Azure,ap-northeast-1,28.23,494.19,0
2026-04-11 09:13:00,GCP,sa-east-1,96.20485938139889,971.55,0
2026-04-11 09:14:00,Azure,ap-northeast-1,9.63,114.26,0
2026-04-11 09:15:00,AWS,us-east-1,4.91,294.31,0
2026-04-11 09:16:00,Azure,eu-west-1,8.72,616.07,0
2026-04-11 09:17:00,AWS,us-east-1,10.66,891.41,0
2026-04-11 09:18:00,Azure,eu-west-1,10.63,130.52,0
2026-04-11 09:19:00,GCP,ap-northeast-1,28.26,895.25,0
2026-04-11 09:20:00,Azure,ap-northeast-1,16.32,556.55,0
2026-04-11 09:21:00,GCP,eu-west-1,19.48,806.94,0
2026-04-11 09:22:00,GCP,sa-east-1,74.47394869890644,953.79,0
2026-04-11 09:23:00,Azure,us-east-1,8.58,293.86,0
2026-04-11 09:24:00,GCP,sa-east-1,108.76198810225426,629.12,0
2026-04-11 09:25:00,GCP,ap-northeast-1,11.58,895.3,0
2026-04-11 09:26:00,AWS,us-east-1,16.81,859.97,0
2026-04-11 09:27:00,AWS,us-east-1,7.59,568.87,0
2026-04-11 09:28:00,GCP,sa-east-1,83.45095216726148,954.54,0
2026-04-11 09:29:00,Azure,eu-west-1,25.74,737.6,0
2026-04-11 09:30:00,GCP,eu-west-1,15.12,571.7,0
2026-04-11 09:31:00,Azure,us-east-1,10.9,152.11,0
2026-04-11 09:32:00,AWS,eu-west-1,11.09,538.58,0
2026-04-11 09:33:00,Azure,ap-northeast-1,7.26,479.71,0
2026-04-11 09:34:00,GCP,sa-east-1,99.76746126967161,374.73,0
2026-04-11 09:35:00,GCP,sa-east-1,86.0974874944161,948.6,0
2026-04-11 09:36:00,GCP,sa-east-1,72.80994076490387,933.13,0
2026-04-11 09:37:00,GCP,us-east-1,17.75,403.56,0
2026-04-11 09:38:00,GCP,us-east-1,3.09,492.19,0
2026-04-11 09:39:00,Azure,eu-west-1,13.29,776.64,0
2026-04-11 09:40:00,GCP,sa-east-1,68.73085232312069,851.55,0
2026-04-11 09:41:00,AWS,ap-northeast-1,4.04,199.07,0
2026-04-11 09:42:00,GCP,ap-northeast-1,7.26,541.72,0
2026-04-11 09:43:00,Azure,sa-east-1,68.51295671785122,923.05,0
2026-04-11 09:44:00,GCP,us-east-1,23.3,698.13,0
2026-04-11 09:45:00,GCP,us-east-1,12.63,588.67,0
2026-04-11 09:46:00,Azure,us-east-1,13.07,746.24,0
2026-04-11 09:47:00,GCP,ap-northeast-1,21.48,695.29,0
2026-04-11 09:48:00,Azure,sa-east-1,99.05628510497108,948.02,0
2026-04-11 09:49:00,GCP,ap-northeast-1,8.8,921.37,0
2026-04-11 09:50:00,AWS,sa-east-1,104.29366375412862,458.0,0
2026-04-11 09:51:00,GCP,ap-northeast-1,15.11,128.82,0
2026-04-11 09:52:00,Azure,ap-northeast-1,6.92,399.41,0
2026-04-11 09:53:00,AWS,eu-west-1,26.66,282.6,0
2026-04-11 09:54:00,Azure,ap-northeast-1,4.73,218.4,0
2026-04-11 09:55:00,GCP,sa-east-1,94.37448441716452,899.15,0
2026-04-11 09:56:00,AWS,ap-northeast-1,28.13,738.94,0
2026-04-11 09:57:00,Azure,eu-west-1,12.94,129.32,0
2026-04-11 09:58:00,AWS,eu-west-1,4.36,927.78,0
2026-04-11 09:59:00,AWS,sa-east-1,123.03641635764814,912.71,0
